-- phpMyAdmin SQL Dump
-- version 4.6.6deb5ubuntu0.5
-- https://www.phpmyadmin.net/
--
-- Servidor: localhost:3306
-- Tiempo de generación: 12-01-2021 a las 16:37:32
-- Versión del servidor: 5.7.32-0ubuntu0.18.04.1
-- Versión de PHP: 7.2.24-0ubuntu0.18.04.7

SET SQL_MODE = "NO_AUTO_VALUE_ON_ZERO";
SET time_zone = "+00:00";


/*!40101 SET @OLD_CHARACTER_SET_CLIENT=@@CHARACTER_SET_CLIENT */;
/*!40101 SET @OLD_CHARACTER_SET_RESULTS=@@CHARACTER_SET_RESULTS */;
/*!40101 SET @OLD_COLLATION_CONNECTION=@@COLLATION_CONNECTION */;
/*!40101 SET NAMES utf8mb4 */;

--
-- Base de datos: `asie_salud`
--

-- --------------------------------------------------------

--
-- Estructura de tabla para la tabla `antecedentes`
--

CREATE TABLE `antecedentes` (
  `id` int(11) NOT NULL,
  `antecedente` varchar(255) NOT NULL,
  `descripcion` varchar(255) NOT NULL
) ENGINE=InnoDB DEFAULT CHARSET=utf8;

--
-- Volcado de datos para la tabla `antecedentes`
--

INSERT INTO `antecedentes` (`id`, `antecedente`, `descripcion`) VALUES
(1, 'Patológicos', 'patologicos'),
(2, 'Quirúrgicos', 'quirurgicos'),
(3, 'Traumáticos', 'traumáticos'),
(4, 'Alergicos', 'alergicos');

-- --------------------------------------------------------

--
-- Estructura de tabla para la tabla `antecedentes_tipos`
--

CREATE TABLE `antecedentes_tipos` (
  `id` int(11) NOT NULL,
  `tipo` varchar(200) NOT NULL,
  `id_antecedentes` int(11) NOT NULL
) ENGINE=InnoDB DEFAULT CHARSET=utf8;

--
-- Volcado de datos para la tabla `antecedentes_tipos`
--

INSERT INTO `antecedentes_tipos` (`id`, `tipo`, `id_antecedentes`) VALUES
(1, 'Amigdalitis', 1),
(2, 'Gastritis', 1),
(3, 'Arrimias Cardiacas', 1),
(4, 'Asma', 1),
(5, 'Calculos en los Riñones', 1),
(6, 'Colon Irritable', 1),
(7, 'Conjuntivitis', 1),
(8, 'Convulsiones', 1),
(9, 'Craneosinostosis', 1),
(10, 'Dengue', 1),
(11, 'Chicungunya', 1),
(12, 'Cataratas', 2),
(13, 'CX MS', 2),
(14, 'CX Corazon', 2),
(15, 'Cx Craneo', 2),
(16, 'Hernia Umbelical', 2),
(17, 'Objeto Extraño', 2),
(18, 'Oido sin Especificar', 2),
(19, 'Amigdalectomia', 2),
(20, 'Reconstruccion de Timpano', 2),
(21, 'Cx Clavicula', 2),
(22, 'Traumatismo MMII', 3),
(23, 'Traumatismo MMSSS', 3),
(24, 'Traumatismo Cara', 3),
(25, 'Otro', 3),
(36, 'Polvo', 4),
(37, 'Abejas', 4),
(38, 'Perfumes', 4),
(39, 'Fresas', 4),
(40, 'Múltiples Causas ', 4),
(41, 'Embutidos ', 4),
(42, 'Diporina', 4),
(43, 'Penicilina', 4),
(44, 'Maní ', 4),
(45, 'Loratadina ', 4),
(46, 'Jabón', 4),
(47, 'Lácteos ', 4),
(48, 'No especificado ', 4),
(49, 'No aplica ', 4),
(50, 'No Aplica', 1),
(51, 'No aplica ', 2),
(52, 'No Aplica', 3);

-- --------------------------------------------------------

--
-- Estructura de tabla para la tabla `contactenos`
--

CREATE TABLE `contactenos` (
  `id` int(11) NOT NULL,
  `nombre` varchar(100) NOT NULL,
  `correo` varchar(50) NOT NULL,
  `institucion` int(11) DEFAULT NULL,
  `mensaje` text NOT NULL,
  `updated_at` timestamp NULL DEFAULT NULL,
  `created_at` timestamp NULL DEFAULT NULL
) ENGINE=InnoDB DEFAULT CHARSET=utf8;

--
-- Volcado de datos para la tabla `contactenos`
--

INSERT INTO `contactenos` (`id`, `nombre`, `correo`, `institucion`, `mensaje`, `updated_at`, `created_at`) VALUES
(3, 'sami arevalo', 'samiyahiram@ufps.edu.co', 1, 'Quiero participar en este proyecto', '2020-10-15 01:58:50', '2020-10-15 01:58:50');

-- --------------------------------------------------------

--
-- Estructura de tabla para la tabla `directorios`
--

CREATE TABLE `directorios` (
  `id` int(11) NOT NULL,
  `nombre` varchar(255) NOT NULL,
  `descripcion` varchar(255) NOT NULL,
  `imagen` varchar(255) NOT NULL,
  `id_user` int(11) NOT NULL,
  `updated_at` timestamp NULL DEFAULT NULL,
  `created_at` timestamp NULL DEFAULT NULL
) ENGINE=InnoDB DEFAULT CHARSET=utf8;

--
-- Volcado de datos para la tabla `directorios`
--

INSERT INTO `directorios` (`id`, `nombre`, `descripcion`, `imagen`, `id_user`, `updated_at`, `created_at`) VALUES
(1, 'MINTIC', 'Institución Pública de Educación Superior, orientada al mejoramiento continuo y la calidad en los procesos de docencia, investigación y extensión', '1mintic.jpg', 0, '2020-11-10 15:54:49', '2020-03-19 04:02:41'),
(2, 'ALCALDIA DE SARDINATA', 'Institución Pública de Educación Superior, orientada al mejoramiento continuo y la calidad en los procesos de docencia, investigación y extensión', 'alcaldia.png', 0, '2020-11-10 15:48:46', '2020-03-19 04:03:48'),
(3, 'UFPS', 'Institución Pública de Educación Superior, orientada al mejoramiento continuo y la calidad en los procesos de docencia, investigación y extensión', 'logoufps.png', 54, '2020-03-19 04:04:45', '2020-03-19 04:04:45'),
(4, 'ICBF', 'Institución Pública de Educación Superior, orientada al mejoramiento continuo y la calidad en los procesos de docencia, investigación y extensión', 'icbfff.jpg', 0, '2020-11-10 15:54:28', '2020-03-19 04:04:51'),
(5, 'FUNDACIÓN', 'La Fundación Universitaria Sanitas en cumplimiento de lo previsto en la Ley 1581 de 2012 \"Por la cual se dictan disposiciones generales para la protección de datos person', 'fundacion.png', 0, '2020-11-10 15:54:15', '2020-11-10 15:54:15');

-- --------------------------------------------------------

--
-- Estructura de tabla para la tabla `dominios`
--

CREATE TABLE `dominios` (
  `id` int(11) NOT NULL,
  `nombre` varchar(255) NOT NULL,
  `descripcion` varchar(200) DEFAULT NULL,
  `estado` varchar(50) NOT NULL DEFAULT 'Activo'
) ENGINE=InnoDB DEFAULT CHARSET=utf8;

--
-- Volcado de datos para la tabla `dominios`
--

INSERT INTO `dominios` (`id`, `nombre`, `descripcion`, `estado`) VALUES
(1, 'Promoción de la salud', NULL, 'Activo'),
(2, 'Nutrición', NULL, 'Activo'),
(3, 'Eliminación e intercambio', NULL, 'Activo'),
(4, 'Actividad reposo\r\n\r\n', NULL, 'Activo'),
(5, 'Percepción Cognición', NULL, 'Activo'),
(6, 'Autopercepción', NULL, 'Activo'),
(7, 'Rol Relaciones', NULL, 'Activo'),
(8, 'Sexualidad Reproducción', NULL, 'Activo'),
(9, 'Afrontamiento y tolerancia al estrés\r\n\r\n', NULL, 'Activo'),
(10, 'Principios Vitales', NULL, 'Activo'),
(11, 'Seguridad y protección', NULL, 'Activo'),
(12, 'Confort', NULL, 'Activo'),
(13, 'Crecimiento y desarrollo', NULL, 'Activo'),
(14, 'Seguridad', 'Se pregunta acerca de la seguridad del estudiante', 'Activo');

-- --------------------------------------------------------

--
-- Estructura de tabla para la tabla `estudiantes`
--

CREATE TABLE `estudiantes` (
  `id` int(11) NOT NULL,
  `nombre` varchar(255) NOT NULL,
  `apellidos` varchar(255) NOT NULL,
  `email` varchar(255) DEFAULT NULL,
  `documento` varchar(255) NOT NULL,
  `celular` varchar(255) DEFAULT NULL,
  `fechaNacimiento` varchar(255) NOT NULL,
  `direccion` varchar(255) DEFAULT NULL,
  `genero` varchar(15) NOT NULL,
  `grupo_sanguineo` varchar(255) DEFAULT NULL,
  `peso` float DEFAULT NULL,
  `altura` float DEFAULT NULL,
  `estado_nutricional` varchar(250) DEFAULT NULL,
  `barrio` varchar(255) NOT NULL,
  `grado` int(11) NOT NULL,
  `jornada` varchar(255) NOT NULL,
  `imagen` varchar(255) DEFAULT NULL,
  `password` varchar(255) DEFAULT NULL,
  `area_residencia` varchar(50) DEFAULT NULL,
  `regimen_salud` varchar(50) DEFAULT NULL,
  `id_institucion` int(11) NOT NULL,
  `estrato` varchar(50) DEFAULT NULL,
  `activo` tinyint(1) DEFAULT '1'
) ENGINE=InnoDB DEFAULT CHARSET=utf8;

--
-- Volcado de datos para la tabla `estudiantes`
--

INSERT INTO `estudiantes` (`id`, `nombre`, `apellidos`, `email`, `documento`, `celular`, `fechaNacimiento`, `direccion`, `genero`, `grupo_sanguineo`, `peso`, `altura`, `estado_nutricional`, `barrio`, `grado`, `jornada`, `imagen`, `password`, `area_residencia`, `regimen_salud`, `id_institucion`, `estrato`, `activo`) VALUES
(1, 'Emily Alejandra', 'Arias', 'emily@hotmail.com', '54894651', '310245451', '2000-04-20', 'Cll 28a no 16-89', 'FEMENINO', 'O+', 2, 4, 'Sobrepeso grado II (Riesgo)', 'Centro de Sardinata', 4, 'MAÑANA', 'IMG-20190821-WA0086.jpg', '$2y$10$Z.AyBijH0uBJvhTDFaEx1uKbN.aal2jsbLVSG1gUlX6WD4S2Ctkje', 'URBANA', 'Contributivo', 1, '0', 1),
(2, 'Daniela', 'Arias', 'lauridani1@gmail.com', '545454444', '3102546561', '2010-04-01', 'Cll 28a no 16-89', 'FEMENINO', 'O+', 2, 4, 'Sobrepeso grado II (Riesgo)', 'Centro de Sardinata', 11, 'MAÑANA', 'WhatsApp-Image-2020-04-01-at-12-05-32-PM-780e8.jpeg', '$2y$10$otiz7UExqHqeMFvK9qQ08OIA71wnnczJ/tbvS4pHYKkF2iYBxKgLS', 'RURAL', 'Contributivo', 1, '0', 1),
(3, 'Julian', 'Machado', 'juli@hotmail.com', '6548946522', '3104515478', '2002-04-03', 'Cll 28a no 16-89', 'MASCULINO', 'O-', 2, 4, 'Peso normal', 'Centro de Sardinata', 5, 'MAÑANA', 'holiiiii-0cd33.jpeg', '$2y$10$bTKOpyqXvy6IIeayfQtX/eYy/NNFaelun1LzWpqooFuCXQj.pTC/.', 'URBANA', 'No sabe', 1, '0', 1),
(4, 'Juan', 'Sardinata', 'estudiante@gmail.com', '1234567890', '3210456789', '2000-04-01', 'Cll 28a no 16-89', 'MASCULINO ', 'O-', 2, 4, 'Sobrepeso grado I (Riesgo)', 'Centro de Sardinata', 1, 'TARDE', 'mujer-joven-estudiando-y-escribiendo-libros-cuadernos.jpg', 'G4QC4gGMUUegrVv', 'URBANA', 'Contributivo', 1, '0', 1),
(5, 'Danna ', 'Zalamanca', 'dannaz@gmail.com', '1054896636', '3156995154', '2008-05-15', 'Cll 2a no 16-54', 'FEMENINO', 'O+', 2, 4, 'Peso normal', 'Centro de Sardinata', 7, 'MAÑANA', '', '$2y$10$x7llm/32rua3SC14laqUsu9Wpm69AOL4g/LaCtRIaSfNFzC1hHBMm', 'RURAL', 'Contributivo', 2, '0', 1),
(6, 'Nancy', 'Gongora', 'nancyg@gmail.com', '1985264488', '3169874556', '2008-02-11', 'Cll 10B no 16-89', 'FEMENINO', 'O-', 2, 4, 'Peso normal', 'Las Mercedes', 7, 'MAÑANA', '', '$2y$10$3ZlGGFYDu1Bi8zdD7Z8xVOwmPEtLc9m.LQLUDlVV.mnOL2eT/c94.', 'URBANA', 'Subsidiado', 2, '0', 1),
(7, 'Paula', 'Godoy', 'paulag@gmail.com', '1659894854', '3216455465', '2007-12-13', 'Cll 28a no 16-89', 'FEMENINO', 'O+', 2, 4, 'Sobrepeso grado I (Riesgo)', 'Las Mercedes', 7, 'MAÑANA', '', '$2y$10$wKgkILLYedu5ckLoYgGxpunof5kGxWhP3.zC2Tcx9zUuMNPfzpYwe', 'URBANA', 'Subsidiado', 2, '0', 1),
(8, 'AYLIN', 'ABAD', NULL, '1091365998', NULL, '2013-06-22 00:00:00.0', NULL, 'FEMENINO', '', NULL, NULL, NULL, '', 1, 'MAÑANA', NULL, NULL, 'URBANA', 'Subsidiado', 1, NULL, 1),
(9, 'JOSE', 'ABAUNZA', NULL, '1004911198', NULL, '2001-08-05 00:00:00.0', NULL, 'MASCULINO', '', NULL, NULL, NULL, '', 11, 'TARDE', NULL, NULL, 'URBANA', 'No sabe', 1, NULL, 1),
(10, 'DAYANA', 'ABEIDORA', NULL, '1093908531', NULL, '2005-07-28 00:00:00.0', NULL, 'FEMENINO', '', NULL, NULL, NULL, '', 9, 'MAÑANA', NULL, NULL, 'URBANA', 'No sabe', 1, NULL, 1),
(11, 'YORMAN', 'ABELLA', NULL, '1093741781', NULL, '2005-09-23 00:00:00.0', NULL, 'MASCULINO', '', NULL, NULL, NULL, '', 8, 'MAÑANA', NULL, NULL, 'URBANA', 'No sabe', 1, NULL, 1),
(12, 'DARCY', 'ABELLA', NULL, '1094346775', NULL, '2006-03-12 00:00:00.0', NULL, 'FEMENINO', '', 2, 4, NULL, '', 4, 'MAÑANA', NULL, NULL, 'URBANA', 'No sabe', 1, NULL, 1),
(13, 'EMMANUEL', 'ABELLA', NULL, '1094347199', NULL, '2008-10-30 00:00:00.0', NULL, 'MASCULINO', '', 2, 4, 'Sobrepeso grado I (Riesgo)', '', 2, 'MAÑANA', NULL, NULL, 'URBANA', 'No sabe', 1, NULL, 1),
(14, 'JHONIER', 'ABELLO', NULL, '1004897938', NULL, '2003-01-17 00:00:00.0', NULL, 'MASCULINO', '', NULL, NULL, NULL, '', 11, 'ÚNICA', NULL, NULL, 'URBANA', 'No sabe', 1, NULL, 1),
(15, 'JUAN', 'ABELLO', NULL, '1004899234', NULL, '2002-09-20 00:00:00.0', NULL, 'MASCULINO', '', NULL, NULL, NULL, '', 9, 'TARDE', NULL, NULL, 'URBANA', 'No sabe', 1, NULL, 1),
(16, 'VALERY', 'ABELLO', NULL, '1092183482', NULL, '2012-02-11 00:00:00.0', NULL, 'FEMENINO', '', NULL, NULL, NULL, '', 2, 'MAÑANA', NULL, NULL, 'URBANA', 'Subsidiado', 1, NULL, 1),
(17, 'LUISA', 'ABELLO', NULL, '1028880800', NULL, '2005-07-05 00:00:00.0', NULL, 'FEMENINO', '', NULL, NULL, NULL, '', 8, 'MAÑANA', NULL, NULL, 'RURAL', 'Subsidiado', 1, NULL, 1),
(18, 'MARLON', 'ABELLO', NULL, '1001043548', NULL, '2001-07-29 00:00:00.0', NULL, 'MASCULINO', '', NULL, NULL, NULL, '', 11, 'ÚNICA', NULL, NULL, 'RURAL', 'Subsidiado', 1, NULL, 1),
(19, 'KAREN', 'ABENDAÑO', NULL, '1090982897', NULL, '2004-05-03 00:00:00.0', NULL, 'FEMENINO', '', NULL, NULL, NULL, '', 9, 'MAÑANA', NULL, NULL, 'RURAL', 'Subsidiado', 1, NULL, 1),
(20, 'JARRISON', 'ABERDORA', NULL, '1093907825', NULL, '2006-05-11 00:00:00.0', NULL, 'MASCULINO', '', NULL, NULL, NULL, '', 4, 'TARDE', NULL, NULL, 'URBANA', 'Subsidiado', 1, NULL, 1),
(21, 'JOSHUA', 'ABERDORA', NULL, '1093904178', NULL, '2004-01-02 00:00:00.0', NULL, 'MASCULINO', '', NULL, NULL, NULL, '', 7, 'TARDE', NULL, NULL, 'URBANA', 'Contributivo', 1, NULL, 1),
(22, 'ELKIN', 'ABITUBAYEYA', NULL, '1090397293', NULL, '2006-09-29 00:00:00.0', NULL, 'MASCULINO', '', NULL, NULL, NULL, '', 5, 'TARDE', NULL, NULL, 'URBANA', 'Contributivo', 1, NULL, 1),
(23, 'Jacinto', 'Silva', NULL, '1265498746', NULL, '2001-10-10', 'Av 4 Daniel Jordan', 'MASCULINO', '', NULL, NULL, NULL, 'San Martín de la Loba', 4, 'MAÑANA', NULL, NULL, 'URBANA', 'Contributivo', 1, NULL, 1),
(24, 'Andrea', 'Solarte Villadomo', 'andrea12@gmail.com', '1365287945', '3214567658', '2005-08-26', 'calle 3°A 4-15', 'FEMENINO', 'O+', NULL, NULL, NULL, 'Luis Vero', 9, 'MAÑANA', 'd297a3eced48990f8001c8624ec84145.jpg', NULL, 'RURAL', 'Subsidiado', 1, NULL, 1),
(25, 'JOSEADELVIS', 'ABRILABRIL', NULL, '1005000157', NULL, '2006-09-27 00:00:00.0', NULL, 'MASCULINO', '', NULL, NULL, NULL, '', 6, 'MAÑANA', NULL, NULL, 'URBANA', '', 2, NULL, 1),
(26, 'JUANDANIEL', 'ABRILABRIL', NULL, '1091971403', NULL, '2008-07-04 00:00:00.0', NULL, '', NULL, NULL, NULL, NULL, '', 9, 'TARDE', NULL, NULL, 'URBANA', NULL, 2, NULL, 1),
(27, 'MATEO', 'ABRILABRIL', NULL, '1091657069', NULL, '2012-08-13 00:00:00.0', NULL, '', NULL, NULL, NULL, NULL, '', 0, 'MAÑANA', NULL, NULL, 'URBANA', NULL, 2, NULL, 1),
(28, 'YUREIDYANDREINA', 'ABRILABRIL', NULL, '1092181407', NULL, '2008-05-17 00:00:00.0', NULL, '', NULL, NULL, NULL, NULL, '', 6, 'MAÑANA', NULL, NULL, 'URBANA', NULL, 2, NULL, 1),
(29, 'DORISADRIANA', 'ABRILALVAREZ', NULL, '1092085584', NULL, '2014-05-26 00:00:00.0', NULL, '', NULL, NULL, NULL, NULL, '', 0, 'MAÑANA', NULL, NULL, 'URBANA', NULL, 2, NULL, 1),
(30, 'EDISONELIUD', 'ABRILALVAREZ', NULL, '1091533718', NULL, '2004-10-10 00:00:00.0', NULL, '', NULL, NULL, NULL, NULL, '', 8, 'MAÑANA', NULL, NULL, 'URBANA', NULL, 2, NULL, 1),
(31, 'KALETHADRIAN', 'ABRILALVAREZ', NULL, '1092945655', NULL, '2005-12-09 00:00:00.0', NULL, '', NULL, NULL, NULL, NULL, '', 0, 'ÚNICA', NULL, NULL, 'URBANA', NULL, 2, NULL, 1),
(32, 'NAIR', 'ABRILAMAYA', NULL, '1092177187', NULL, '2005-02-18 00:00:00.0', NULL, '', NULL, NULL, NULL, NULL, '', 5, 'TARDE', NULL, NULL, 'URBANA', NULL, 2, NULL, 1),
(33, 'YERLYKATERINE', 'ABRILAMAYA', NULL, '1090989164', NULL, '2005-02-18 00:00:00.0', NULL, '', NULL, NULL, NULL, NULL, '', 8, 'MAÑANA', NULL, NULL, 'URBANA', NULL, 2, NULL, 1),
(34, 'YINIPAOLA', 'ABRILAMAYA', NULL, '1090986493', NULL, '2003-01-19 00:00:00.0', NULL, '', NULL, NULL, NULL, NULL, '', 1, 'MAÑANA', NULL, NULL, 'RURAL', NULL, 2, NULL, 1),
(35, 'YOJANNER', 'ABRILAMAYA', NULL, '1148453920', NULL, '2013-10-25 00:00:00.0', NULL, '', NULL, NULL, NULL, NULL, '', 11, 'ÚNICA', NULL, NULL, 'RURAL', NULL, 2, NULL, 1),
(36, 'YURYJOHANNA', 'ABRILAMAYA', NULL, '1097100379', NULL, '2007-07-30 00:00:00.0', NULL, '', NULL, NULL, NULL, NULL, '', 4, 'MAÑANA', NULL, NULL, 'RURAL', NULL, 2, NULL, 1),
(37, 'NICOLVALENTINA', 'ABRILANAYA', NULL, '1097111196', NULL, '2013-11-03 00:00:00.0', NULL, '', NULL, NULL, NULL, NULL, '', 0, 'TARDE', NULL, NULL, 'URBANA', NULL, 2, NULL, 1),
(38, 'DAYANAFERNANDA', 'ABRILARDILA', NULL, '1093504303', NULL, '2006-03-28 00:00:00.0', NULL, '', NULL, NULL, NULL, NULL, '', 2, 'TARDE', NULL, NULL, 'URBANA', NULL, 2, NULL, 1),
(39, 'JHOANSEBASTIAN', 'ABRILARDILA', NULL, '1093502879', NULL, '2014-05-05 00:00:00.0', NULL, '', NULL, NULL, NULL, NULL, '', 2, 'TARDE', NULL, NULL, 'URBANA', NULL, 2, NULL, 1),
(40, 'WILLIAMALFONSO', 'ABRILARDILA', NULL, '1092388661', NULL, '2008-03-02 00:00:00.0', NULL, '', NULL, NULL, NULL, NULL, '', 1, 'MAÑANA', NULL, NULL, 'URBANA', NULL, 2, NULL, 1),
(41, 'KENDRYDAYANA', 'ABRILBALLESTEROS', NULL, '1090917539', NULL, '2005-09-28 00:00:00.0', NULL, '', NULL, NULL, NULL, NULL, '', 7, 'TARDE', NULL, NULL, 'URBANA', NULL, 2, NULL, 1),
(42, 'NANCYPATRICIA', 'ABRILBALMACEDA', NULL, '1090987539', NULL, '2013-04-02 00:00:00.0', NULL, '', NULL, NULL, NULL, NULL, '', 11, 'MAÑANA', NULL, NULL, 'URBANA', NULL, 2, NULL, 1),
(43, 'DAVIESNILVER', 'ABRILBARBOSA', NULL, '1094054775', NULL, '2001-11-12 00:00:00.0', NULL, '', NULL, NULL, NULL, NULL, '', 10, 'MAÑANA', NULL, NULL, 'URBANA', NULL, 2, NULL, 1),
(44, 'YURIMARSOFIA', 'ABRILBAYONA', NULL, '1091672446', NULL, '2010-03-23 00:00:00.0', NULL, '', NULL, NULL, NULL, NULL, '', 8, 'MAÑANA', NULL, NULL, 'URBANA', NULL, 2, NULL, 1),
(45, 'ANYIDANIELA', 'ABRILBLANCO', NULL, '1092731188', NULL, '2012-08-01 00:00:00.0', NULL, '', NULL, NULL, NULL, NULL, '', 2, 'MAÑANA', NULL, NULL, 'URBANA', NULL, 2, NULL, 1),
(46, 'BREINERANDRES', 'ABRILBLANCO', NULL, '1092737497', NULL, '2008-07-29 00:00:00.0', NULL, '', NULL, NULL, NULL, NULL, '', 5, 'ÚNICA', NULL, NULL, 'URBANA', NULL, 2, NULL, 1),
(47, 'YILENEPATRICIA', 'ABRILBLANCO', NULL, '1090986400', NULL, '2006-01-19 00:00:00.0', NULL, '', NULL, NULL, NULL, NULL, '', 4, 'TARDE', NULL, NULL, 'URBANA', NULL, 2, NULL, 1),
(48, 'LEIDYTATIANA', 'ABRILBOTELLO', NULL, '1090986399', NULL, '2012-11-14 00:00:00.0', NULL, '', NULL, NULL, NULL, NULL, '', 1, 'MAÑANA', NULL, NULL, 'URBANA', NULL, 2, NULL, 1),
(49, 'DANIELFELIPE', 'ABRILBUITRAGO', NULL, '1090986703', NULL, '2007-07-12 00:00:00.0', NULL, '', NULL, NULL, NULL, NULL, '', 11, 'MAÑANA', NULL, NULL, 'RURAL', NULL, 2, NULL, 1),
(50, 'ANDERSONJAIR', 'ABRILCACERES', NULL, '1090984038', NULL, '2001-12-08 00:00:00.0', NULL, '', NULL, NULL, NULL, NULL, '', 7, 'ÚNICA', NULL, NULL, 'RURAL', NULL, 2, NULL, 1),
(51, 'JEILERARVEY', 'ABRILCACERES', NULL, '1092084757', NULL, '2004-04-18 00:00:00.0', NULL, '', NULL, NULL, NULL, NULL, '', 11, 'MAÑANA', NULL, NULL, 'RURAL', NULL, 2, NULL, 1),
(52, 'JOANSTEVEN', 'ABRILCAICEDO', NULL, '1091473224', NULL, '2002-01-10 00:00:00.0', NULL, '', NULL, NULL, NULL, NULL, '', 10, 'TARDE', NULL, NULL, 'URBANA', NULL, 2, NULL, 1),
(53, 'ANDRESCAMILO', 'ABRILCAMARGO', NULL, '1090988607', NULL, '2010-10-27 00:00:00.0', NULL, '', NULL, NULL, NULL, NULL, '', 8, 'TARDE', NULL, NULL, 'URBANA', NULL, 2, NULL, 1),
(54, 'DARLYSYURANY', 'ABRILCAMARGO', NULL, '1091472748', NULL, '2009-09-09 00:00:00.0', NULL, '', NULL, NULL, NULL, NULL, '', 2, 'TARDE', NULL, NULL, 'URBANA', NULL, 2, NULL, 1),
(55, 'ERIKAALEJANDRA', 'ABRILCAMARGO', NULL, '1127349093', NULL, '2009-12-28 00:00:00.0', NULL, '', NULL, NULL, NULL, NULL, '', 5, 'TARDE', NULL, NULL, 'URBANA', NULL, 2, NULL, 1),
(205, 'JOSE ADELVIS', 'ABRIL ABRIL', NULL, '1148440637', NULL, '2006-09-27 00:00:00.0', 'Calle # Sardinata ', 'Masculino', NULL, NULL, NULL, NULL, 'San Martín de la Loba', 6, 'Mañana', NULL, NULL, NULL, NULL, 3, NULL, 1),
(206, 'JUANDANIEL', 'ABRILABRIL', NULL, '1090417833', NULL, '2008-07-04 00:00:00.0', NULL, '', NULL, 2, 4, 'Sobrepeso grado I (Riesgo)', '', 9, 'TARDE', NULL, NULL, 'URBANA', NULL, 3, NULL, 1),
(207, 'MATEODANIEL', 'ABRILABRIL', NULL, '1148440357', NULL, '2012-08-13 00:00:00.0', NULL, '', NULL, 2, 4, 'Peso normal', '', 0, 'MAÑANA', NULL, NULL, 'URBANA', NULL, 3, NULL, 1),
(208, 'YUREIDYANDREINA', 'ABRILABRIL', NULL, '1090469516', NULL, '2008-05-17 00:00:00.0', NULL, '', NULL, NULL, NULL, NULL, '', 6, 'MAÑANA', NULL, NULL, 'URBANA', NULL, 3, NULL, 1),
(209, 'DORISADRIANAANDREINA', 'ABRILALVAREZ', NULL, '1005060906', NULL, '2014-05-26 00:00:00.0', NULL, '', NULL, NULL, NULL, NULL, '', 0, 'MAÑANA', NULL, NULL, 'URBANA', NULL, 3, NULL, 1),
(210, 'EDISONELIUD', 'ABRILALVAREZ', NULL, '1093854391', NULL, '2004-10-10 00:00:00.0', NULL, '', NULL, NULL, NULL, NULL, '', 8, 'MAÑANA', NULL, NULL, 'URBANA', NULL, 3, NULL, 1),
(211, 'KALETHADRIAN', 'ABRILALVAREZ', NULL, '1004809037', NULL, '2005-12-09 00:00:00.0', NULL, '', NULL, NULL, NULL, NULL, '', 0, 'ÚNICA', NULL, NULL, 'URBANA', NULL, 3, NULL, 1),
(212, 'NAIRADRIAN', 'ABRILAMAYA', NULL, '1092357482', NULL, '2005-02-18 00:00:00.0', NULL, '', NULL, NULL, NULL, NULL, '', 5, 'TARDE', NULL, NULL, 'URBANA', NULL, 3, NULL, 1),
(213, 'YERLYKATERINE', 'ABRILAMAYA', NULL, '1004948041', NULL, '2005-02-18 00:00:00.0', NULL, '', NULL, NULL, NULL, NULL, '', 8, 'MAÑANA', NULL, NULL, 'URBANA', NULL, 3, NULL, 1),
(214, 'YINIPAOLA', 'ABRILAMAYA', NULL, '1049394228', NULL, '2003-01-19 00:00:00.0', NULL, '', NULL, NULL, NULL, NULL, '', 1, 'MAÑANA', NULL, NULL, 'RURAL', NULL, 3, NULL, 1),
(215, 'YOJANNERPAOLA', 'ABRILAMAYA', NULL, '1030500590', NULL, '2013-10-25 00:00:00.0', NULL, '', NULL, NULL, NULL, NULL, '', 11, 'ÚNICA', NULL, NULL, 'RURAL', NULL, 3, NULL, 1),
(216, 'YURYJOHANNA', 'ABRILAMAYA', NULL, '1094275226', NULL, '2007-07-30 00:00:00.0', NULL, '', NULL, NULL, NULL, NULL, '', 4, 'MAÑANA', NULL, NULL, 'RURAL', NULL, 3, NULL, 1),
(217, 'NICOLVALENTINA', 'ABRILANAYA', NULL, '1091352126', NULL, '2013-11-03 00:00:00.0', NULL, '', NULL, NULL, NULL, NULL, '', 0, 'TARDE', NULL, NULL, 'URBANA', NULL, 3, NULL, 1),
(218, 'DAYANAFERNANDA', 'ABRILARDILA', NULL, '1092340771', NULL, '2006-03-28 00:00:00.0', NULL, '', NULL, NULL, NULL, NULL, '', 2, 'TARDE', NULL, NULL, 'URBANA', NULL, 3, NULL, 1),
(219, 'JHOANSEBASTIAN', 'ABRILARDILA', NULL, '1092184066', NULL, '2014-05-05 00:00:00.0', NULL, '', NULL, NULL, NULL, NULL, '', 2, 'TARDE', NULL, NULL, 'URBANA', NULL, 3, NULL, 1),
(220, 'WILLIAMALFONSO', 'ABRILARDILA', NULL, '1094348432', NULL, '2008-03-02 00:00:00.0', NULL, '', NULL, NULL, NULL, NULL, '', 1, 'MAÑANA', NULL, NULL, 'URBANA', NULL, 3, NULL, 1),
(221, 'KENDRYDAYANA', 'ABRILBALLESTEROS', NULL, '1091134758', NULL, '2005-09-28 00:00:00.0', NULL, '', NULL, NULL, NULL, NULL, '', 7, 'TARDE', NULL, NULL, 'URBANA', NULL, 3, NULL, 1),
(222, 'NANCYPATRICIA', 'ABRILBALMACEDA', NULL, '1094506043', NULL, '2013-04-02 00:00:00.0', NULL, '', NULL, NULL, NULL, NULL, '', 11, 'MAÑANA', NULL, NULL, 'URBANA', NULL, 3, NULL, 1),
(223, 'DAVIESNILVER', 'ABRILBARBOSA', NULL, '1193546601', NULL, '2001-11-12 00:00:00.0', NULL, '', NULL, NULL, NULL, NULL, '', 10, 'MAÑANA', NULL, NULL, 'URBANA', NULL, 3, NULL, 1),
(224, 'YURIMARSOFIA', 'ABRILBAYONA', NULL, '1091133845', NULL, '2010-03-23 00:00:00.0', NULL, '', NULL, NULL, NULL, NULL, '', 8, 'MAÑANA', NULL, NULL, 'URBANA', NULL, 3, NULL, 1),
(225, 'ANYIDANIELA', 'ABRILBLANCO', NULL, '1094506474', NULL, '2012-08-01 00:00:00.0', NULL, '', NULL, NULL, NULL, NULL, '', 2, 'MAÑANA', NULL, NULL, 'URBANA', NULL, 3, NULL, 1),
(226, 'BREINERANDRES', 'ABRILBLANCO', NULL, '1091132647', NULL, '2008-07-29 00:00:00.0', NULL, '', NULL, NULL, NULL, NULL, '', 5, 'ÚNICA', NULL, NULL, 'URBANA', NULL, 3, NULL, 1),
(227, 'YILENEPATRICIA', 'ABRILBLANCO', NULL, '1094051511', NULL, '2006-01-19 00:00:00.0', NULL, '', NULL, NULL, NULL, NULL, '', 4, 'TARDE', NULL, NULL, 'URBANA', NULL, 3, NULL, 1),
(228, 'LEIDYTATIANA', 'ABRILBOTELLO', NULL, '1232392554', NULL, '2012-11-14 00:00:00.0', NULL, '', NULL, NULL, NULL, NULL, '', 1, 'MAÑANA', NULL, NULL, 'URBANA', NULL, 3, NULL, 1),
(229, 'DANIELFELIPE', 'ABRILBUITRAGO', NULL, '1098077157', NULL, '2007-07-12 00:00:00.0', NULL, '', NULL, NULL, NULL, NULL, '', 11, 'MAÑANA', NULL, NULL, 'RURAL', NULL, 3, NULL, 1),
(230, 'ANDERSONJAIR', 'ABRILCACERES', NULL, '1127048415', NULL, '2001-12-08 00:00:00.0', NULL, '', NULL, NULL, NULL, NULL, '', 7, 'ÚNICA', NULL, NULL, 'RURAL', NULL, 3, NULL, 1),
(231, 'JEILERARVEY', 'ABRILCACERES', NULL, '1127355874', NULL, '2004-04-18 00:00:00.0', NULL, '', NULL, NULL, NULL, NULL, '', 11, 'MAÑANA', NULL, NULL, 'RURAL', NULL, 3, NULL, 1),
(232, 'JOANSTEVEN', 'ABRILCAICEDO', NULL, '1227246254', NULL, '2002-01-10 00:00:00.0', NULL, '', NULL, NULL, NULL, NULL, '', 10, 'TARDE', NULL, NULL, 'URBANA', NULL, 3, NULL, 1),
(233, 'Valeria', 'Ruiz', 'valeruiz@gmail.com', '1354651321', '3213216546', '1991-11-20', 'Av 4 Daniel Jordan', 'Femenino', 'O+', NULL, NULL, NULL, 'San Martín de la Loba', 1, 'Mañana', NULL, NULL, 'URBANA', 'Subsidiado', 1, NULL, 1);

-- --------------------------------------------------------

--
-- Estructura de tabla para la tabla `eventos`
--

CREATE TABLE `eventos` (
  `id` int(11) NOT NULL,
  `titulo` varchar(250) NOT NULL,
  `introduccion` text,
  `contenido` text,
  `fecha` varchar(50) DEFAULT NULL,
  `hora` varchar(50) DEFAULT NULL,
  `lugar` varchar(250) DEFAULT NULL,
  `orden` int(11) DEFAULT NULL,
  `ruta` varchar(250) DEFAULT NULL,
  `id_user` int(11) NOT NULL,
  `updated_at` timestamp NULL DEFAULT NULL,
  `created_at` timestamp NULL DEFAULT NULL
) ENGINE=InnoDB DEFAULT CHARSET=utf8;

--
-- Volcado de datos para la tabla `eventos`
--

INSERT INTO `eventos` (`id`, `titulo`, `introduccion`, `contenido`, `fecha`, `hora`, `lugar`, `orden`, `ruta`, `id_user`, `updated_at`, `created_at`) VALUES
(5, '1ra Feria Empresarial de productos y servicios de mujeres creadoras de iniciativas productivas', '1ra Feria Empresarial de productos y servicios de mujeres creadoras de iniciativas productivas', '1ra Feria Empresarial de productos y servicios de mujeres creadoras de iniciativas productivas danu', NULL, NULL, NULL, NULL, '20170113_154724.jpg', 0, '2020-03-20 08:10:07', '2020-03-15 17:17:09'),
(6, 'Secretaría de Educación gestionó dispositivos para la prevención del coronavirus en colegios oficiales', 'En compañía de la Organización Panamericana de la Salud, el Instituto Departamental de Salud y la Oficina de Gestión del Riesgo Departamental se realizó el pasado 9 de marzo una visita a las ocho instituciones educativas oficiales de Villa del Rosario', 'Se determino la instalación de puntos de lavado de manos para cada una de ellas, con el objetivo de atender las medidas del Gobierno en cuanto al coronavirus.\r\n\r\nAdicionalmente, en una reciente reunión con Unicef y Project Hope también se gestionó la instalación de dispositivos para el lavado de manos en todos los colegios oficiales del Área Metropolitana de Cúcuta, así como el inicio de una campaña de prevención y autocuidado.\r\n\r\n“Esperamos que en los próximos días se comiencen a instalar estos dispositivos, con punto de agua y jabón, en cada establecimiento; mientras tanto, exhortamos a las comunidades educativas a seguir las recomendaciones descritas a través de la Circular No.41 en la que remitimos los cuidados que se deben tener según lo estipulado por el Ministerio de Educación y de Salud y Protección Social”, expresó la secretaria de Educación, Laura Cristina Cáceres Niño.\r\n\r\nLas siguientes son las recomendaciones de la circular conjunta remitida por el Gobierno Nacional:\r\n\r\nLavarse constantemente las manos con agua y jabón líquido.\r\nTaparse la boca y la nariz en el momento de toser o estornudar.\r\nTomar las medidas de protección necesarias ante cambios bruscos de temperatura.\r\nAbstenerse de asistir a la Institución Educativa si presenta gripa.\r\nMantener al día el esquema de vacunación de los niños y jóvenes.\r\nConservar limpias las superficies, juguetes y útiles escolares.\r\nFinalmente, desde la Secretaría de Educación Departamental se hace un llamado a la comunidad en general a mantener la calma y seguir las recomendaciones divulgadas a través de los canales oficiales.', NULL, NULL, NULL, NULL, 'circular prohibicion contratos.jpg', 0, '2020-03-16 23:39:14', '2020-03-16 23:39:14'),
(7, 'Niños y jóvenes infractores de la ley recibieron útiles escolares', 'Cuadernos, cartucheras, colores, lápices y morrales fueron entregados a cerca de 140 menores ', 'Cuadernos, cartucheras, colores, lápices y morrales fueron entregados a cerca de 140 menores vinculados al sistema de responsabilidad penal para adolescentes, para que puedan continuar sus estudios como todos los demás estudiantes del departamento.', NULL, NULL, NULL, NULL, 'KITS MENORES INFRACTORES.jpg', 0, '2020-03-16 23:40:33', '2020-03-16 23:40:33'),
(8, 'INS Colombia realizó su Rendición de Cuentas vigencia 2019', 'INS Colombia realizó su Rendición de Cuentas vigencia 2019', 'a directora del Instituto Nacional de Salud, Martha Lucía Ospina, entregó un balance de la entidad, que en el último año consolidó una efectiva respuesta contra el sarampión. Esfuerzo reconocido por la Organización Mundial de la Salud al mantener el estatus sanitario libre de sarampión para el país.\r\nLas cifras son evidentes, mientras países de la región como Brasil y Venezuela perdieron su estatus sanitario frente al sarampión. Colombia mitigó los efectos y terminó con cientos de casos, mientras sus países vecinos presentaron miles.\r\n\r\nDurante la audiencia de rendición de cuentas del Instituto, la directora destacó los esfuerzos realizados para fortalecer la investigación, con la reclasificación  de sus grupos de investigación por Colciencias en las categorías A1, A, B y C , contando con un total de 14 grupos reconocidos y con la elaboración de 206 documentos para la generación de conocimiento que comprenden artículos en las más prestigiosas revistas científicas, documentos técnicos, policy brief, entre otros.\r\n\r\nLa producción además de informes técnicos sobre malnutrición en Colombia, carga de enfermedad ambiental y la encuesta sobre el comportamiento de los colombianos frente a la decisión de compra de alimentos, generando insumos técnicos para políticas públicas y toma de decisiones.\r\n\r\nEl INS también enfocó sus esfuerzos en mejorar la capacidad de diagnóstico por laboratorio y desarrollar los sistemas de información para el análisis de datos para la toma de decisiones. \r\n\r\nLa Dirección resaltó además la respuesta del INS a ley de 1980 de 2019 por la cual se crea el Programa de Tamizaje Neonatal en Colombia , en el cual el Instituto es responsable de la realización de las pruebas diagnóstico de laboratorio para la detección temprana de enfermedades raras, la notificación de casos y la evaluación de alto desempeño a los laboratorios que realicen dicha prueba, entre otros.', NULL, NULL, NULL, NULL, 'circular prohibicion contratos.jpg', 0, '2020-03-17 00:01:13', '2020-03-17 00:01:13'),
(9, 'IV encuentro con secretarios de salud del país', 'IV encuentro con secretarios de salud del país', 'Durante el IV encuentro de secretarios de salid Departamentales y Distritales. La directora del Instituto Nacional de Salud, Martha Lucía Ospina, hizo un llamado a los secretarios de salud sobre la importancia de fortalecer sus capacidades de respuesta en un momento de emergencia, en gestionar el riesgo y fortalecer la vigilancia epidemiológica.\r\n\r\n\"Cada departamento debe tener la capacidad de responder al Sistema nacional de Vigilancia como lo hace Colombia de forma internacional con el Centro nacional de Enlace\", comentó Ospina.\r\n\r\nInstó a los secretarios para que revisen en sus departamentos: la gestión del riesgo, los componentes de vigilancia, la capacidad para gestionar los recursos en una emergencia, la respuesta inmediata de los laboratorios, entre otros.\r\n\r\n\"La entidad territorial es la líder de la gestión de la vigilancia epidemiológica. Hoy Bogotá, Valle del Cauca, Cundinamarca, meta, Nariño y Caldas, seguido de Norte de Santander, Quindío, barranquilla y Arauca, son las entidades territoriales con mejor evaluación de capacidades básicas de vigilancia y respuesta\", afirmó Martha Lucía Ospina.\r\n\r\nFinalmente, ofreció a los departamentos y distritos el Programa de Epidemiología de Campo\r\n\r\n– FETP, para capacitar al personal de las secretarias y así poder responder de forma temprana a los diversos eventos de interés de salud pública.', NULL, NULL, NULL, NULL, 'KITS MENORES INFRACTORES.jpg', 0, '2020-03-17 00:01:51', '2020-03-17 00:01:51');

-- --------------------------------------------------------

--
-- Estructura de tabla para la tabla `ficha_saluds`
--

CREATE TABLE `ficha_saluds` (
  `id` int(11) NOT NULL,
  `detalle` varchar(200) DEFAULT NULL,
  `id_estudiante` int(11) NOT NULL,
  `id_antecedentes_tipo` int(11) NOT NULL,
  `estado` tinyint(1) NOT NULL,
  `updated_at` timestamp NOT NULL DEFAULT CURRENT_TIMESTAMP,
  `created_at` timestamp NOT NULL DEFAULT CURRENT_TIMESTAMP
) ENGINE=InnoDB DEFAULT CHARSET=utf8;

--
-- Volcado de datos para la tabla `ficha_saluds`
--

INSERT INTO `ficha_saluds` (`id`, `detalle`, `id_estudiante`, `id_antecedentes_tipo`, `estado`, `updated_at`, `created_at`) VALUES
(1, 'se encontró amigdalitis en el joven', 1, 1, 0, '2020-04-17 16:51:02', '2020-04-17 16:51:02'),
(2, 'estar pendiente', 1, 1, 0, '2020-05-10 18:48:50', '2020-05-10 18:48:50'),
(3, 'Presenta calculos hace un mes', 1, 5, 0, '2020-05-10 18:49:42', '2020-05-10 18:49:42'),
(4, 'Tiene asma desde el primer año de nacimiento', 1, 4, 0, '2020-05-10 18:50:10', '2020-05-10 18:50:10'),
(5, 'tine desde los 6 años', 3, 1, 1, '2020-05-21 03:43:15', '2020-05-21 03:43:15'),
(6, 'x', 205, 15, 1, '2020-10-28 19:49:13', '2020-10-28 19:49:13'),
(7, 'presento ', 206, 5, 1, '2020-10-28 20:45:02', '2020-10-28 20:45:02'),
(8, 'presento ', 206, 4, 1, '2020-10-28 20:46:20', '2020-10-28 20:46:20'),
(9, 'a', 206, 2, 0, '2020-10-28 20:46:43', '2020-10-28 20:46:43'),
(10, 'a', 11, 19, 0, '2020-11-10 02:47:27', '2020-11-10 02:47:27'),
(11, 'El estudiante se le ven los ojos muy rojos y dice que le molesta abrir y cerrar los ojos', 1, 7, 0, '2020-11-10 23:39:30', '2020-11-10 23:39:30'),
(12, 'El estudiante manifiesta alergia a la penicilina', 13, 43, 1, '2020-11-11 12:43:39', '2020-11-11 12:43:39'),
(13, 'Sufre', 13, 24, 1, '2020-11-11 12:43:56', '2020-11-11 12:43:56'),
(14, '.', 14, 44, 1, '2020-11-11 12:46:32', '2020-11-11 12:46:32'),
(15, '.', 14, 25, 1, '2020-11-11 12:46:44', '2020-11-11 12:46:44'),
(16, '.', 15, 41, 1, '2020-11-11 12:47:03', '2020-11-11 12:47:03'),
(17, '.', 15, 25, 1, '2020-11-11 12:47:12', '2020-11-11 12:47:12'),
(18, '.', 16, 40, 1, '2020-11-11 12:47:32', '2020-11-11 12:47:32'),
(19, '.', 16, 22, 1, '2020-11-11 12:47:42', '2020-11-11 12:47:42'),
(20, '.', 17, 3, 1, '2020-11-11 12:48:00', '2020-11-11 12:48:00'),
(21, '.', 18, 17, 1, '2020-11-11 12:48:17', '2020-11-11 12:48:17'),
(22, '.', 9, 50, 1, '2020-11-11 13:10:49', '2020-11-11 13:10:49'),
(23, '.', 10, 51, 0, '2020-11-11 13:11:33', '2020-11-11 13:11:33'),
(24, '.', 10, 52, 1, '2020-11-11 13:14:49', '2020-11-11 13:14:49'),
(25, '.', 10, 49, 0, '2020-11-11 13:15:00', '2020-11-11 13:15:00'),
(26, '.', 11, 49, 1, '2020-11-11 13:15:31', '2020-11-11 13:15:31'),
(27, '.', 4, 21, 1, '2020-11-19 20:13:42', '2020-11-19 20:13:42');

-- --------------------------------------------------------

--
-- Estructura de tabla para la tabla `formulario_ficha_salud`
--

CREATE TABLE `formulario_ficha_salud` (
  `id` int(11) NOT NULL,
  `id_estudiante` int(11) NOT NULL,
  `observaciones` varchar(500) DEFAULT 'Ninguna',
  `created_at` timestamp NULL DEFAULT CURRENT_TIMESTAMP,
  `updated_at` timestamp NULL DEFAULT CURRENT_TIMESTAMP
) ENGINE=InnoDB DEFAULT CHARSET=utf8;

--
-- Volcado de datos para la tabla `formulario_ficha_salud`
--

INSERT INTO `formulario_ficha_salud` (`id`, `id_estudiante`, `observaciones`, `created_at`, `updated_at`) VALUES
(52, 4, 'Ninguna', '2020-09-12 04:39:10', '2020-09-12 04:39:10'),
(53, 4, 'Ninguna', '2020-09-12 04:41:41', '2020-09-12 04:41:41'),
(54, 2, 'Tiene una gripa que le ha durado varias semanas', '2020-09-16 01:45:26', '2020-09-16 01:45:26'),
(56, 2, 'Ninguna', '2020-09-16 01:56:58', '2020-09-16 01:56:58'),
(57, 2, 'Tiene gripa por varios dias se debe tomar medidas convenientes', '2020-09-16 01:59:46', '2020-09-16 01:59:46'),
(58, 2, 'Ninguna', '2020-09-16 02:02:04', '2020-09-16 02:02:04'),
(59, 2, 'Tiene fiebre', '2020-09-16 02:03:49', '2020-09-16 02:03:49'),
(60, 2, 'Ninguna', '2020-09-16 02:04:37', '2020-09-16 02:04:37'),
(61, 2, 'Ninguna', '2020-09-16 02:06:34', '2020-09-16 02:06:34'),
(62, 2, 'Ninguna', '2020-09-16 02:08:02', '2020-09-16 02:08:02'),
(63, 2, 'Fiebre alta, escalofrío, cefalea intensa, mialgias, inapetencia, astenia, adinamia, de 3 días de evolución. Epistaxis, dolor abdominal, vómito, sed intensa', '2020-09-16 02:44:00', '2020-09-16 02:44:00'),
(64, 4, 'Ninguna', '2020-09-16 13:18:54', '2020-09-16 13:18:54'),
(65, 3, 'Ninguna', '2020-09-16 13:23:29', '2020-09-16 13:23:29'),
(67, 3, 'Ninguna', '2020-09-18 22:52:06', '2020-09-18 22:52:06'),
(68, 12, 'Ninguna', '2020-10-11 16:04:30', '2020-10-11 16:04:30'),
(69, 13, 'Ninguna', '2020-10-28 20:29:02', '2020-10-28 20:29:02'),
(70, 206, 'Ninguna', '2020-10-28 20:44:13', '2020-10-28 20:44:13'),
(71, 207, 'Ninguna', '2020-10-28 20:51:05', '2020-10-28 20:51:05'),
(72, 13, 'Ninguna', '2020-11-09 02:46:11', '2020-11-09 02:46:11'),
(73, 1, 'Ninguna', '2020-11-11 12:53:58', '2020-11-11 12:53:58'),
(74, 1, 'Ninguna', '2020-11-11 13:09:42', '2020-11-11 13:09:42'),
(75, 1, 'Ninguna', '2020-11-11 13:45:52', '2020-11-11 13:45:52'),
(76, 1, 'Fiebre alta, escalofrío, cefalea intensa, mialgias, inapetencia, astenia, adinamia, de 3 días de evolución. Epistaxis, dolor abdominal, vómito, sed intensa', '2020-11-11 13:52:50', '2020-11-11 13:52:50'),
(77, 1, 'Ninguna', '2020-11-11 13:56:06', '2020-11-11 13:56:06'),
(78, 1, 'Ninguna', '2020-11-11 13:58:57', '2020-11-11 13:58:57'),
(79, 1, 'Ninguna', '2020-11-11 14:00:08', '2020-11-11 14:00:08'),
(80, 1, 'Ninguna', '2020-11-11 14:12:57', '2020-11-11 14:12:57'),
(81, 1, 'Ninguna', '2020-11-11 14:21:30', '2020-11-11 14:21:30'),
(82, 1, 'Ninguna', '2020-11-11 14:28:30', '2020-11-11 14:28:30'),
(83, 1, 'Ninguna', '2020-11-11 14:31:09', '2020-11-11 14:31:09'),
(84, 1, 'Ninguna', '2020-11-11 14:35:52', '2020-11-11 14:35:52'),
(85, 1, 'Fiebre alta, escalofrío, cefalea intensa, mialgias, inapetencia, astenia, adinamia, de 3 días de evolución. Epistaxis, dolor abdominal, vómito, sed intensa', '2020-11-11 14:40:50', '2020-11-11 14:40:50'),
(86, 1, 'dolor abdominal es ocasional desde hace unos dos meses', '2020-11-11 14:44:12', '2020-11-11 14:44:12'),
(87, 2, 'dolor abdominal difuso de carácter cólico, fiebre termometrada de hasta 39ºAx de tres días de evolución y un episodio de vómitos de carácter alimentario', '2020-11-11 14:48:27', '2020-11-11 14:48:27'),
(88, 3, 'Ninguna', '2020-11-11 15:00:53', '2020-11-11 15:00:53'),
(89, 4, 'Ninguna', '2020-11-11 15:02:02', '2020-11-11 15:02:02'),
(90, 5, 'Ninguna', '2020-11-11 15:11:29', '2020-11-11 15:11:29'),
(91, 5, 'Ninguna', '2020-11-11 15:23:09', '2020-11-11 15:23:09'),
(92, 6, 'Ninguna', '2020-11-11 15:48:13', '2020-11-11 15:48:13'),
(93, 7, 'dolor abdominal es ocasional desde hace unos dos meses', '2020-11-11 15:49:42', '2020-11-11 15:49:42'),
(94, 7, 'Ninguna', '2020-11-11 15:53:17', '2020-11-11 15:53:17'),
(96, 13, 'Ninguna', '2020-11-12 00:22:31', '2020-11-12 00:22:31');

-- --------------------------------------------------------

--
-- Estructura de tabla para la tabla `institucions`
--

CREATE TABLE `institucions` (
  `id` int(11) NOT NULL,
  `nombre_insti` varchar(250) NOT NULL,
  `direccion` varchar(250) NOT NULL,
  `telefono` int(11) NOT NULL,
  `mision` varchar(500) NOT NULL,
  `vision` varchar(500) NOT NULL
) ENGINE=InnoDB DEFAULT CHARSET=utf8;

--
-- Volcado de datos para la tabla `institucions`
--

INSERT INTO `institucions` (`id`, `nombre_insti`, `direccion`, `telefono`, `mision`, `vision`) VALUES
(1, 'Colegio Argelino Garzon', 'sardinata', 23123, '', ''),
(2, 'Colegio Nuestra Señora de las Mercedes', 'Calle 8 #4-70 Barrio San Francisco', 5665213, 'Trabajamos por la formación integral de niños, niñas y jóvenes con base en procesos, capacidades, valores y competencias para aprender a educarse, a ser, a obrar y emprender de manera autónoma, responsable, trascendente y participativa, dentro del marco de la defensa y promoción de los derechos humanos, la educación inclusiva, la conservación y protección del medio ambiente, la educación para la sexualidad  y construcción de ciudadanía, fundamentados en principios cristianos, valores éticos, mor', 'Posicionarnos  a 2015  como una de las mejores Instituciones Educativas oficiales  del departamento que sobresalga   en cobertura, calidad y accesibilidad; promoviendo el liderazgo, el desarrollo social, cultural y empresarial,  que motive   en nuestros  estudiantes  la capacidad  creativa y productiva,   para que  respondan  a  las necesidades personales y de la región.'),
(3, 'Alirio Vergel Pacheco ', 'Calle # Sardinata ', 8992611, '*******', '*********'),
(4, 'Colegio de prueba', 'Dirección de prueba', 3138885, 'Misión de prueba', 'Visión de prueba');

-- --------------------------------------------------------

--
-- Estructura de tabla para la tabla `lugar`
--

CREATE TABLE `lugar` (
  `id` int(11) NOT NULL,
  `nombre` varchar(250) NOT NULL,
  `tipo` varchar(255) NOT NULL,
  `area_residencia` varchar(50) NOT NULL
) ENGINE=InnoDB DEFAULT CHARSET=utf8;

--
-- Volcado de datos para la tabla `lugar`
--

INSERT INTO `lugar` (`id`, `nombre`, `tipo`, `area_residencia`) VALUES
(1, 'San Francisco ', 'Barrio', 'Urbana'),
(2, 'El Llano', 'Barrio', 'Urbana'),
(3, 'La Perla', 'Barrio', 'Urbana'),
(4, 'Centenario', 'Barrio', 'Urbana'),
(5, 'Tamarindo', 'Barrio', 'Urbana'),
(6, 'Guajira', 'Barrio', 'Urbana'),
(7, 'Betania', 'Barrio', 'Urbana'),
(8, 'Poblado', 'Barrio', 'Urbana'),
(9, 'Botello Gómez', 'Barrio', 'Urbana'),
(10, 'La Victoria', 'Barrio', 'Urbana'),
(11, 'Pueblo Nuevo', 'Barrio', 'Urbana'),
(12, 'San Rafael', 'Barrio', 'Urbana'),
(13, 'Centro', 'Barrio', 'Urbana'),
(14, 'La Pesa', 'Barrio', 'Urbana'),
(15, 'Chicaros', 'Barrio', 'Urbana'),
(16, 'San Martin\r\n', 'Barrio', 'Urbana'),
(17, 'El Baho', 'Barrio', 'Urbana'),
(18, 'Vista Hermosa', 'Barrio', 'Urbana'),
(19, 'Jordán', 'Corregimiento Las Mercedes', 'Rural'),
(20, 'El Tagua', 'Corregimiento Las Mercedes', 'Rural'),
(21, 'Santa Cruz', 'Corregimiento Las Mercedes', 'Rural'),
(22, 'La Pita', 'Corregimiento Las Mercedes', 'Rural'),
(23, 'San Alejo', 'Corregimiento Las Mercedes', 'Rural'),
(24, 'Bella Vista', 'Corregimiento Las Mercedes', 'Rural'),
(25, 'Paramillo', 'Corregimiento Las Mercedes', 'Rural'),
(26, 'El Reposo', 'Corregimiento Las Mercedes', 'Rural'),
(27, 'Filo Real', 'Corregimiento Las Mercedes', 'Rural'),
(28, 'San Ramón', 'Corregimiento Las Mercedes', 'Rural'),
(29, 'El Recreo', 'Corregimiento Las Mercedes', 'Rural'),
(30, 'El Rodeo', 'Corregimiento Las Mercedes', 'Rural'),
(31, 'Encontrados', 'Corregimiento Las Mercedes', 'Rural'),
(32, 'San Gil', 'Corregimiento Las Mercedes', 'Rural'),
(33, 'Cartagena', 'Corregimiento Las Mercedes', 'Rural'),
(34, 'El Riecito', 'Corregimiento Las Mercedes', 'Rural'),
(35, 'La Libertad', 'Corregimiento Las Mercedes', 'Rural'),
(36, 'Miraflores', 'Corregimiento Las Mercedes', 'Rural'),
(37, 'El Cairo', 'Corregimiento Las Mercedes', 'Rural'),
(38, 'El Danto', 'Corregimiento Las Mercedes', 'Rural'),
(39, 'La Pradera', 'Corregimiento Las Mercedes', 'Rural'),
(40, 'La Reforma', 'Corregimiento Las Mercedes', 'Rural'),
(41, 'San Vicente', 'Corregimiento Las Mercedes', 'Rural'),
(42, 'El Placer', 'Corregimiento Las Mercedes', 'Rural'),
(43, 'Jordancito', 'Corregimiento Las Mercedes', 'Rural'),
(44, 'Los Ángeles', 'Corregimiento Las Mercedes', 'Rural'),
(45, 'Los Curos', 'Corregimiento Las Mercedes', 'Rural'),
(46, 'El Diamante', 'Corregimiento Las Mercedes', 'Rural'),
(47, 'Paramito', 'Corregimiento Las Mercedes', 'Rural'),
(48, 'Pailas', 'Corregimiento Las Mercedes', 'Rural'),
(49, 'Andalucía', 'Corregimiento Las Mercedes', 'Rural'),
(50, 'Santa María', 'Corregimiento Las Mercedes', 'Rural'),
(51, 'San Francisco', 'Corregimiento Las Mercedes', 'Rural'),
(52, 'Buenos Aires', 'Corregimiento Las Mercedes', 'Rural'),
(53, 'La Chapolita', 'Corregimiento Las Mercedes', 'Rural'),
(54, 'La Mesa', 'Corregimiento Las Mercedes', 'Rural'),
(55, 'El Comienzo', 'Corregimiento Las Mercedes', 'Rural'),
(56, 'Balcones', 'Corregimiento Las Mercedes', 'Rural'),
(57, 'San Juan', 'Corregimiento Las Mercedes', 'Rural'),
(58, 'La Barca', 'Corregimiento Las Mercedes', 'Rural'),
(59, 'Filipinas', 'Corregimiento Las Mercedes', 'Rural'),
(60, 'La Garita', 'Corregimiento Las Mercedes', 'Rural'),
(61, 'La Ceiba', 'Corregimiento Las Mercedes', 'Rural'),
(62, 'San Benito', 'Corregimiento Las Mercedes', 'Rural'),
(63, 'Las Mercedes', 'Corregimiento Las Mercedes', 'Rural'),
(64, 'San Joaquín', 'Corregimiento San Martín de Loba', 'Rural'),
(65, 'Remolino', 'Corregimiento San Martín de Loba', 'Rural'),
(66, 'Corinto', 'Corregimiento San Martín de Loba', 'Rural'),
(67, 'Maporita Berlín', 'Corregimiento San Martín de Loba', 'Rural'),
(68, 'El Treinta', 'Corregimiento San Martín de Loba', 'Rural'),
(69, 'Santa Ana', 'Corregimiento San Martín de Loba', 'Rural'),
(70, 'El Ecuador', 'Corregimiento San Martín de Loba', 'Rural'),
(71, 'El Porvenir', 'Corregimiento San Martín de Loba', 'Rural'),
(72, 'La Paz', 'Corregimiento San Martín de Loba', 'Rural'),
(73, 'Campo Lajas', 'Corregimiento San Martín de Loba', 'Rural'),
(74, 'Miraflores de San\r\nMartin', 'Corregimiento San Martín de Loba', 'Rural'),
(75, 'La Llanita', 'Corregimiento San Martín de Loba', 'Rural'),
(76, 'San Martin de Loba', 'Corregimiento San Martín de Loba', 'Rural'),
(77, 'Caldasia', 'Corregimiento El Carmen', 'Rural'),
(78, 'Fátima', 'Corregimiento El Carmen', 'Rural'),
(79, 'La Esmeralda', 'Corregimiento El Carmen', 'Rural'),
(80, 'Guayacanes', 'Corregimiento El Carmen', 'Rural'),
(81, 'Higuerón', 'Corregimiento El Carmen', 'Rural'),
(82, 'Llano Grande', 'Corregimiento El Carmen', 'Rural'),
(83, 'San Luis Bajo', 'Corregimiento El Carmen', 'Rural'),
(84, 'San Sebastián', 'Corregimiento El Carmen', 'Rural'),
(85, 'Santa Teresa', 'Corregimiento El Carmen', 'Rural'),
(86, 'Santa Clara', 'Corregimiento El Carmen', 'Rural'),
(87, 'El Carmen', 'Corregimiento El Carmen', 'Rural'),
(88, 'San Isidro', 'Corregimiento La Victoria', 'Rural'),
(89, 'La Trinidad', 'Corregimiento La Victoria', 'Rural'),
(90, 'Gallinetas', 'Corregimiento La Victoria', 'Rural'),
(91, 'Cascajal', 'Corregimiento La Victoria', 'Rural'),
(92, 'La Cristalina', 'Corregimiento La Victoria', 'Rural'),
(93, 'Berlín', 'Corregimiento La Victoria', 'Rural'),
(94, 'San José', 'Corregimiento La Victoria', 'Rural'),
(95, 'Balsamina', 'Corregimiento La Victoria', 'Rural'),
(96, 'Guadalupe', 'Corregimiento La Victoria', 'Rural'),
(97, 'Naranjales', 'Corregimiento La Victoria', 'Rural'),
(98, 'La Primavera', 'Corregimiento La Victoria', 'Rural'),
(99, 'Cascarillales', 'Corregimiento La Victoria', 'Rural'),
(100, 'La Forzosa', 'Corregimiento La Victoria', 'Rural'),
(101, 'Santa Clara', 'Corregimiento La Victoria', 'Rural'),
(102, 'Santa Rosa', 'Corregimiento La Victoria', 'Rural'),
(103, 'San Luis parte alta', 'Corregimiento La Victoria', 'Rural'),
(104, 'La Victoria', 'Corregimiento La Victoria', 'Rural'),
(105, 'San Miguel', 'Centro Sardinata', 'Urbana'),
(106, 'La Ceiba', 'Centro Sardinata', 'Urbana'),
(107, 'La Popa', 'Centro Sardinata', 'Urbana'),
(108, 'El Líbano', 'Centro Sardinata', 'Urbana'),
(109, 'Abejales', 'Centro Sardinata', 'Urbana'),
(110, 'San Antonio', 'Centro Sardinata', 'Urbana'),
(111, 'El Vesubio', 'Centro Sardinata', 'Urbana'),
(112, 'El Paramo', 'Centro Sardinata', 'Urbana'),
(113, 'La Potrera', 'Centro Sardinata', 'Urbana'),
(114, 'Puente Piedra', 'Centro Sardinata', 'Urbana'),
(115, 'El Bojoso', 'Centro Sardinata', 'Urbana'),
(116, 'Bocono', 'Centro Sardinata', 'Urbana'),
(117, 'San Roque', 'Centro Sardinata', 'Urbana'),
(118, 'Rubí', 'Centro Sardinata', 'Urbana'),
(119, 'Las Mesas', 'Centro Sardinata', 'Urbana'),
(120, 'La Pailona', 'Centro Sardinata', 'Urbana'),
(121, 'El Cerro', 'Centro Sardinata', 'Urbana'),
(122, 'Junín', 'Centro Sardinata', 'Urbana'),
(123, 'Valderrama', 'Centro Sardinata', 'Urbana'),
(124, 'El Guamo San Miguel', 'Centro Sardinata', 'Urbana'),
(125, 'Campo Rico', 'Centro Sardinata', 'Urbana'),
(126, 'El Guayabo', 'Centro Sardinata', 'Urbana');

-- --------------------------------------------------------

--
-- Estructura de tabla para la tabla `mensajes`
--

CREATE TABLE `mensajes` (
  `id` int(11) NOT NULL,
  `id_user` int(11) NOT NULL,
  `leido` tinyint(1) NOT NULL,
  `created_at` timestamp NOT NULL DEFAULT CURRENT_TIMESTAMP,
  `updated_at` timestamp NOT NULL DEFAULT CURRENT_TIMESTAMP,
  `mensaje` text NOT NULL,
  `id_user_mensaje` int(11) NOT NULL
) ENGINE=InnoDB DEFAULT CHARSET=utf8;

--
-- Volcado de datos para la tabla `mensajes`
--

INSERT INTO `mensajes` (`id`, `id_user`, `leido`, `created_at`, `updated_at`, `mensaje`, `id_user_mensaje`) VALUES
(1, 54, 1, '2020-08-17 01:24:15', '2020-08-17 01:24:15', 'hola', 0),
(2, 54, 1, '2020-08-17 01:24:48', '2020-08-17 01:24:48', 'que mas', 0),
(3, 0, 1, '2020-08-17 01:24:48', '2020-08-19 14:00:51', 'bien y usted?', 54),
(4, 54, 1, '2020-08-18 12:53:54', '2020-08-18 12:53:54', 'le escribo para informar que quiero ver los informes', 0),
(5, 54, 1, '2020-08-18 12:58:26', '2020-08-18 12:58:26', 'le escribo para informar que quiero ver los informes', 0),
(6, 54, 1, '2020-08-18 12:58:26', '2020-08-18 12:58:26', 'hola', 0),
(7, 54, 1, '2020-08-18 12:58:27', '2020-08-18 12:58:27', 'le escribo para informar que quiero ver los informes', 0),
(8, 54, 1, '2020-08-18 12:58:27', '2020-08-18 12:58:27', 'gracias', 0),
(9, 54, 1, '2020-08-18 12:58:28', '2020-08-18 12:58:28', 'quedo atento para la atencion del estudiante que tiene calculos de octavo', 0),
(10, 54, 1, '2020-08-18 12:58:29', '2020-08-18 12:58:29', 'adios', 0),
(11, 54, 1, '2020-08-19 12:09:13', '2020-08-19 12:09:13', 'hola', 0),
(12, 54, 1, '2020-08-19 12:09:45', '2020-08-19 12:09:45', 'que mas', 0),
(13, 0, 1, '2020-08-19 01:24:48', '2020-08-19 14:00:51', 'le escribo para informar que quiero ver los informes', 54),
(14, 54, 1, '2020-08-19 12:12:10', '2020-08-19 12:12:10', 'pa que vea', 0),
(15, 54, 1, '2020-08-19 12:12:33', '2020-08-19 12:12:33', 'hola Evaluador como esta', 49),
(16, 48, 1, '2020-10-17 02:14:52', '2020-11-09 02:54:43', 'Hola', 54),
(17, 0, 0, '2020-11-09 01:27:56', '2020-11-09 01:27:56', 'Hola', 29),
(18, 0, 1, '2020-11-09 01:28:06', '2020-11-12 16:03:48', 'Hola', 28),
(19, 0, 0, '2020-11-09 01:28:18', '2020-11-09 01:28:18', 'Hola', 38),
(20, 0, 1, '2020-11-09 01:41:24', '2020-11-09 01:43:37', 'Hola Camilo', 49),
(21, 0, 0, '2020-11-09 01:42:21', '2020-11-09 01:42:21', 'hola', 50),
(22, 49, 1, '2020-11-09 02:54:20', '2020-11-09 02:54:47', 'Hola', 54),
(23, 49, 1, '2020-11-09 02:54:23', '2020-11-09 02:54:47', 'Buen dia le escribo para informar que quiero ver los informes', 54),
(24, 54, 1, '2020-11-09 02:54:52', '2020-11-12 15:49:22', 'le escribo para informar que quiero ver los informes', 49),
(25, 0, 0, '2020-11-11 17:22:35', '2020-11-11 17:22:35', 'Buen dia', 60),
(26, 49, 0, '2020-11-17 16:18:03', '2020-11-17 16:18:03', 'Hola buen dia', 38),
(27, 48, 1, '2020-11-17 16:29:37', '2020-11-20 15:01:32', 'hola', 0),
(28, 48, 1, '2020-11-17 16:30:44', '2020-11-19 21:57:17', 'Hola', 28),
(29, 49, 1, '2020-11-17 16:37:47', '2020-11-18 18:46:06', 'Hola Como, estas', 0),
(30, 28, 1, '2020-11-19 18:24:55', '2020-11-19 20:05:49', 'Hola', 0);

-- --------------------------------------------------------

--
-- Estructura de tabla para la tabla `noticias`
--

CREATE TABLE `noticias` (
  `id` int(11) NOT NULL,
  `ruta` varchar(255) NOT NULL,
  `titulo` varchar(255) NOT NULL,
  `contenido` text NOT NULL,
  `fecha` varchar(255) NOT NULL,
  `id_user` int(11) NOT NULL,
  `updated_at` timestamp NULL DEFAULT NULL,
  `created_at` timestamp NULL DEFAULT NULL
) ENGINE=InnoDB DEFAULT CHARSET=utf8;

--
-- Volcado de datos para la tabla `noticias`
--

INSERT INTO `noticias` (`id`, `ruta`, `titulo`, `contenido`, `fecha`, `id_user`, `updated_at`, `created_at`) VALUES
(1, 'ELECCION COMITE LABORAL.jpg', 'Secretaría de Educación gestionó dispositivos para la prevención del coronavirus en colegios oficiales', 'En compañía de la Organización Panamericana de la Salud, el Instituto Departamental de Salud y la Oficina de Gestión del Riesgo Departamental se realizó el pasado 9 de marzo una visita a las ocho instituciones educativas oficiales de Villa del Rosario, determinándose la instalación de puntos de lavado de manos para cada una de ellas, con el objetivo de atender las medidas del Gobierno en cuanto al coronavirus.\r\n\r\n \r\n\r\nAdicionalmente, en una reciente reunión con Unicef y Project Hope también se gestionó la instalación de dispositivos para el lavado de manos en todos los colegios oficiales del Área Metropolitana de Cúcuta, así como el inicio de una campaña de prevención y autocuidado.\r\n\r\n \r\n\r\n“Esperamos que en los próximos días se comiencen a instalar estos dispositivos, con punto de agua y jabón, en cada establecimiento; mientras tanto, exhortamos a las comunidades educativas a seguir las recomendaciones descritas a través de la Circular No.41 en la que remitimos los cuidados que se deben tener según lo estipulado por el Ministerio de Educación y de Salud y Protección Social”, expresó la secretaria de Educación, Laura Cristina Cáceres Niño.\r\n\r\n \r\n\r\nLas siguientes son las recomendaciones de la circular conjunta remitida por el Gobierno Nacional:\r\n\r\nLavarse constantemente las manos con agua y jabón líquido.\r\nTaparse la boca y la nariz en el momento de toser o estornudar.\r\nTomar las medidas de protección necesarias ante cambios bruscos de temperatura.\r\nAbstenerse de asistir a la Institución Educativa si presenta gripa.\r\nMantener al día el esquema de vacunación de los niños y jóvenes.\r\nConservar limpias las superficies, juguetes y útiles escolares.\r\nFinalmente, desde la Secretaría de Educación Departamental se hace un llamado a la comunidad en general a mantener la calma y seguir las recomendaciones divulgadas a través de los canales oficiales.', '22-03-2020 22:20:15', 0, '2020-03-23 03:20:16', '2020-03-23 03:20:16'),
(2, 'KITS MENORES INFRACTORES.jpg', 'Niños y jóvenes infractores de la ley recibieron útiles escolares', 'Cuadernos, cartucheras, colores, lápices y morrales fueron entregados a cerca de 140 menores vinculados al sistema de responsabilidad penal para adolescentes, para que puedan continuar sus estudios como todos los demás estudiantes del departamento.\r\n\r\n \r\n\r\nLos útiles escolares fueron donados por la Unicef y entregados por la secretaria de Educación, Laura Cristina Cáceres Niño, a los niños y jóvenes tras cumplida una visita al Centro de Formación Juvenil, ubicado en el municipio de Los Patios, en el cual se presta el servicio educativo bajo dirección de la Institución Educativa Patio Centro 2.\r\n\r\n \r\n\r\nSegún Cáceres Niño, además, se llevó a cabo una reunión que contó con la participación de la procuradora de Familia, Myriam Rozo Wilches, en la que los menores infractores de la ley expusieron sus necesidades en materia de educación. \r\n\r\n \r\n\r\nEn conclusión se acordó adelantar un plan a corto y mediano plazo sobre la designación de docentes, la implementación de un modelo educativo flexible multigrado y la incorporación en el Proyecto Educativo Institucional de los modelos educativos que se están empleando para la formación de los adolescentes. \r\n\r\n \r\n\r\nAdemás, desde la Secretaría de Educación se gestionará la dotación de libros, mesas plásticas, tableros acrílicos, ventiladores y otros.', '22-03-2020 22:21:07', 0, '2020-03-23 03:21:07', '2020-03-23 03:21:07'),
(3, 'circular prohibicion contratos.jpg', 'Mala salud dental afecta el desempeño escolar', '\"Las enfermedades odontológicas más comunes en los escolares son la caries dental, la gingivitis (inflamación de las encías) y malocusiones (alteración de la posición de los dientes y morfología de maxilares), los cuales son ocasionados por la placa bacteriana acumulada en los dientes\", afirma el doctor Roberto Laynes Almeida, Jefe del Departamento de Estomatología del Hospital Loayza.\r\n\r\nEl odontólogo refiere que, también, existen otros hábitos nocivos frecuentes en los escolares que afectan la salud bucal como morder objetos (uñas, lapiceros, borradores, juguetes), ‘chuparse’ los dedos o apoyar la mandíbula sobre la mano o el antebrazo por un tiempo prolongado, puesto que alteran la forma de los maxilares.\r\n\r\nPor ello, el especialista asegura que es importante que los escolares inicien las clases sin problemas dentales, puesto que estos pueden afectar su rendimiento académico. El número de veces que el menor deberá acudir al dentista estará determinado por la frecuencia del desarrollo de caries, forma y posición de los dientes, dieta alimenticia, higiene bucal, entre otros.\r\n\r\n\"El examen odontológico integral del menor consiste no solo en la revisión de los dientes, sino también, de todo el sistema estomatognático conformado por aquellos órganos, músculos, articulaciones y huesos que permiten que una persona pueda masticar, hablar, sonreír, pronunciar, besar, succionar, entre otros\", agrega.\r\n\r\nLONCHERA ESCOLAR COMO MEDIDA PREVENTIVA\r\n\r\nUna lonchera escolar saludable ayuda a reducir la aparición de problemas dentales. Por ello, esta debe estar conformada básicamente por productos naturales como frutas frescas, jugos naturales, refrescos caseros, sandwich de casa, entre otros.\r\n\r\n\"Los productos ricos en azúcares como galletas, toffees, chicles, gaseosas, jugos envasados, snacks, o todo aquello que contenga preservantes provocan daño en la salud bucal del menor, en vez de alimentarlo adecuadamente\", advierte el especialista.\r\n\r\nAsimismo, el odontólogo recomendó el consumo de frutas como la manzana o zanahoria, puesto que, dado su contextura fibrosa, actúan como un ‘cepillo natural’ en los dientes limpiándolos de la placa bacteriana. No obstante, ello no reemplaza el uso del cepillo, pasta dentífrica e hilo dental después de cada comida o refrigerio escolar.', '22-03-2020 22:27:02', 0, '2020-03-23 03:27:02', '2020-03-23 03:27:02'),
(4, '5c1ed16740d97.jpeg', 'Malnutrición escolar: una bomba de tiempo en Colombia', 'Los resultados de la Encuesta Nacional de Salud Escolar (Ense) y la de Tabaquismo en Jóvenes 2018 realizadas por el Ministerio de Salud y la Universidad del Valle desnudan, según el pediatra Vladimir Muñoz, preocupantes grietas en las políticas de salud pública orientadas a niños y adolescentes. Grietas que, “de no corregirse de manera inmediata, se traducirán en graves enfermedades con impactos sociales y económicos incalculables para el país”, dice el experto.', '22-03-2020 22:30:50', 0, '2020-03-23 03:30:50', '2020-03-23 03:30:50'),
(5, '5a84de52c65e4.jpeg', 'Sec. Educación ya está entregando bonos para alimentación escolar', 'Desde hoy, 01 de abril, la Secretaría de Educación comenzó a entregar los bonos redimibles de alimentación que cubren los refrigerios escolares. Hasta el momento más de 500 mil familias en Bogotá se han inscrito para recibir este apoyo. \r\n\r\nEste plan de atención ante la llegada de la pandemia al país busca garantizar que ningún estudiante en Bogotá pase hambre durante la cuarentena. Y aunque, desde el momento en el que los alumnos dejaron de asistir presencialmente a las clases, la entidad ha implementado diversos mecanismos para atender su alimentación, el programa de bonos redimibles busca que los padres no se tengan que movilizar por toda la ciudad y que no estén expuestos a aglomeraciones.', '02-04-2020 19:54:36', 0, '2020-04-03 00:54:37', '2020-04-03 00:54:37');

-- --------------------------------------------------------

--
-- Estructura de tabla para la tabla `observaciones`
--

CREATE TABLE `observaciones` (
  `id` int(11) NOT NULL,
  `detalles` varchar(250) NOT NULL,
  `privado` tinyint(1) NOT NULL DEFAULT '0',
  `tipo_falta` varchar(250) NOT NULL,
  `id_estudiante` int(11) NOT NULL,
  `resuelto` tinyint(1) NOT NULL DEFAULT '0',
  `created_at` timestamp NULL DEFAULT CURRENT_TIMESTAMP,
  `update_at` timestamp NULL DEFAULT CURRENT_TIMESTAMP
) ENGINE=InnoDB DEFAULT CHARSET=utf8;

--
-- Volcado de datos para la tabla `observaciones`
--

INSERT INTO `observaciones` (`id`, `detalles`, `privado`, `tipo_falta`, `id_estudiante`, `resuelto`, `created_at`, `update_at`) VALUES
(1, 'El dia de ayer 1 de octubre se peleo con un compañero de clase sin razon alguna', 0, 'Comportamiento', 3, 0, '2020-10-02 18:58:23', '2020-10-02 18:58:23'),
(2, 'El dia de ayer 1 de octubre se peleo con un compañero de clase sin razon alguna', 0, 'Comportamiento', 2, 0, '2020-10-02 18:58:23', '2020-10-02 18:58:23'),
(3, 'El dia de ayer 1 de octubre se peleo con un compañero de clase sin razon alguna', 0, 'Bullyng', 2, 0, '2020-10-02 18:58:23', '2020-10-02 18:58:23'),
(4, 'Hablo con el profesor que tenia problemas en la casa ', 0, 'Disfunción familiar', 205, 0, '2020-10-28 19:48:44', '2020-10-28 19:48:44'),
(5, 'No habla bien de sigo mismo ', 0, 'Baja autoestima', 206, 0, '2020-10-28 20:44:42', '2020-10-28 20:44:42'),
(6, 'bajo comportamiento durante el tercer periodo', 1, 'Comportamiento', 1, 0, '2020-11-09 01:46:02', '2020-11-09 01:46:02'),
(7, 'Llego muy desmotivada para estudiar debido a problemas con su familia', 0, 'Disfunción familiar', 2, 0, '2020-11-10 23:09:45', '2020-11-10 23:09:45'),
(8, 'Sus notas ultimamente son muy deficientes en todas las evaluaciones y no esta realizando ninguna tarea', 0, 'Bajo desempeño escolar ', 12, 0, '2020-11-10 23:11:13', '2020-11-10 23:11:13'),
(9, 'El niño tiende a ser muy depresivo se le ve muy desanimado y tiene pensamientos feos hacia el ', 0, 'Baja autoestima', 8, 0, '2020-11-10 23:35:47', '2020-11-10 23:35:47'),
(10, 'Llego muy desmotivada para estudiar debido a problemas con su familia', 0, 'Relaciones familiares conflictivas', 11, 0, '2020-11-10 23:36:06', '2020-11-10 23:36:06'),
(11, 'Se peleo con un compañero de clases por que le toco la cara y lo rasguño', 0, 'Matoneo', 13, 0, '2020-11-10 23:36:48', '2020-11-10 23:36:48'),
(12, 'La niña le coloca apodos a todos sus compañeros', 0, 'Bullying', 1, 0, '2020-11-10 23:41:41', '2020-11-10 23:41:41'),
(13, 'No presta atención en clase ', 0, 'Comportamiento', 4, 0, '2020-11-19 20:12:59', '2020-11-19 20:12:59');

-- --------------------------------------------------------

--
-- Estructura de tabla para la tabla `observaciones_dominio_ficha`
--

CREATE TABLE `observaciones_dominio_ficha` (
  `id` int(11) NOT NULL,
  `descripcion` text,
  `id_dominio` int(11) NOT NULL,
  `id_formulario_ficha_salud` int(11) NOT NULL,
  `resuelto` tinyint(1) NOT NULL DEFAULT '0',
  `valorizacion` varchar(200) DEFAULT NULL,
  `created_at` timestamp NULL DEFAULT CURRENT_TIMESTAMP,
  `update_at` timestamp NULL DEFAULT CURRENT_TIMESTAMP
) ENGINE=InnoDB DEFAULT CHARSET=utf8;

--
-- Volcado de datos para la tabla `observaciones_dominio_ficha`
--

INSERT INTO `observaciones_dominio_ficha` (`id`, `descripcion`, `id_dominio`, `id_formulario_ficha_salud`, `resuelto`, `valorizacion`, `created_at`, `update_at`) VALUES
(1, 'Presento desnutricion, se recomienda ir con el doctor, o investigar en la casa', 13, 53, 0, NULL, NULL, NULL),
(2, 'Presento desnutricion, se recomienda ir con el doctor, o investigar en la casa', 13, 53, 1, NULL, NULL, NULL),
(3, 'Presento desnutricion, se recomienda ir con el doctor, o investigar en la casa', 2, 53, 1, NULL, NULL, NULL),
(4, '', 1, 53, 1, '\"buena\"', '2020-09-16 01:33:19', '2020-09-16 01:33:19'),
(5, NULL, 1, 53, 0, '\"buena222\"', '2020-09-16 01:36:06', '2020-09-16 01:36:06'),
(6, NULL, 1, 54, 0, 'undefined', '2020-09-16 01:45:47', '2020-09-16 01:45:47'),
(7, 'ultima', 14, 61, 0, 'La valorización del Seguridad es Adecuada', '2020-09-16 02:06:48', '2020-09-16 02:06:48'),
(8, NULL, 1, 62, 0, 'La valorización del Promoción de la salud es Alterado', '2020-09-16 02:08:15', '2020-09-16 02:08:15'),
(9, NULL, 2, 62, 0, 'La valorización del Nutrición es Alterado', '2020-09-16 02:08:15', '2020-09-16 02:08:15'),
(10, NULL, 3, 62, 0, 'La valorización del Eliminación e intercambio es Alterado', '2020-09-16 02:08:15', '2020-09-16 02:08:15'),
(11, NULL, 6, 62, 0, 'La valorización del Autopercepción es Adecuada', '2020-09-16 02:08:16', '2020-09-16 02:08:16'),
(12, NULL, 9, 62, 0, 'La valorización del Afrontamiento y tolerancia al estrés es Alterado', '2020-09-16 02:08:16', '2020-09-16 02:08:16'),
(13, NULL, 10, 62, 0, 'La valorización del Principios Vitales es Adecuada', '2020-09-16 02:08:16', '2020-09-16 02:08:16'),
(14, NULL, 11, 62, 0, 'La valorización del Seguridad y protección es Alterado', '2020-09-16 02:08:16', '2020-09-16 02:08:16'),
(15, NULL, 12, 62, 0, 'La valorización del Confort es Alterado', '2020-09-16 02:08:17', '2020-09-16 02:08:17'),
(16, NULL, 13, 62, 0, 'La valorización del Crecimiento y desarrollo es Alterado', '2020-09-16 02:08:17', '2020-09-16 02:08:17'),
(17, NULL, 14, 62, 0, 'La valorización del Seguridad es Adecuada', '2020-09-16 02:08:17', '2020-09-16 02:08:17'),
(18, NULL, 1, 63, 0, 'La valorización del Promoción de la salud es Alterado', '2020-09-16 02:44:13', '2020-09-16 02:44:13'),
(19, NULL, 2, 63, 0, 'La valorización del Nutrición es Alterado', '2020-09-16 02:44:13', '2020-09-16 02:44:13'),
(20, NULL, 3, 63, 0, 'La valorización del Eliminación e intercambio es Alterado', '2020-09-16 02:44:13', '2020-09-16 02:44:13'),
(21, NULL, 6, 63, 0, 'La valorización del Autopercepción es Adecuada', '2020-09-16 02:44:13', '2020-09-16 02:44:13'),
(22, NULL, 9, 63, 0, 'La valorización del Afrontamiento y tolerancia al estrés es Alterado', '2020-09-16 02:44:14', '2020-09-16 02:44:14'),
(23, NULL, 10, 63, 0, 'La valorización del Principios Vitales es Adecuada', '2020-09-16 02:44:14', '2020-09-16 02:44:14'),
(24, NULL, 11, 63, 0, 'La valorización del Seguridad y protección es Alterado', '2020-09-16 02:44:14', '2020-09-16 02:44:14'),
(25, NULL, 12, 63, 0, 'La valorización del Confort es Alterado', '2020-09-16 02:44:14', '2020-09-16 02:44:14'),
(26, NULL, 13, 63, 0, 'La valorización del Crecimiento y desarrollo es Alterado', '2020-09-16 02:44:14', '2020-09-16 02:44:14'),
(27, NULL, 14, 63, 0, 'La valorización del Seguridad es Adecuada', '2020-09-16 02:44:14', '2020-09-16 02:44:14'),
(28, NULL, 1, 64, 0, 'La valorización del Promoción de la salud es Alterado', '2020-09-16 13:19:06', '2020-09-16 13:19:06'),
(29, NULL, 2, 64, 0, 'La valorización del Nutrición es Alterado', '2020-09-16 13:19:07', '2020-09-16 13:19:07'),
(30, NULL, 3, 64, 0, 'La valorización del Eliminación e intercambio es Alterado', '2020-09-16 13:19:07', '2020-09-16 13:19:07'),
(31, NULL, 6, 64, 0, 'La valorización del Autopercepción es Adecuada', '2020-09-16 13:19:07', '2020-09-16 13:19:07'),
(32, NULL, 9, 64, 0, 'La valorización del Afrontamiento y tolerancia al estrés es Alterado', '2020-09-16 13:19:08', '2020-09-16 13:19:08'),
(33, NULL, 10, 64, 0, 'La valorización del Principios Vitales es Adecuada', '2020-09-16 13:19:08', '2020-09-16 13:19:08'),
(34, NULL, 11, 64, 0, 'La valorización del Seguridad y protección es Alterado', '2020-09-16 13:19:08', '2020-09-16 13:19:08'),
(35, NULL, 12, 64, 0, 'La valorización del Confort es Alterado', '2020-09-16 13:19:08', '2020-09-16 13:19:08'),
(36, NULL, 13, 64, 0, 'La valorización del Crecimiento y desarrollo es Alterado', '2020-09-16 13:19:08', '2020-09-16 13:19:08'),
(37, 'ultima observacion', 14, 64, 0, 'La valorización del Seguridad es Adecuada', '2020-09-16 13:19:08', '2020-09-16 13:19:08'),
(38, NULL, 1, 65, 0, 'La valorización del Promoción de la salud es Alterado', '2020-09-16 13:23:41', '2020-09-16 13:23:41'),
(39, NULL, 2, 65, 0, 'La valorización del Nutrición es Alterado', '2020-09-16 13:23:41', '2020-09-16 13:23:41'),
(40, NULL, 3, 65, 0, 'La valorización del Eliminación e intercambio es Alterado', '2020-09-16 13:23:42', '2020-09-16 13:23:42'),
(41, NULL, 4, 65, 0, 'La valorización del Actividad reposo es Alterado', '2020-09-16 13:23:42', '2020-09-16 13:23:42'),
(42, NULL, 5, 65, 0, 'La valorización del Percepción Cognición es Alterado', '2020-09-16 13:23:42', '2020-09-16 13:23:42'),
(43, NULL, 6, 65, 0, 'La valorización del Autopercepción es Adecuada', '2020-09-16 13:23:42', '2020-09-16 13:23:42'),
(44, NULL, 7, 65, 0, 'La valorización del Rol Relaciones es Alterado', '2020-09-16 13:23:42', '2020-09-16 13:23:42'),
(45, NULL, 8, 65, 0, 'La valorización del Sexualidad Reproducción es Alterado', '2020-09-16 13:23:42', '2020-09-16 13:23:42'),
(46, NULL, 9, 65, 0, 'La valorización del Afrontamiento y tolerancia al estrés es Alterado', '2020-09-16 13:23:42', '2020-09-16 13:23:42'),
(47, NULL, 10, 65, 0, 'La valorización del Principios Vitales es Adecuada', '2020-09-16 13:23:43', '2020-09-16 13:23:43'),
(48, NULL, 11, 65, 0, 'La valorización del Seguridad y protección es Alterado', '2020-09-16 13:23:43', '2020-09-16 13:23:43'),
(49, NULL, 12, 65, 0, 'La valorización del Confort es Alterado', '2020-09-16 13:23:43', '2020-09-16 13:23:43'),
(50, 'ultimo', 13, 65, 0, 'La valorización del Crecimiento y desarrollo es Alterado', '2020-09-16 13:23:43', '2020-09-16 13:23:43'),
(51, NULL, 14, 65, 0, 'La valorización del Seguridad es Adecuada', '2020-09-16 13:23:43', '2020-09-16 13:23:43'),
(52, 'Ninguna', 1, 67, 0, 'La valorización del dominio Promoción de la salud es Alterado', '2020-09-18 22:52:33', '2020-09-18 22:52:33'),
(53, 'Ninguna', 2, 67, 0, 'La valorización del dominio Nutrición es Alterado', '2020-09-18 22:52:33', '2020-09-18 22:52:33'),
(54, 'Ninguna', 3, 67, 0, 'La valorización del dominio Eliminación e intercambio es Alterado', '2020-09-18 22:52:34', '2020-09-18 22:52:34'),
(55, 'Ninguna', 4, 67, 0, 'La valorización del dominio Actividad reposo es Alterado', '2020-09-18 22:52:34', '2020-09-18 22:52:34'),
(56, 'Ninguna', 5, 67, 0, 'La valorización del dominio Percepción Cognición es Alterado', '2020-09-18 22:52:34', '2020-09-18 22:52:34'),
(57, 'Ninguna', 6, 67, 0, 'La valorización del dominio Autopercepción es Adecuada', '2020-09-18 22:52:34', '2020-09-18 22:52:34'),
(58, 'Ninguna', 7, 67, 0, 'La valorización del dominio Rol Relaciones es Alterado', '2020-09-18 22:52:34', '2020-09-18 22:52:34'),
(59, 'Ninguna', 8, 67, 0, 'La valorización del dominio Sexualidad Reproducción es Alterado', '2020-09-18 22:52:35', '2020-09-18 22:52:35'),
(60, 'Ninguna', 9, 67, 0, 'La valorización del dominio Afrontamiento y tolerancia al estrés es Alterado', '2020-09-18 22:52:35', '2020-09-18 22:52:35'),
(61, 'Ninguna', 10, 67, 0, 'La valorización del dominio Principios Vitales es Adecuada', '2020-09-18 22:52:35', '2020-09-18 22:52:35'),
(62, 'Ninguna', 11, 67, 0, 'La valorización del dominio Seguridad y protección es Alterado', '2020-09-18 22:52:35', '2020-09-18 22:52:35'),
(63, 'Ninguna', 12, 67, 0, 'La valorización del dominio Confort es Alterado', '2020-09-18 22:52:36', '2020-09-18 22:52:36'),
(64, 'Ninguna', 13, 67, 0, 'La valorización del dominio Crecimiento y desarrollo es Alterado', '2020-09-18 22:52:36', '2020-09-18 22:52:36'),
(65, 'Ninguna', 14, 67, 0, 'La valorización del dominio Seguridad es Adecuada', '2020-09-18 22:52:36', '2020-09-18 22:52:36'),
(66, 'Ninguna', 1, 68, 0, 'La valorización del dominio Promoción de la salud es Alterado', '2020-10-11 16:04:36', '2020-10-11 16:04:36'),
(67, 'Ninguna', 2, 68, 0, 'La valorización del dominio Nutrición es Alterado', '2020-10-11 16:04:36', '2020-10-11 16:04:36'),
(68, 'Ninguna', 3, 68, 0, 'La valorización del dominio Eliminación e intercambio es Alterado', '2020-10-11 16:04:36', '2020-10-11 16:04:36'),
(69, 'Ninguna', 6, 68, 0, 'La valorización del dominio Autopercepción es Adecuada', '2020-10-11 16:04:36', '2020-10-11 16:04:36'),
(70, 'Ninguna', 4, 68, 0, 'La valorización del dominio Actividad reposo es Alterado', '2020-10-11 16:04:36', '2020-10-11 16:04:36'),
(71, 'Ninguna', 5, 68, 0, 'La valorización del dominio Percepción Cognición es Alterado', '2020-10-11 16:04:36', '2020-10-11 16:04:36'),
(72, 'Ninguna', 8, 68, 0, 'La valorización del dominio Sexualidad Reproducción es Alterado', '2020-10-11 16:04:36', '2020-10-11 16:04:36'),
(73, 'Ninguna', 9, 68, 0, 'La valorización del dominio Afrontamiento y tolerancia al estrés es Alterado', '2020-10-11 16:04:37', '2020-10-11 16:04:37'),
(74, 'Ninguna', 10, 68, 0, 'La valorización del dominio Principios Vitales es Adecuada', '2020-10-11 16:04:37', '2020-10-11 16:04:37'),
(75, 'Ninguna', 11, 68, 0, 'La valorización del dominio Seguridad y protección es Alterado', '2020-10-11 16:04:37', '2020-10-11 16:04:37'),
(76, 'Ninguna', 12, 68, 0, 'La valorización del dominio Confort es Alterado', '2020-10-11 16:04:37', '2020-10-11 16:04:37'),
(77, 'Ninguna', 14, 68, 0, 'La valorización del dominio Seguridad es Adecuada', '2020-10-11 16:04:37', '2020-10-11 16:04:37'),
(78, NULL, 1, 71, 0, 'La valorización del dominio Promoción de la salud es Alterado', '2020-10-28 20:51:13', '2020-10-28 20:51:13'),
(79, NULL, 2, 71, 0, 'La valorización del dominio Nutrición es Alterado', '2020-10-28 20:51:13', '2020-10-28 20:51:13'),
(80, NULL, 5, 71, 0, 'La valorización del dominio Percepción Cognición es Alterado', '2020-10-28 20:51:13', '2020-10-28 20:51:13'),
(81, NULL, 4, 71, 0, 'La valorización del dominio Actividad reposo es Alterado', '2020-10-28 20:51:13', '2020-10-28 20:51:13'),
(82, NULL, 6, 71, 0, 'La valorización del dominio Autopercepción es Adecuada', '2020-10-28 20:51:13', '2020-10-28 20:51:13'),
(83, NULL, 7, 71, 0, 'La valorización del dominio Rol Relaciones es Alterado', '2020-10-28 20:51:13', '2020-10-28 20:51:13'),
(84, NULL, 8, 71, 0, 'La valorización del dominio Sexualidad Reproducción es Alterado', '2020-10-28 20:51:13', '2020-10-28 20:51:13'),
(85, NULL, 9, 71, 0, 'La valorización del dominio Afrontamiento y tolerancia al estrés es Alterado', '2020-10-28 20:51:14', '2020-10-28 20:51:14'),
(86, NULL, 12, 71, 0, 'La valorización del dominio Confort es Alterado', '2020-10-28 20:51:14', '2020-10-28 20:51:14'),
(87, NULL, 11, 71, 0, 'La valorización del dominio Seguridad y protección es Alterado', '2020-10-28 20:51:14', '2020-10-28 20:51:14'),
(88, NULL, 13, 71, 0, 'La valorización del dominio Crecimiento y desarrollo es Alterado', '2020-10-28 20:51:14', '2020-10-28 20:51:14'),
(89, NULL, 10, 71, 0, 'La valorización del dominio Principios Vitales es Adecuada', '2020-10-28 20:51:14', '2020-10-28 20:51:14'),
(90, NULL, 3, 71, 0, 'La valorización del dominio Eliminación e intercambio es Alterado', '2020-10-28 20:51:14', '2020-10-28 20:51:14'),
(91, NULL, 14, 71, 0, 'La valorización del dominio Seguridad es Adecuada', '2020-10-28 20:51:15', '2020-10-28 20:51:15'),
(92, NULL, 2, 72, 0, 'La valorización del dominio Nutrición es Alterado', '2020-11-09 02:46:15', '2020-11-09 02:46:15'),
(93, NULL, 3, 72, 0, 'La valorización del dominio Eliminación e intercambio es Alterado', '2020-11-09 02:46:15', '2020-11-09 02:46:15'),
(94, NULL, 1, 72, 0, 'La valorización del dominio Promoción de la salud es Alterado', '2020-11-09 02:46:15', '2020-11-09 02:46:15'),
(95, NULL, 6, 72, 0, 'La valorización del dominio Autopercepción es Adecuada', '2020-11-09 02:46:15', '2020-11-09 02:46:15'),
(96, NULL, 5, 72, 0, 'La valorización del dominio Percepción Cognición es Alterado', '2020-11-09 02:46:15', '2020-11-09 02:46:15'),
(97, NULL, 4, 72, 0, 'La valorización del dominio Actividad reposo es Alterado', '2020-11-09 02:46:15', '2020-11-09 02:46:15'),
(98, NULL, 8, 72, 0, 'La valorización del dominio Sexualidad Reproducción es Alterado', '2020-11-09 02:46:16', '2020-11-09 02:46:16'),
(99, NULL, 7, 72, 0, 'La valorización del dominio Rol Relaciones es Alterado', '2020-11-09 02:46:16', '2020-11-09 02:46:16'),
(100, NULL, 9, 72, 0, 'La valorización del dominio Afrontamiento y tolerancia al estrés es Alterado', '2020-11-09 02:46:16', '2020-11-09 02:46:16'),
(101, NULL, 12, 72, 0, 'La valorización del dominio Confort es Alterado', '2020-11-09 02:46:16', '2020-11-09 02:46:16'),
(102, NULL, 11, 72, 0, 'La valorización del dominio Seguridad y protección es Alterado', '2020-11-09 02:46:16', '2020-11-09 02:46:16'),
(103, NULL, 10, 72, 0, 'La valorización del dominio Principios Vitales es Adecuada', '2020-11-09 02:46:16', '2020-11-09 02:46:16'),
(104, NULL, 14, 72, 0, 'La valorización del dominio Seguridad es Adecuada', '2020-11-09 02:46:16', '2020-11-09 02:46:16'),
(105, NULL, 13, 72, 0, 'La valorización del dominio Crecimiento y desarrollo es Alterado', '2020-11-09 02:46:16', '2020-11-09 02:46:16'),
(106, NULL, 1, 73, 0, 'La valorización del dominio Promoción de la salud es Alterado', '2020-11-11 12:54:02', '2020-11-11 12:54:02'),
(107, NULL, 2, 73, 0, 'La valorización del dominio Nutrición es Alterado', '2020-11-11 12:54:02', '2020-11-11 12:54:02'),
(108, NULL, 4, 73, 0, 'La valorización del dominio Actividad reposo es Alterado', '2020-11-11 12:54:02', '2020-11-11 12:54:02'),
(109, NULL, 5, 73, 0, 'La valorización del dominio Percepción Cognición es Alterado', '2020-11-11 12:54:02', '2020-11-11 12:54:02'),
(110, NULL, 6, 73, 0, 'La valorización del dominio Autopercepción es Adecuada', '2020-11-11 12:54:02', '2020-11-11 12:54:02'),
(111, NULL, 3, 73, 0, 'La valorización del dominio Eliminación e intercambio es Alterado', '2020-11-11 12:54:02', '2020-11-11 12:54:02'),
(112, NULL, 2, 74, 0, 'La valorización del dominio Nutrición es Alterado', '2020-11-11 13:09:45', '2020-11-11 13:09:45'),
(113, NULL, 1, 74, 0, 'La valorización del dominio Promoción de la salud es Alterado', '2020-11-11 13:09:45', '2020-11-11 13:09:45'),
(114, NULL, 4, 74, 0, 'La valorización del dominio Actividad reposo es Alterado', '2020-11-11 13:09:45', '2020-11-11 13:09:45'),
(115, NULL, 3, 74, 0, 'La valorización del dominio Eliminación e intercambio es Alterado', '2020-11-11 13:09:45', '2020-11-11 13:09:45'),
(116, NULL, 5, 74, 0, 'La valorización del dominio Percepción Cognición es Alterado', '2020-11-11 13:09:46', '2020-11-11 13:09:46'),
(117, NULL, 6, 74, 0, 'La valorización del dominio Autopercepción es Adecuada', '2020-11-11 13:09:46', '2020-11-11 13:09:46'),
(118, NULL, 7, 74, 0, 'La valorización del dominio Rol Relaciones es Alterado', '2020-11-11 13:09:46', '2020-11-11 13:09:46'),
(119, NULL, 8, 74, 0, 'La valorización del dominio Sexualidad Reproducción es Alterado', '2020-11-11 13:09:46', '2020-11-11 13:09:46'),
(120, NULL, 9, 74, 0, 'La valorización del dominio Afrontamiento y tolerancia al estrés es Alterado', '2020-11-11 13:09:46', '2020-11-11 13:09:46'),
(121, NULL, 10, 74, 0, 'La valorización del dominio Principios Vitales es Adecuada', '2020-11-11 13:09:46', '2020-11-11 13:09:46'),
(122, NULL, 11, 74, 0, 'La valorización del dominio Seguridad y protección es Alterado', '2020-11-11 13:09:46', '2020-11-11 13:09:46'),
(123, NULL, 12, 74, 0, 'La valorización del dominio Confort es Alterado', '2020-11-11 13:09:46', '2020-11-11 13:09:46'),
(124, NULL, 13, 74, 0, 'La valorización del dominio Crecimiento y desarrollo es Alterado', '2020-11-11 13:09:46', '2020-11-11 13:09:46'),
(125, NULL, 14, 74, 0, 'La valorización del dominio Seguridad es Adecuada', '2020-11-11 13:09:46', '2020-11-11 13:09:46'),
(126, NULL, 1, 75, 0, 'La valorización del dominio Promoción de la salud es Alterado', '2020-11-11 13:45:55', '2020-11-11 13:45:55'),
(127, NULL, 4, 75, 0, 'La valorización del dominio Actividad reposo es Alterado', '2020-11-11 13:45:55', '2020-11-11 13:45:55'),
(128, NULL, 2, 75, 0, 'La valorización del dominio Nutrición es Alterado', '2020-11-11 13:45:55', '2020-11-11 13:45:55'),
(129, NULL, 3, 75, 0, 'La valorización del dominio Eliminación e intercambio es Alterado', '2020-11-11 13:45:55', '2020-11-11 13:45:55'),
(130, NULL, 6, 75, 0, 'La valorización del dominio Autopercepción es Adecuada', '2020-11-11 13:45:55', '2020-11-11 13:45:55'),
(131, NULL, 5, 75, 0, 'La valorización del dominio Percepción Cognición es Alterado', '2020-11-11 13:45:55', '2020-11-11 13:45:55'),
(132, NULL, 7, 75, 0, 'La valorización del dominio Rol Relaciones es Alterado', '2020-11-11 13:45:55', '2020-11-11 13:45:55'),
(133, NULL, 8, 75, 0, 'La valorización del dominio Sexualidad Reproducción es Alterado', '2020-11-11 13:45:55', '2020-11-11 13:45:55'),
(134, NULL, 9, 75, 0, 'La valorización del dominio Afrontamiento y tolerancia al estrés es Alterado', '2020-11-11 13:45:55', '2020-11-11 13:45:55'),
(135, NULL, 10, 75, 0, 'La valorización del dominio Principios Vitales es Adecuada', '2020-11-11 13:45:55', '2020-11-11 13:45:55'),
(136, NULL, 11, 75, 0, 'La valorización del dominio Seguridad y protección es Alterado', '2020-11-11 13:45:56', '2020-11-11 13:45:56'),
(137, NULL, 12, 75, 0, 'La valorización del dominio Confort es Alterado', '2020-11-11 13:45:56', '2020-11-11 13:45:56'),
(138, NULL, 13, 75, 0, 'La valorización del dominio Crecimiento y desarrollo es Alterado', '2020-11-11 13:45:56', '2020-11-11 13:45:56'),
(139, NULL, 14, 75, 0, 'La valorización del dominio Seguridad es Adecuada', '2020-11-11 13:45:56', '2020-11-11 13:45:56'),
(140, NULL, 2, 76, 0, 'La valorización del dominio Nutrición es Alterado', '2020-11-11 13:52:53', '2020-11-11 13:52:53'),
(141, NULL, 4, 76, 0, 'La valorización del dominio Actividad reposo es Alterado', '2020-11-11 13:52:53', '2020-11-11 13:52:53'),
(142, NULL, 3, 76, 0, 'La valorización del dominio Eliminación e intercambio es Alterado', '2020-11-11 13:52:53', '2020-11-11 13:52:53'),
(143, NULL, 1, 76, 0, 'La valorización del dominio Promoción de la salud es Alterado', '2020-11-11 13:52:53', '2020-11-11 13:52:53'),
(144, NULL, 5, 76, 0, 'La valorización del dominio Percepción Cognición es Alterado', '2020-11-11 13:52:53', '2020-11-11 13:52:53'),
(145, NULL, 6, 76, 0, 'La valorización del dominio Autopercepción es Adecuada', '2020-11-11 13:52:53', '2020-11-11 13:52:53'),
(146, NULL, 8, 76, 0, 'La valorización del dominio Sexualidad Reproducción es Alterado', '2020-11-11 13:52:53', '2020-11-11 13:52:53'),
(147, NULL, 9, 76, 0, 'La valorización del dominio Afrontamiento y tolerancia al estrés es Alterado', '2020-11-11 13:52:53', '2020-11-11 13:52:53'),
(148, NULL, 7, 76, 0, 'La valorización del dominio Rol Relaciones es Alterado', '2020-11-11 13:52:53', '2020-11-11 13:52:53'),
(149, NULL, 10, 76, 0, 'La valorización del dominio Principios Vitales es Adecuada', '2020-11-11 13:52:53', '2020-11-11 13:52:53'),
(150, NULL, 11, 76, 0, 'La valorización del dominio Seguridad y protección es Alterado', '2020-11-11 13:52:53', '2020-11-11 13:52:53'),
(151, NULL, 14, 76, 0, 'La valorización del dominio Seguridad es Adecuada', '2020-11-11 13:52:53', '2020-11-11 13:52:53'),
(152, NULL, 12, 76, 0, 'La valorización del dominio Confort es Alterado', '2020-11-11 13:52:53', '2020-11-11 13:52:53'),
(153, NULL, 13, 76, 0, 'La valorización del dominio Crecimiento y desarrollo es Alterado', '2020-11-11 13:52:53', '2020-11-11 13:52:53'),
(154, NULL, 1, 77, 0, 'La valorización del dominio Promoción de la salud es Alterado', '2020-11-11 13:56:09', '2020-11-11 13:56:09'),
(155, NULL, 2, 77, 0, 'La valorización del dominio Nutrición es Alterado', '2020-11-11 13:56:09', '2020-11-11 13:56:09'),
(156, NULL, 3, 77, 0, 'La valorización del dominio Eliminación e intercambio es Alterado', '2020-11-11 13:56:09', '2020-11-11 13:56:09'),
(157, NULL, 5, 77, 0, 'La valorización del dominio Percepción Cognición es Alterado', '2020-11-11 13:56:09', '2020-11-11 13:56:09'),
(158, NULL, 4, 77, 0, 'La valorización del dominio Actividad reposo es Alterado', '2020-11-11 13:56:09', '2020-11-11 13:56:09'),
(159, NULL, 6, 77, 0, 'La valorización del dominio Autopercepción es Adecuada', '2020-11-11 13:56:09', '2020-11-11 13:56:09'),
(160, NULL, 7, 77, 0, 'La valorización del dominio Rol Relaciones es Alterado', '2020-11-11 13:56:09', '2020-11-11 13:56:09'),
(161, NULL, 8, 77, 0, 'La valorización del dominio Sexualidad Reproducción es Alterado', '2020-11-11 13:56:09', '2020-11-11 13:56:09'),
(162, NULL, 12, 77, 0, 'La valorización del dominio Confort es Alterado', '2020-11-11 13:56:09', '2020-11-11 13:56:09'),
(163, NULL, 11, 77, 0, 'La valorización del dominio Seguridad y protección es Alterado', '2020-11-11 13:56:09', '2020-11-11 13:56:09'),
(164, NULL, 10, 77, 0, 'La valorización del dominio Principios Vitales es Adecuada', '2020-11-11 13:56:09', '2020-11-11 13:56:09'),
(165, NULL, 9, 77, 0, 'La valorización del dominio Afrontamiento y tolerancia al estrés es Alterado', '2020-11-11 13:56:09', '2020-11-11 13:56:09'),
(166, NULL, 13, 77, 0, 'La valorización del dominio Crecimiento y desarrollo es Alterado', '2020-11-11 13:56:09', '2020-11-11 13:56:09'),
(167, NULL, 14, 77, 0, 'La valorización del dominio Seguridad es Adecuada', '2020-11-11 13:56:09', '2020-11-11 13:56:09'),
(168, NULL, 4, 78, 0, 'La valorización del dominio Actividad reposo es Alterado', '2020-11-11 13:59:01', '2020-11-11 13:59:01'),
(169, NULL, 1, 78, 0, 'La valorización del dominio Promoción de la salud es Alterado', '2020-11-11 13:59:01', '2020-11-11 13:59:01'),
(170, NULL, 2, 78, 0, 'La valorización del dominio Nutrición es Alterado', '2020-11-11 13:59:01', '2020-11-11 13:59:01'),
(171, NULL, 3, 78, 0, 'La valorización del dominio Eliminación e intercambio es Alterado', '2020-11-11 13:59:01', '2020-11-11 13:59:01'),
(172, NULL, 5, 78, 0, 'La valorización del dominio Percepción Cognición es Alterado', '2020-11-11 13:59:01', '2020-11-11 13:59:01'),
(173, NULL, 10, 78, 0, 'La valorización del dominio Principios Vitales es Adecuada', '2020-11-11 13:59:01', '2020-11-11 13:59:01'),
(174, NULL, 8, 78, 0, 'La valorización del dominio Sexualidad Reproducción es Alterado', '2020-11-11 13:59:01', '2020-11-11 13:59:01'),
(175, NULL, 7, 78, 0, 'La valorización del dominio Rol Relaciones es Alterado', '2020-11-11 13:59:01', '2020-11-11 13:59:01'),
(176, NULL, 9, 78, 0, 'La valorización del dominio Afrontamiento y tolerancia al estrés es Alterado', '2020-11-11 13:59:01', '2020-11-11 13:59:01'),
(177, NULL, 6, 78, 0, 'La valorización del dominio Autopercepción es Adecuada', '2020-11-11 13:59:01', '2020-11-11 13:59:01'),
(178, NULL, 11, 78, 0, 'La valorización del dominio Seguridad y protección es Alterado', '2020-11-11 13:59:02', '2020-11-11 13:59:02'),
(179, NULL, 12, 78, 0, 'La valorización del dominio Confort es Alterado', '2020-11-11 13:59:02', '2020-11-11 13:59:02'),
(180, NULL, 13, 78, 0, 'La valorización del dominio Crecimiento y desarrollo es Alterado', '2020-11-11 13:59:02', '2020-11-11 13:59:02'),
(181, NULL, 14, 78, 0, 'La valorización del dominio Seguridad es Adecuada', '2020-11-11 13:59:02', '2020-11-11 13:59:02'),
(182, NULL, 1, 79, 0, 'La valorización del dominio Promoción de la salud es Alterado', '2020-11-11 14:00:11', '2020-11-11 14:00:11'),
(183, NULL, 4, 79, 0, 'La valorización del dominio Actividad reposo es Alterado', '2020-11-11 14:00:11', '2020-11-11 14:00:11'),
(184, NULL, 2, 79, 0, 'La valorización del dominio Nutrición es Alterado', '2020-11-11 14:00:11', '2020-11-11 14:00:11'),
(185, NULL, 3, 79, 0, 'La valorización del dominio Eliminación e intercambio es Alterado', '2020-11-11 14:00:11', '2020-11-11 14:00:11'),
(186, NULL, 5, 79, 0, 'La valorización del dominio Percepción Cognición es Alterado', '2020-11-11 14:00:11', '2020-11-11 14:00:11'),
(187, NULL, 6, 79, 0, 'La valorización del dominio Autopercepción es Adecuada', '2020-11-11 14:00:11', '2020-11-11 14:00:11'),
(188, NULL, 8, 79, 0, 'La valorización del dominio Sexualidad Reproducción es Alterado', '2020-11-11 14:00:11', '2020-11-11 14:00:11'),
(189, NULL, 7, 79, 0, 'La valorización del dominio Rol Relaciones es Alterado', '2020-11-11 14:00:11', '2020-11-11 14:00:11'),
(190, NULL, 9, 79, 0, 'La valorización del dominio Afrontamiento y tolerancia al estrés es Alterado', '2020-11-11 14:00:11', '2020-11-11 14:00:11'),
(191, NULL, 10, 79, 0, 'La valorización del dominio Principios Vitales es Adecuada', '2020-11-11 14:00:11', '2020-11-11 14:00:11'),
(192, NULL, 11, 79, 0, 'La valorización del dominio Seguridad y protección es Alterado', '2020-11-11 14:00:11', '2020-11-11 14:00:11'),
(193, NULL, 13, 79, 0, 'La valorización del dominio Crecimiento y desarrollo es Alterado', '2020-11-11 14:00:12', '2020-11-11 14:00:12'),
(194, NULL, 12, 79, 0, 'La valorización del dominio Confort es Alterado', '2020-11-11 14:00:12', '2020-11-11 14:00:12'),
(195, NULL, 14, 79, 0, 'La valorización del dominio Seguridad es Adecuada', '2020-11-11 14:00:12', '2020-11-11 14:00:12'),
(196, NULL, 1, 80, 0, 'La valorización del dominio Promoción de la salud es Alterado', '2020-11-11 14:13:00', '2020-11-11 14:13:00'),
(197, NULL, 5, 80, 0, 'La valorización del dominio Percepción Cognición es Alterado', '2020-11-11 14:13:01', '2020-11-11 14:13:01'),
(198, NULL, 3, 80, 0, 'La valorización del dominio Eliminación e intercambio es Alterado', '2020-11-11 14:13:01', '2020-11-11 14:13:01'),
(199, NULL, 2, 80, 0, 'La valorización del dominio Nutrición es Alterado', '2020-11-11 14:13:01', '2020-11-11 14:13:01'),
(200, NULL, 4, 80, 0, 'La valorización del dominio Actividad reposo es Alterado', '2020-11-11 14:13:01', '2020-11-11 14:13:01'),
(201, NULL, 6, 80, 0, 'La valorización del dominio Autopercepción es Adecuada', '2020-11-11 14:13:01', '2020-11-11 14:13:01'),
(202, NULL, 7, 80, 0, 'La valorización del dominio Rol Relaciones es Alterado', '2020-11-11 14:13:01', '2020-11-11 14:13:01'),
(203, NULL, 8, 80, 0, 'La valorización del dominio Sexualidad Reproducción es Alterado', '2020-11-11 14:13:01', '2020-11-11 14:13:01'),
(204, NULL, 10, 80, 0, 'La valorización del dominio Principios Vitales es Adecuada', '2020-11-11 14:13:01', '2020-11-11 14:13:01'),
(205, NULL, 9, 80, 0, 'La valorización del dominio Afrontamiento y tolerancia al estrés es Alterado', '2020-11-11 14:13:01', '2020-11-11 14:13:01'),
(206, NULL, 11, 80, 0, 'La valorización del dominio Seguridad y protección es Alterado', '2020-11-11 14:13:01', '2020-11-11 14:13:01'),
(207, NULL, 12, 80, 0, 'La valorización del dominio Confort es Alterado', '2020-11-11 14:13:01', '2020-11-11 14:13:01'),
(208, NULL, 13, 80, 0, 'La valorización del dominio Crecimiento y desarrollo es Alterado', '2020-11-11 14:13:01', '2020-11-11 14:13:01'),
(209, NULL, 14, 80, 0, 'La valorización del dominio Seguridad es Adecuada', '2020-11-11 14:13:01', '2020-11-11 14:13:01'),
(210, NULL, 1, 81, 0, 'La valorización del dominio Promoción de la salud es Alterado', '2020-11-11 14:21:47', '2020-11-11 14:21:47'),
(211, NULL, 2, 81, 0, 'La valorización del dominio Nutrición es Alterado', '2020-11-11 14:21:47', '2020-11-11 14:21:47'),
(212, NULL, 4, 81, 0, 'La valorización del dominio Actividad reposo es Alterado', '2020-11-11 14:21:47', '2020-11-11 14:21:47'),
(213, NULL, 3, 81, 0, 'La valorización del dominio Eliminación e intercambio es Alterado', '2020-11-11 14:21:47', '2020-11-11 14:21:47'),
(214, NULL, 5, 81, 0, 'La valorización del dominio Percepción Cognición es Alterado', '2020-11-11 14:21:47', '2020-11-11 14:21:47'),
(215, NULL, 6, 81, 0, 'La valorización del dominio Autopercepción es Adecuada', '2020-11-11 14:21:47', '2020-11-11 14:21:47'),
(216, NULL, 8, 81, 0, 'La valorización del dominio Sexualidad Reproducción es Alterado', '2020-11-11 14:21:47', '2020-11-11 14:21:47'),
(217, NULL, 7, 81, 0, 'La valorización del dominio Rol Relaciones es Alterado', '2020-11-11 14:21:47', '2020-11-11 14:21:47'),
(218, NULL, 9, 81, 0, 'La valorización del dominio Afrontamiento y tolerancia al estrés es Alterado', '2020-11-11 14:21:47', '2020-11-11 14:21:47'),
(219, NULL, 10, 81, 0, 'La valorización del dominio Principios Vitales es Adecuada', '2020-11-11 14:21:47', '2020-11-11 14:21:47'),
(220, NULL, 11, 81, 0, 'La valorización del dominio Seguridad y protección es Alterado', '2020-11-11 14:21:47', '2020-11-11 14:21:47'),
(221, NULL, 13, 81, 0, 'La valorización del dominio Crecimiento y desarrollo es Alterado', '2020-11-11 14:21:47', '2020-11-11 14:21:47'),
(222, NULL, 12, 81, 0, 'La valorización del dominio Confort es Alterado', '2020-11-11 14:21:47', '2020-11-11 14:21:47'),
(223, NULL, 14, 81, 0, 'La valorización del dominio Seguridad es Adecuada', '2020-11-11 14:21:47', '2020-11-11 14:21:47'),
(224, NULL, 2, 82, 0, 'La valorización del dominio Nutrición es Alterado', '2020-11-11 14:28:33', '2020-11-11 14:28:33'),
(225, NULL, 3, 82, 0, 'La valorización del dominio Eliminación e intercambio es Alterado', '2020-11-11 14:28:33', '2020-11-11 14:28:33'),
(226, NULL, 1, 82, 0, 'La valorización del dominio Promoción de la salud es Alterado', '2020-11-11 14:28:33', '2020-11-11 14:28:33'),
(227, NULL, 4, 82, 0, 'La valorización del dominio Actividad reposo es Alterado', '2020-11-11 14:28:33', '2020-11-11 14:28:33'),
(228, NULL, 5, 82, 0, 'La valorización del dominio Percepción Cognición es Alterado', '2020-11-11 14:28:34', '2020-11-11 14:28:34'),
(229, NULL, 6, 82, 0, 'La valorización del dominio Autopercepción es Adecuada', '2020-11-11 14:28:34', '2020-11-11 14:28:34'),
(230, NULL, 10, 82, 0, 'La valorización del dominio Principios Vitales es Adecuada', '2020-11-11 14:28:34', '2020-11-11 14:28:34'),
(231, NULL, 8, 82, 0, 'La valorización del dominio Sexualidad Reproducción es Alterado', '2020-11-11 14:28:34', '2020-11-11 14:28:34'),
(232, NULL, 9, 82, 0, 'La valorización del dominio Afrontamiento y tolerancia al estrés es Alterado', '2020-11-11 14:28:34', '2020-11-11 14:28:34'),
(233, NULL, 7, 82, 0, 'La valorización del dominio Rol Relaciones es Alterado', '2020-11-11 14:28:34', '2020-11-11 14:28:34'),
(234, NULL, 11, 82, 0, 'La valorización del dominio Seguridad y protección es Alterado', '2020-11-11 14:28:34', '2020-11-11 14:28:34'),
(235, NULL, 12, 82, 0, 'La valorización del dominio Confort es Alterado', '2020-11-11 14:28:34', '2020-11-11 14:28:34'),
(236, NULL, 14, 82, 0, 'La valorización del dominio Seguridad es Adecuada', '2020-11-11 14:28:34', '2020-11-11 14:28:34'),
(237, NULL, 13, 82, 0, 'La valorización del dominio Crecimiento y desarrollo es Alterado', '2020-11-11 14:28:34', '2020-11-11 14:28:34'),
(238, NULL, 3, 83, 0, 'La valorización del dominio Eliminación e intercambio es Alterado', '2020-11-11 14:31:13', '2020-11-11 14:31:13'),
(239, NULL, 4, 83, 0, 'La valorización del dominio Actividad reposo es Alterado', '2020-11-11 14:31:13', '2020-11-11 14:31:13'),
(240, NULL, 2, 83, 0, 'La valorización del dominio Nutrición es Alterado', '2020-11-11 14:31:13', '2020-11-11 14:31:13'),
(241, NULL, 1, 83, 0, 'La valorización del dominio Promoción de la salud es Alterado', '2020-11-11 14:31:13', '2020-11-11 14:31:13'),
(242, NULL, 5, 83, 0, 'La valorización del dominio Percepción Cognición es Alterado', '2020-11-11 14:31:13', '2020-11-11 14:31:13'),
(243, NULL, 7, 83, 0, 'La valorización del dominio Rol Relaciones es Alterado', '2020-11-11 14:31:14', '2020-11-11 14:31:14'),
(244, NULL, 8, 83, 0, 'La valorización del dominio Sexualidad Reproducción es Alterado', '2020-11-11 14:31:14', '2020-11-11 14:31:14'),
(245, NULL, 6, 83, 0, 'La valorización del dominio Autopercepción es Adecuada', '2020-11-11 14:31:14', '2020-11-11 14:31:14'),
(246, NULL, 9, 83, 0, 'La valorización del dominio Afrontamiento y tolerancia al estrés es Alterado', '2020-11-11 14:31:14', '2020-11-11 14:31:14'),
(247, NULL, 12, 83, 0, 'La valorización del dominio Confort es Alterado', '2020-11-11 14:31:14', '2020-11-11 14:31:14'),
(248, NULL, 11, 83, 0, 'La valorización del dominio Seguridad y protección es Alterado', '2020-11-11 14:31:14', '2020-11-11 14:31:14'),
(249, NULL, 13, 83, 0, 'La valorización del dominio Crecimiento y desarrollo es Adecuada', '2020-11-11 14:31:14', '2020-11-11 14:31:14'),
(250, NULL, 14, 83, 0, 'La valorización del dominio Seguridad es Adecuada', '2020-11-11 14:31:14', '2020-11-11 14:31:14'),
(251, NULL, 10, 83, 0, 'La valorización del dominio Principios Vitales es Adecuada', '2020-11-11 14:31:14', '2020-11-11 14:31:14'),
(252, NULL, 1, 84, 0, 'La valorización del dominio Promoción de la salud es Alterado', '2020-11-11 14:35:55', '2020-11-11 14:35:55'),
(253, NULL, 2, 84, 0, 'La valorización del dominio Nutrición es Alterado', '2020-11-11 14:35:55', '2020-11-11 14:35:55'),
(254, NULL, 3, 84, 0, 'La valorización del dominio Eliminación e intercambio es Alterado', '2020-11-11 14:35:55', '2020-11-11 14:35:55'),
(255, NULL, 4, 84, 0, 'La valorización del dominio Actividad reposo es Alterado', '2020-11-11 14:35:55', '2020-11-11 14:35:55'),
(256, NULL, 5, 84, 0, 'La valorización del dominio Percepción Cognición es Alterado', '2020-11-11 14:35:55', '2020-11-11 14:35:55'),
(257, NULL, 6, 84, 0, 'La valorización del dominio Autopercepción es Adecuada', '2020-11-11 14:35:55', '2020-11-11 14:35:55'),
(258, NULL, 7, 84, 0, 'La valorización del dominio Rol Relaciones es Alterado', '2020-11-11 14:35:55', '2020-11-11 14:35:55'),
(259, NULL, 8, 84, 0, 'La valorización del dominio Sexualidad Reproducción es Alterado', '2020-11-11 14:35:55', '2020-11-11 14:35:55'),
(260, NULL, 9, 84, 0, 'La valorización del dominio Afrontamiento y tolerancia al estrés es Alterado', '2020-11-11 14:35:55', '2020-11-11 14:35:55'),
(261, NULL, 11, 84, 0, 'La valorización del dominio Seguridad y protección es Alterado', '2020-11-11 14:35:55', '2020-11-11 14:35:55'),
(262, NULL, 10, 84, 0, 'La valorización del dominio Principios Vitales es Adecuada', '2020-11-11 14:35:55', '2020-11-11 14:35:55'),
(263, NULL, 13, 84, 0, 'La valorización del dominio Crecimiento y desarrollo es Alterado', '2020-11-11 14:35:55', '2020-11-11 14:35:55'),
(264, NULL, 12, 84, 0, 'La valorización del dominio Confort es Alterado', '2020-11-11 14:35:55', '2020-11-11 14:35:55'),
(265, NULL, 14, 84, 0, 'La valorización del dominio Seguridad es Adecuada', '2020-11-11 14:35:55', '2020-11-11 14:35:55'),
(266, NULL, 1, 85, 0, 'La valorización del dominio Promoción de la salud es Alterado', '2020-11-11 14:40:52', '2020-11-11 14:40:52'),
(267, NULL, 2, 85, 0, 'La valorización del dominio Nutrición es Alterado', '2020-11-11 14:40:52', '2020-11-11 14:40:52'),
(268, NULL, 3, 85, 0, 'La valorización del dominio Eliminación e intercambio es Alterado', '2020-11-11 14:40:52', '2020-11-11 14:40:52'),
(269, NULL, 4, 85, 0, 'La valorización del dominio Actividad reposo es Alterado', '2020-11-11 14:40:52', '2020-11-11 14:40:52'),
(270, NULL, 8, 85, 0, 'La valorización del dominio Sexualidad Reproducción es Alterado', '2020-11-11 14:40:52', '2020-11-11 14:40:52'),
(271, NULL, 5, 85, 0, 'La valorización del dominio Percepción Cognición es Alterado', '2020-11-11 14:40:52', '2020-11-11 14:40:52'),
(272, NULL, 6, 85, 0, 'La valorización del dominio Autopercepción es Adecuada', '2020-11-11 14:40:52', '2020-11-11 14:40:52'),
(273, NULL, 7, 85, 0, 'La valorización del dominio Rol Relaciones es Alterado', '2020-11-11 14:40:52', '2020-11-11 14:40:52'),
(274, NULL, 9, 85, 0, 'La valorización del dominio Afrontamiento y tolerancia al estrés es Alterado', '2020-11-11 14:40:52', '2020-11-11 14:40:52'),
(275, NULL, 10, 85, 0, 'La valorización del dominio Principios Vitales es Adecuada', '2020-11-11 14:40:52', '2020-11-11 14:40:52'),
(276, NULL, 11, 85, 0, 'La valorización del dominio Seguridad y protección es Alterado', '2020-11-11 14:40:52', '2020-11-11 14:40:52'),
(277, NULL, 14, 85, 0, 'La valorización del dominio Seguridad es Adecuada', '2020-11-11 14:40:52', '2020-11-11 14:40:52'),
(278, NULL, 13, 85, 0, 'La valorización del dominio Crecimiento y desarrollo es Alterado', '2020-11-11 14:40:52', '2020-11-11 14:40:52'),
(279, NULL, 12, 85, 0, 'La valorización del dominio Confort es Alterado', '2020-11-11 14:40:52', '2020-11-11 14:40:52'),
(280, NULL, 2, 86, 0, 'La valorización del dominio Nutrición es Alterado', '2020-11-11 14:44:15', '2020-11-11 14:44:15'),
(281, NULL, 1, 86, 0, 'La valorización del dominio Promoción de la salud es Alterado', '2020-11-11 14:44:15', '2020-11-11 14:44:15'),
(282, NULL, 3, 86, 0, 'La valorización del dominio Eliminación e intercambio es Alterado', '2020-11-11 14:44:15', '2020-11-11 14:44:15'),
(283, NULL, 4, 86, 0, 'La valorización del dominio Actividad reposo es Alterado', '2020-11-11 14:44:15', '2020-11-11 14:44:15'),
(284, NULL, 5, 86, 0, 'La valorización del dominio Percepción Cognición es Alterado', '2020-11-11 14:44:15', '2020-11-11 14:44:15'),
(285, NULL, 6, 86, 0, 'La valorización del dominio Autopercepción es Adecuada', '2020-11-11 14:44:15', '2020-11-11 14:44:15'),
(286, NULL, 7, 86, 0, 'La valorización del dominio Rol Relaciones es Alterado', '2020-11-11 14:44:15', '2020-11-11 14:44:15'),
(287, NULL, 8, 86, 0, 'La valorización del dominio Sexualidad Reproducción es Alterado', '2020-11-11 14:44:15', '2020-11-11 14:44:15'),
(288, NULL, 9, 86, 0, 'La valorización del dominio Afrontamiento y tolerancia al estrés es Alterado', '2020-11-11 14:44:15', '2020-11-11 14:44:15'),
(289, NULL, 11, 86, 0, 'La valorización del dominio Seguridad y protección es Alterado', '2020-11-11 14:44:15', '2020-11-11 14:44:15'),
(290, NULL, 10, 86, 0, 'La valorización del dominio Principios Vitales es Adecuada', '2020-11-11 14:44:15', '2020-11-11 14:44:15'),
(291, NULL, 12, 86, 0, 'La valorización del dominio Confort es Alterado', '2020-11-11 14:44:15', '2020-11-11 14:44:15'),
(292, NULL, 13, 86, 0, 'La valorización del dominio Crecimiento y desarrollo es Alterado', '2020-11-11 14:44:15', '2020-11-11 14:44:15'),
(293, NULL, 14, 86, 0, 'La valorización del dominio Seguridad es Adecuada', '2020-11-11 14:44:15', '2020-11-11 14:44:15'),
(294, NULL, 3, 87, 0, 'La valorización del dominio Eliminación e intercambio es Alterado', '2020-11-11 14:48:32', '2020-11-11 14:48:32'),
(295, NULL, 2, 87, 0, 'La valorización del dominio Nutrición es Alterado', '2020-11-11 14:48:32', '2020-11-11 14:48:32'),
(296, NULL, 4, 87, 0, 'La valorización del dominio Actividad reposo es Alterado', '2020-11-11 14:48:32', '2020-11-11 14:48:32'),
(297, NULL, 1, 87, 0, 'La valorización del dominio Promoción de la salud es Alterado', '2020-11-11 14:48:32', '2020-11-11 14:48:32'),
(298, NULL, 5, 87, 0, 'La valorización del dominio Percepción Cognición es Alterado', '2020-11-11 14:48:32', '2020-11-11 14:48:32'),
(299, NULL, 6, 87, 0, 'La valorización del dominio Autopercepción es Adecuada', '2020-11-11 14:48:32', '2020-11-11 14:48:32'),
(300, NULL, 7, 87, 0, 'La valorización del dominio Rol Relaciones es Alterado', '2020-11-11 14:48:32', '2020-11-11 14:48:32'),
(301, NULL, 9, 87, 0, 'La valorización del dominio Afrontamiento y tolerancia al estrés es Alterado', '2020-11-11 14:48:32', '2020-11-11 14:48:32'),
(302, NULL, 10, 87, 0, 'La valorización del dominio Principios Vitales es Adecuada', '2020-11-11 14:48:32', '2020-11-11 14:48:32'),
(303, NULL, 8, 87, 0, 'La valorización del dominio Sexualidad Reproducción es Alterado', '2020-11-11 14:48:32', '2020-11-11 14:48:32'),
(304, NULL, 11, 87, 0, 'La valorización del dominio Seguridad y protección es Alterado', '2020-11-11 14:48:32', '2020-11-11 14:48:32'),
(305, NULL, 12, 87, 0, 'La valorización del dominio Confort es Alterado', '2020-11-11 14:48:33', '2020-11-11 14:48:33'),
(306, NULL, 14, 87, 0, 'La valorización del dominio Seguridad es Adecuada', '2020-11-11 14:48:33', '2020-11-11 14:48:33'),
(307, NULL, 13, 87, 0, 'La valorización del dominio Crecimiento y desarrollo es Alterado', '2020-11-11 14:48:33', '2020-11-11 14:48:33'),
(308, NULL, 4, 89, 0, 'La valorización del dominio Actividad reposo es Alterado', '2020-11-11 15:02:06', '2020-11-11 15:02:06'),
(309, NULL, 1, 89, 0, 'La valorización del dominio Promoción de la salud es Alterado', '2020-11-11 15:02:06', '2020-11-11 15:02:06'),
(310, NULL, 3, 89, 0, 'La valorización del dominio Eliminación e intercambio es Alterado', '2020-11-11 15:02:06', '2020-11-11 15:02:06'),
(311, NULL, 2, 89, 0, 'La valorización del dominio Nutrición es Alterado', '2020-11-11 15:02:06', '2020-11-11 15:02:06'),
(312, NULL, 6, 89, 0, 'La valorización del dominio Autopercepción es Adecuada', '2020-11-11 15:02:06', '2020-11-11 15:02:06'),
(313, NULL, 7, 89, 0, 'La valorización del dominio Rol Relaciones es Alterado', '2020-11-11 15:02:06', '2020-11-11 15:02:06'),
(314, NULL, 5, 89, 0, 'La valorización del dominio Percepción Cognición es Alterado', '2020-11-11 15:02:06', '2020-11-11 15:02:06'),
(315, NULL, 9, 89, 0, 'La valorización del dominio Afrontamiento y tolerancia al estrés es Alterado', '2020-11-11 15:02:06', '2020-11-11 15:02:06'),
(316, NULL, 11, 89, 0, 'La valorización del dominio Seguridad y protección es Alterado', '2020-11-11 15:02:06', '2020-11-11 15:02:06'),
(317, NULL, 12, 89, 0, 'La valorización del dominio Confort es Alterado', '2020-11-11 15:02:06', '2020-11-11 15:02:06'),
(318, NULL, 8, 89, 0, 'La valorización del dominio Sexualidad Reproducción es Alterado', '2020-11-11 15:02:06', '2020-11-11 15:02:06'),
(319, NULL, 13, 89, 0, 'La valorización del dominio Crecimiento y desarrollo es Alterado', '2020-11-11 15:02:06', '2020-11-11 15:02:06'),
(320, NULL, 14, 89, 0, 'La valorización del dominio Seguridad es Adecuada', '2020-11-11 15:02:06', '2020-11-11 15:02:06'),
(321, NULL, 10, 89, 0, 'La valorización del dominio Principios Vitales es Adecuada', '2020-11-11 15:02:06', '2020-11-11 15:02:06'),
(322, NULL, 1, 90, 0, 'La valorización del dominio Promoción de la salud es Alterado', '2020-11-11 15:11:39', '2020-11-11 15:11:39'),
(323, NULL, 3, 90, 0, 'La valorización del dominio Eliminación e intercambio es Alterado', '2020-11-11 15:11:39', '2020-11-11 15:11:39'),
(324, NULL, 2, 90, 0, 'La valorización del dominio Nutrición es Alterado', '2020-11-11 15:11:39', '2020-11-11 15:11:39'),
(325, NULL, 7, 90, 0, 'La valorización del dominio Rol Relaciones es Alterado', '2020-11-11 15:11:40', '2020-11-11 15:11:40'),
(326, NULL, 4, 90, 0, 'La valorización del dominio Actividad reposo es Alterado', '2020-11-11 15:11:40', '2020-11-11 15:11:40'),
(327, NULL, 6, 90, 0, 'La valorización del dominio Autopercepción es Adecuada', '2020-11-11 15:11:40', '2020-11-11 15:11:40'),
(328, NULL, 5, 90, 0, 'La valorización del dominio Percepción Cognición es Alterado', '2020-11-11 15:11:40', '2020-11-11 15:11:40'),
(329, NULL, 8, 90, 0, 'La valorización del dominio Sexualidad Reproducción es Alterado', '2020-11-11 15:11:40', '2020-11-11 15:11:40'),
(330, NULL, 9, 90, 0, 'La valorización del dominio Afrontamiento y tolerancia al estrés es Alterado', '2020-11-11 15:11:40', '2020-11-11 15:11:40'),
(331, NULL, 14, 90, 0, 'La valorización del dominio Seguridad es Adecuada', '2020-11-11 15:11:41', '2020-11-11 15:11:41'),
(332, NULL, 11, 90, 0, 'La valorización del dominio Seguridad y protección es Alterado', '2020-11-11 15:11:41', '2020-11-11 15:11:41'),
(333, NULL, 12, 90, 0, 'La valorización del dominio Confort es Alterado', '2020-11-11 15:11:41', '2020-11-11 15:11:41'),
(334, NULL, 13, 90, 0, 'La valorización del dominio Crecimiento y desarrollo es Alterado', '2020-11-11 15:11:41', '2020-11-11 15:11:41'),
(335, NULL, 10, 90, 0, 'La valorización del dominio Principios Vitales es Adecuada', '2020-11-11 15:11:41', '2020-11-11 15:11:41'),
(336, NULL, 1, 91, 0, 'La valorización del dominio Promoción de la salud es Alterado', '2020-11-11 15:23:30', '2020-11-11 15:23:30'),
(337, NULL, 2, 91, 0, 'La valorización del dominio Nutrición es Alterado', '2020-11-11 15:23:30', '2020-11-11 15:23:30'),
(338, NULL, 5, 91, 0, 'La valorización del dominio Percepción Cognición es Alterado', '2020-11-11 15:23:30', '2020-11-11 15:23:30'),
(339, NULL, 3, 91, 0, 'La valorización del dominio Eliminación e intercambio es Alterado', '2020-11-11 15:23:30', '2020-11-11 15:23:30'),
(340, NULL, 4, 91, 0, 'La valorización del dominio Actividad reposo es Alterado', '2020-11-11 15:23:30', '2020-11-11 15:23:30'),
(341, NULL, 6, 91, 0, 'La valorización del dominio Autopercepción es Adecuada', '2020-11-11 15:23:30', '2020-11-11 15:23:30'),
(342, NULL, 7, 91, 0, 'La valorización del dominio Rol Relaciones es Alterado', '2020-11-11 15:23:30', '2020-11-11 15:23:30'),
(343, NULL, 8, 91, 0, 'La valorización del dominio Sexualidad Reproducción es Alterado', '2020-11-11 15:23:30', '2020-11-11 15:23:30'),
(344, NULL, 10, 91, 0, 'La valorización del dominio Principios Vitales es Adecuada', '2020-11-11 15:23:31', '2020-11-11 15:23:31'),
(345, NULL, 9, 91, 0, 'La valorización del dominio Afrontamiento y tolerancia al estrés es Alterado', '2020-11-11 15:23:31', '2020-11-11 15:23:31'),
(346, NULL, 12, 91, 0, 'La valorización del dominio Confort es Alterado', '2020-11-11 15:23:31', '2020-11-11 15:23:31'),
(347, NULL, 11, 91, 0, 'La valorización del dominio Seguridad y protección es Alterado', '2020-11-11 15:23:31', '2020-11-11 15:23:31'),
(348, NULL, 13, 91, 0, 'La valorización del dominio Crecimiento y desarrollo es Alterado', '2020-11-11 15:23:31', '2020-11-11 15:23:31'),
(349, NULL, 14, 91, 0, 'La valorización del dominio Seguridad es Adecuada', '2020-11-11 15:23:31', '2020-11-11 15:23:31'),
(350, NULL, 4, 92, 0, 'La valorización del dominio Actividad reposo es Alterado', '2020-11-11 15:48:17', '2020-11-11 15:48:17'),
(351, NULL, 2, 92, 0, 'La valorización del dominio Nutrición es Alterado', '2020-11-11 15:48:17', '2020-11-11 15:48:17'),
(352, NULL, 3, 92, 0, 'La valorización del dominio Eliminación e intercambio es Alterado', '2020-11-11 15:48:17', '2020-11-11 15:48:17'),
(353, NULL, 1, 92, 0, 'La valorización del dominio Promoción de la salud es Alterado', '2020-11-11 15:48:17', '2020-11-11 15:48:17'),
(354, NULL, 5, 92, 0, 'La valorización del dominio Percepción Cognición es Alterado', '2020-11-11 15:48:17', '2020-11-11 15:48:17'),
(355, NULL, 6, 92, 0, 'La valorización del dominio Autopercepción es Adecuada', '2020-11-11 15:48:17', '2020-11-11 15:48:17'),
(356, NULL, 7, 92, 0, 'La valorización del dominio Rol Relaciones es Alterado', '2020-11-11 15:48:17', '2020-11-11 15:48:17'),
(357, NULL, 8, 92, 0, 'La valorización del dominio Sexualidad Reproducción es Alterado', '2020-11-11 15:48:17', '2020-11-11 15:48:17'),
(358, NULL, 11, 92, 0, 'La valorización del dominio Seguridad y protección es Alterado', '2020-11-11 15:48:17', '2020-11-11 15:48:17'),
(359, NULL, 10, 92, 0, 'La valorización del dominio Principios Vitales es Adecuada', '2020-11-11 15:48:17', '2020-11-11 15:48:17'),
(360, NULL, 9, 92, 0, 'La valorización del dominio Afrontamiento y tolerancia al estrés es Alterado', '2020-11-11 15:48:17', '2020-11-11 15:48:17'),
(361, NULL, 12, 92, 0, 'La valorización del dominio Confort es Alterado', '2020-11-11 15:48:17', '2020-11-11 15:48:17'),
(362, NULL, 13, 92, 0, 'La valorización del dominio Crecimiento y desarrollo es Alterado', '2020-11-11 15:48:17', '2020-11-11 15:48:17'),
(363, NULL, 14, 92, 0, 'La valorización del dominio Seguridad es Adecuada', '2020-11-11 15:48:17', '2020-11-11 15:48:17'),
(364, NULL, 4, 93, 0, 'La valorización del dominio Actividad reposo es Alterado', '2020-11-11 15:49:45', '2020-11-11 15:49:45'),
(365, NULL, 5, 93, 0, 'La valorización del dominio Percepción Cognición es Alterado', '2020-11-11 15:49:45', '2020-11-11 15:49:45'),
(366, NULL, 2, 93, 0, 'La valorización del dominio Nutrición es Alterado', '2020-11-11 15:49:45', '2020-11-11 15:49:45'),
(367, NULL, 1, 93, 0, 'La valorización del dominio Promoción de la salud es Alterado', '2020-11-11 15:49:45', '2020-11-11 15:49:45'),
(368, NULL, 3, 93, 0, 'La valorización del dominio Eliminación e intercambio es Alterado', '2020-11-11 15:49:45', '2020-11-11 15:49:45'),
(369, NULL, 6, 93, 0, 'La valorización del dominio Autopercepción es Adecuada', '2020-11-11 15:49:45', '2020-11-11 15:49:45'),
(370, NULL, 8, 93, 0, 'La valorización del dominio Sexualidad Reproducción es Alterado', '2020-11-11 15:49:45', '2020-11-11 15:49:45'),
(371, NULL, 7, 93, 0, 'La valorización del dominio Rol Relaciones es Alterado', '2020-11-11 15:49:45', '2020-11-11 15:49:45'),
(372, NULL, 9, 93, 0, 'La valorización del dominio Afrontamiento y tolerancia al estrés es Alterado', '2020-11-11 15:49:45', '2020-11-11 15:49:45'),
(373, NULL, 10, 93, 0, 'La valorización del dominio Principios Vitales es Adecuada', '2020-11-11 15:49:45', '2020-11-11 15:49:45'),
(374, NULL, 11, 93, 0, 'La valorización del dominio Seguridad y protección es Alterado', '2020-11-11 15:49:45', '2020-11-11 15:49:45'),
(375, NULL, 12, 93, 0, 'La valorización del dominio Confort es Alterado', '2020-11-11 15:49:45', '2020-11-11 15:49:45'),
(376, NULL, 14, 93, 0, 'La valorización del dominio Seguridad es Adecuada', '2020-11-11 15:49:45', '2020-11-11 15:49:45'),
(377, NULL, 13, 93, 0, 'La valorización del dominio Crecimiento y desarrollo es Alterado', '2020-11-11 15:49:45', '2020-11-11 15:49:45'),
(378, NULL, 1, 94, 0, 'La valorización del dominio Promoción de la salud es Alterado', '2020-11-11 15:53:29', '2020-11-11 15:53:29'),
(379, NULL, 5, 94, 0, 'La valorización del dominio Percepción Cognición es Alterado', '2020-11-11 15:53:29', '2020-11-11 15:53:29'),
(380, NULL, 4, 94, 0, 'La valorización del dominio Actividad reposo es Alterado', '2020-11-11 15:53:29', '2020-11-11 15:53:29'),
(381, NULL, 2, 94, 0, 'La valorización del dominio Nutrición es Alterado', '2020-11-11 15:53:29', '2020-11-11 15:53:29'),
(382, NULL, 3, 94, 0, 'La valorización del dominio Eliminación e intercambio es Alterado', '2020-11-11 15:53:29', '2020-11-11 15:53:29'),
(383, NULL, 8, 94, 0, 'La valorización del dominio Sexualidad Reproducción es Alterado', '2020-11-11 15:53:29', '2020-11-11 15:53:29'),
(384, NULL, 9, 94, 0, 'La valorización del dominio Afrontamiento y tolerancia al estrés es Alterado', '2020-11-11 15:53:29', '2020-11-11 15:53:29'),
(385, NULL, 10, 94, 0, 'La valorización del dominio Principios Vitales es Adecuada', '2020-11-11 15:53:29', '2020-11-11 15:53:29'),
(386, NULL, 7, 94, 0, 'La valorización del dominio Rol Relaciones es Alterado', '2020-11-11 15:53:29', '2020-11-11 15:53:29'),
(387, NULL, 6, 94, 0, 'La valorización del dominio Autopercepción es Adecuada', '2020-11-11 15:53:29', '2020-11-11 15:53:29');
INSERT INTO `observaciones_dominio_ficha` (`id`, `descripcion`, `id_dominio`, `id_formulario_ficha_salud`, `resuelto`, `valorizacion`, `created_at`, `update_at`) VALUES
(388, NULL, 11, 94, 0, 'La valorización del dominio Seguridad y protección es Alterado', '2020-11-11 15:53:30', '2020-11-11 15:53:30'),
(389, NULL, 12, 94, 0, 'La valorización del dominio Confort es Alterado', '2020-11-11 15:53:30', '2020-11-11 15:53:30'),
(390, NULL, 14, 94, 0, 'La valorización del dominio Seguridad es Adecuada', '2020-11-11 15:53:30', '2020-11-11 15:53:30'),
(391, NULL, 13, 94, 0, 'La valorización del dominio Crecimiento y desarrollo es Alterado', '2020-11-11 15:53:30', '2020-11-11 15:53:30'),
(392, NULL, 2, 96, 0, 'La valorización del dominio Nutrición es Alterado', '2020-11-12 00:22:36', '2020-11-12 00:22:36'),
(393, NULL, 3, 96, 0, 'La valorización del dominio Eliminación e intercambio es Alterado', '2020-11-12 00:22:36', '2020-11-12 00:22:36'),
(394, NULL, 1, 96, 0, 'La valorización del dominio Promoción de la salud es Alterado', '2020-11-12 00:22:36', '2020-11-12 00:22:36'),
(395, NULL, 6, 96, 0, 'La valorización del dominio Autopercepción es Adecuada', '2020-11-12 00:22:36', '2020-11-12 00:22:36'),
(396, NULL, 7, 96, 0, 'La valorización del dominio Rol Relaciones es Alterado', '2020-11-12 00:22:36', '2020-11-12 00:22:36'),
(397, NULL, 8, 96, 0, 'La valorización del dominio Sexualidad Reproducción es Alterado', '2020-11-12 00:22:36', '2020-11-12 00:22:36'),
(398, NULL, 4, 96, 0, 'La valorización del dominio Actividad reposo es Alterado', '2020-11-12 00:22:36', '2020-11-12 00:22:36'),
(399, NULL, 9, 96, 0, 'La valorización del dominio Afrontamiento y tolerancia al estrés es Alterado', '2020-11-12 00:22:36', '2020-11-12 00:22:36'),
(400, NULL, 5, 96, 0, 'La valorización del dominio Percepción Cognición es Alterado', '2020-11-12 00:22:36', '2020-11-12 00:22:36'),
(401, NULL, 10, 96, 0, 'La valorización del dominio Principios Vitales es Adecuada', '2020-11-12 00:22:36', '2020-11-12 00:22:36'),
(402, NULL, 11, 96, 0, 'La valorización del dominio Seguridad y protección es Alterado', '2020-11-12 00:22:36', '2020-11-12 00:22:36'),
(403, NULL, 13, 96, 0, 'La valorización del dominio Crecimiento y desarrollo es Alterado', '2020-11-12 00:22:36', '2020-11-12 00:22:36'),
(404, NULL, 14, 96, 0, 'La valorización del dominio Seguridad es Adecuada', '2020-11-12 00:22:36', '2020-11-12 00:22:36'),
(405, NULL, 12, 96, 0, 'La valorización del dominio Confort es Alterado', '2020-11-12 00:22:36', '2020-11-12 00:22:36');

-- --------------------------------------------------------

--
-- Estructura de tabla para la tabla `password_resets`
--

CREATE TABLE `password_resets` (
  `email` varchar(255) NOT NULL,
  `token` varchar(255) NOT NULL,
  `created_at` timestamp NULL DEFAULT NULL
) ENGINE=InnoDB DEFAULT CHARSET=utf8;

--
-- Volcado de datos para la tabla `password_resets`
--

INSERT INTO `password_resets` (`email`, `token`, `created_at`) VALUES
('naydu@ufps.edu.co', '$2y$10$0Vd2yPCgmFm6kCv7bI1jfOkIsFzxW0np4F4/yxxveZLCMYKZ/u.FO', '2020-04-13 21:13:52'),
('naydu@ufps.edu.co', '$2y$10$0Vd2yPCgmFm6kCv7bI1jfOkIsFzxW0np4F4/yxxveZLCMYKZ/u.FO', '2020-04-13 21:13:52'),
('naydu@ufps.edu.co', '$2y$10$0Vd2yPCgmFm6kCv7bI1jfOkIsFzxW0np4F4/yxxveZLCMYKZ/u.FO', '2020-04-13 21:13:52'),
('naydu@ufps.edu.co', '$2y$10$0Vd2yPCgmFm6kCv7bI1jfOkIsFzxW0np4F4/yxxveZLCMYKZ/u.FO', '2020-04-13 21:13:52'),
('lauridani1@gmail.com', '$2y$10$U/vwtinHtKl7MEnIvGdO4eim2NgnUyyg4qAorgcERO7GVnMYQahoi', '2020-10-01 08:38:57'),
('samiyahiram@ufps.edu.co', '$2y$10$11Eal3Lp5N2I6C3y3YytnOfq1SgzI1GBf3Vov/yLFTqIi9JauSh.y', '2020-10-01 08:47:20'),
('profesor@gmail.com', '$2y$10$5HN13xXqFVJlZc0ihoFOT.WWz4vZg2ad317dPPfcaVy6idZrLrgVu', '2020-12-09 20:07:51');

-- --------------------------------------------------------

--
-- Estructura de tabla para la tabla `preguntas`
--

CREATE TABLE `preguntas` (
  `id` int(11) NOT NULL,
  `pregunta` varchar(255) NOT NULL,
  `tipo_input` varchar(50) NOT NULL,
  `id_dominio` int(11) NOT NULL,
  `activo` tinyint(1) DEFAULT '1',
  `descripcion_grafica` text,
  `created_at` timestamp NOT NULL DEFAULT CURRENT_TIMESTAMP,
  `updated_at` timestamp NOT NULL DEFAULT CURRENT_TIMESTAMP
) ENGINE=InnoDB DEFAULT CHARSET=utf8;

--
-- Volcado de datos para la tabla `preguntas`
--

INSERT INTO `preguntas` (`id`, `pregunta`, `tipo_input`, `id_dominio`, `activo`, `descripcion_grafica`, `created_at`, `updated_at`) VALUES
(1, '¿Cual es el estado de los oidos', 'select', 1, 1, 'Frecuencia del estado de los oídos de los estudiantes', '2020-09-08 01:41:09', '2020-09-08 01:41:09'),
(2, '¿Cual es el estado de los ojos?', 'select', 1, 1, 'Frecuencia del estado de los ojos de los estudiante', '2020-09-08 01:41:09', '2020-09-08 01:41:09'),
(3, '¿Cual es el estado de las fosas nasales?', 'select', 1, 1, 'Frecuencia del estado de las fosas nasales de los estudiante', '2020-09-08 01:41:09', '2020-09-08 01:41:09'),
(4, '¿Cual es el estado de la cavidad oral?', 'select', 1, 1, 'Frecuencia del estado de la cavidad oral de los estudiante', '2020-09-08 01:41:09', '2020-09-08 01:41:09'),
(5, '¿Cual es el estado de las manos y pies ?', 'select', 1, 1, 'Frecuencia del estado de las manos y pies de los estudiante', '2020-09-08 01:41:09', '2020-09-08 01:41:09'),
(6, '¿Cual es el estado la vestimenta?', 'select', 1, 1, 'Frecuencia del estado de la vestimenta de los estudiante', '2020-09-08 01:41:09', '2020-09-08 01:41:09'),
(7, '¿Vive con personas alcohólicos?', 'si_no', 1, 1, 'Frecuencia Presencia de alcohólicos \r\nen el hogar', '2020-09-08 01:43:22', '2020-09-08 01:43:22'),
(8, '¿Vive con personas que fuman', 'si_no', 1, 1, 'Frecuencia Presencia de fumadores\r\nen el hogar', '2020-09-08 01:43:22', '2020-09-08 01:43:22'),
(9, '¿Cuantas raciones recibe de desayuno?', 'select', 2, 1, 'Frecuencia de raciones de comidas al\r\ndia por estudiantes ', '2020-09-08 01:57:21', '2020-09-08 01:57:21'),
(10, '¿Cuantas raciones recibe de \r\nmedia mañana?', 'select', 2, 1, 'Frecuencia de raciones de comidas al\r\ndia por estudiantes ', '2020-09-08 01:57:21', '2020-09-08 01:57:21'),
(11, '¿Cuantas raciones recibe de almuerzo?', 'select', 2, 1, 'Frecuencia de raciones de comidas al\r\ndía por estudiantes ', '2020-09-08 01:57:21', '2020-09-08 01:57:21'),
(12, '¿Cuantas raciones recibe de onces?', 'select', 2, 1, 'Frecuencia de raciones de comidas al\r\ndía por estudiantes ', '2020-09-08 01:57:21', '2020-09-08 01:57:21'),
(13, '¿Cuantas raciones recibe de cena?', 'select', 2, 1, 'Frecuencia de raciones de comidas al\r\ndía por estudiantes ', '2020-09-08 01:57:21', '2020-09-08 01:57:21'),
(14, '¿Presenta anemia?', 'si_no', 2, 1, 'Frecuencia de la presencia\r\nde anemia', '2020-09-08 01:57:21', '2020-09-08 01:57:21'),
(15, '¿Presenta gingivitis?', 'si_no', 2, 1, 'Salud Oral en los escolares ', '2020-09-08 01:57:21', '2020-09-08 01:57:21'),
(16, '¿Presenta caries', 'si_no', 2, 1, 'Salud Oral en los escolares ', '2020-09-08 01:57:21', '2020-09-08 01:57:21'),
(17, '¿Presenta dolor bucal?', 'si_no', 2, 1, 'Salud Oral en los escolares ', '2020-09-08 01:57:21', '2020-09-08 01:57:21'),
(18, '¿Cuantas veces se cepilla al dia?', 'select', 2, 1, 'frecuencia de cepillado al día\r\nen los escolares \r\n', '2020-09-08 01:57:21', '2020-09-08 01:57:21'),
(19, '¿Presenta vómito?', 'si_no', 3, 1, 'frecuencia de alteraciones gastrointestinales en los escolares ', '2020-09-08 03:41:52', '2020-09-08 03:41:52'),
(20, '¿Presenta diarrea?', 'si_no', 3, 1, 'frecuencia de alteraciones gastrointestinales en los escolares ', '2020-09-08 03:41:52', '2020-09-08 03:41:52'),
(21, '¿Presenta estreñimiento?', 'si_no', 3, 1, 'frecuencia de alteraciones gastrointestinales en los escolares ', '2020-09-08 03:41:52', '2020-09-08 03:41:52'),
(22, '¿Presenta poliuria?', 'si_no', 3, 1, 'frecuencia de alteraciones urinarias en los escolares ', '2020-09-08 03:41:52', '2020-09-08 03:41:52'),
(23, '¿Presenta hematuria?', 'si_no', 3, 1, 'frecuencia de alteraciones urinarias en los escolares ', '2020-09-08 03:41:52', '2020-09-08 03:41:52'),
(24, '¿Presenta enuresis?', 'si_no', 3, 1, 'frecuencia de alteraciones urinarias en los escolares ', '2020-09-08 03:41:52', '2020-09-08 03:41:52'),
(25, '¿Cuantas horas duerme?', 'select', 4, 1, 'Frecuencia de estudiantes\r\nsegún N° de horas que duerme al día', '2020-09-08 04:07:33', '2020-09-08 04:07:33'),
(26, '¿Que actividades recreativas desempeña?', 'multiselect', 4, 1, 'Frecuencia de actividades\r\nrecreativas', '2020-09-08 04:07:33', '2020-09-08 04:07:33'),
(27, '¿Usa redes sociales?', 'si_no', 4, 1, 'usa las redes sociales', '2020-09-08 04:07:33', '2020-09-08 04:07:33'),
(28, '¿Presenta alteraciones en la columna?', 'si_no', 4, 1, 'Presencia de alteraciones en\r\ncolumna', '2020-09-08 04:07:33', '2020-09-08 04:07:33'),
(29, '¿Presenta problemas de lenguaje?', 'si_no', 5, 1, 'presencia de alteraciones\r\nen los escolares', '2020-09-08 04:13:06', '2020-09-08 04:13:06'),
(30, '¿Presenta problemas auditivos?', 'si_no', 5, 1, 'presencia de alteraciones\r\nen los escolares', '2020-09-08 04:13:06', '2020-09-08 04:13:06'),
(31, '¿Presenta problemas visuales?', 'si_no', 5, 1, 'presencia de alteraciones\r\nen los escolares', '2020-09-08 04:13:06', '2020-09-08 04:13:06'),
(32, '¿Puede describirse por si solo?', 'select', 6, 1, 'Descripción de si mismo', '2020-09-08 04:15:35', '2020-09-08 04:15:35'),
(33, '¿Que expresiones tiene de si mismo?', 'multiselect', 6, 1, 'Descripción de si mismo', '2020-09-08 04:15:35', '2020-09-08 04:15:35'),
(34, ' ¿Presenta alteraciones de conducta?', 'si_no', 7, 1, 'presencia de alteraciones de la\r\nconducta', '2020-09-08 04:18:47', '2020-09-08 04:18:47'),
(35, '¿Cual es el parentesco del acudiente?', 'select', 7, 1, 'Tutores a cargo de\r\nlos escolares ', '2020-09-08 04:18:47', '2020-09-08 04:18:47'),
(36, '¿Presenta signos de maltrato?', 'si_no', 7, 1, 'presencia de signos de maltrato', '2020-09-08 04:18:47', '2020-09-08 04:18:47'),
(37, '¿Que castigos se le aplica?', 'multiselect', 7, 1, 'Mecanismo que utilizan los\r\npadres para corregir a sus hijos', '2020-09-08 04:18:47', '2020-09-08 04:18:47'),
(38, '¿Está de acuerdo con el castigo?', 'si_no', 7, 1, 'esta de acuerdo con el\r\ncastigo', '2020-09-08 04:21:48', '2020-09-08 04:21:48'),
(39, '¿Como son las relaciones interpersonales?', 'si_no', 7, 1, 'relacion interpersonal de los\r\nescolares', '2020-09-08 04:23:18', '2020-09-08 04:23:18'),
(40, '¿Como se expresa sobre la sexualidad?', 'si_no', 8, 1, 'Se expresa con naturalidad\r\nsobre su sexualidad', '2020-09-08 04:35:31', '2020-09-08 04:35:31'),
(41, '¿cuida su cuerpo?', 'si_no', 8, 1, 'Responde adecuadamente sobre\r\nel cuidado de su cuerpo', '2020-09-08 04:35:31', '2020-09-08 04:35:31'),
(42, '¿Presenta signos de abuso sexual?', 'si_no', 8, 1, 'Identifica los riesgo\r\nsobre el abuso sexual', '2020-09-08 04:35:31', '2020-09-08 04:35:31'),
(43, '¿Presenta estrés?', 'si_no', 9, 1, 'El niño refiere sentimientos de\r\nestrés', '2020-09-08 05:00:02', '2020-09-08 05:00:02'),
(44, '¿Presenta trastorno de sueño?', 'si_no', 9, 1, 'Trastorno de sueño', '2020-09-08 05:00:02', '2020-09-08 05:00:02'),
(45, '¿Presenta depresión?', 'si_no', 9, 1, 'Identificación de depresión en los escolares', '2020-09-08 05:00:02', '2020-09-08 05:00:02'),
(46, '¿Sufre de ansiedad?', 'si_no', 9, 1, 'Identificación de ansiedad en los escolares', '2020-09-08 05:00:02', '2020-09-08 05:00:02'),
(47, '¿Deja acumular las tareas?', 'si_no', 9, 1, 'Deja acumular tareas', '2020-09-08 05:00:02', '2020-09-08 05:00:02'),
(48, '¿Presenta problemas de concentración?', 'si_no', 9, 1, 'Identificación de problemas de concentración en los escolares', '2020-09-08 05:00:02', '2020-09-08 05:00:02'),
(49, '¿Cual es la religion?', 'select', 10, 1, 'religión de los escolares', '2020-09-08 05:27:51', '2020-09-08 05:27:51'),
(50, '¿presento el carnet de vacunas?', 'si_no', 11, 1, 'fue entregado en carnet de vacunas\r\nen el colegio', '2020-09-08 05:27:51', '2020-09-08 05:27:51'),
(51, '¿Presenta algun dolor?', 'si_no', 12, 1, 'Presencia de dolores ', '2020-09-08 05:27:51', '2020-09-08 05:27:51'),
(52, '¿Presenta problemas de desarrollo?', 'si_no', 13, 1, 'Problemas de desarrollo ', '2020-09-08 05:27:51', '2020-09-08 05:27:51'),
(53, '¿Cuales son las practicas de cuidado?', 'select', 1, 1, 'Frecuencia de las prácticas de\r\ncuidado cuando el menor se enferma \r\n', '2020-09-08 13:32:30', '2020-09-08 13:32:30'),
(54, '¿Quien lo cuida cuando decae la salud?', 'select', 1, 1, 'Frecuencia cuidadores del menor cuando decae la\r\nsalud', '2020-09-08 13:32:30', '2020-09-08 13:32:30'),
(58, '¿El estudiante presenta algún problema de crecimiento?', 'crecimiento', 2, 1, 'Problemas de crecimiento', '2020-09-15 19:19:55', '2020-09-15 19:19:55'),
(59, '¿Es asmático?', 'multiselect', 1, 1, NULL, '2020-11-27 20:48:06', '2020-11-27 20:48:06'),
(61, '¿Es hipertenso?', 'multiselect', 1, 1, NULL, '2020-12-01 15:39:37', '2020-12-01 15:39:37'),
(62, 'Es diabetico', 'input', 1, 1, NULL, '2020-12-01 16:45:21', '2020-12-01 16:45:21');

-- --------------------------------------------------------

--
-- Estructura de tabla para la tabla `prevencions`
--

CREATE TABLE `prevencions` (
  `id` int(11) NOT NULL,
  `tipo` int(11) NOT NULL,
  `titulo` varchar(200) NOT NULL,
  `contenido` text,
  `updated_at` timestamp NULL DEFAULT CURRENT_TIMESTAMP,
  `created_at` timestamp NULL DEFAULT CURRENT_TIMESTAMP,
  `url` text NOT NULL,
  `id_user` int(11) NOT NULL,
  `privado` tinyint(1) NOT NULL DEFAULT '1'
) ENGINE=InnoDB DEFAULT CHARSET=utf8;

--
-- Volcado de datos para la tabla `prevencions`
--

INSERT INTO `prevencions` (`id`, `tipo`, `titulo`, `contenido`, `updated_at`, `created_at`, `url`, `id_user`, `privado`) VALUES
(2, 14, 'Prevención de violencia y traumatismo', 'Campaña Mundial de Prevención de la Violencia tiene por objetivo poner en práctica las recomendaciones del Informe mundial sobre la violencia y la salud fomentando la toma de conciencia sobre el problema de la violencia', '2020-09-15 20:00:12', '2020-09-15 20:00:12', 'violencia.pdf', 54, 1),
(3, 8, 'Actividad sobre genero y sexualidad ', 'Una actividad y guía sobre la sexualidad ', '2020-09-30 13:40:01', '2020-09-30 13:40:01', 'actividades_sexualidad.pdf', 54, 1),
(4, 13, 'La adolescencia ', 'Es una etapa de la vida, que usualmente inicia entre los 13 y los 15 años, en la que hombres y mujeres experimentan cambios físicos, psicológicos, emocionales y sociales.\r\n', '2020-09-30 13:40:01', '2020-09-30 13:40:01', 'la-adolesencia.pdf', 54, 0),
(5, 1, 'Higiene Personal', 'Documento con instrucciones para una correcta higiene en Manos, Oídos, Cabello entro otros. ', '2020-10-15 14:16:44', '2020-10-15 14:16:44', 'HIGIENE-PERSONAL.ppsx', 54, 0),
(6, 13, 'Pautas de crianza y autoridad', 'En los procesos de crianza los primeros encargados de establecer pautas son los padres, si bien los diferentes profesionales que pueden aportar al proceso son importantes, pero su función es orientar y acompañar a los padres, en el descubrimiento del propio desarrollo del niño.', '2020-10-15 20:54:28', '2020-10-15 20:54:28', 'pautas_de_crianza.pdf', 54, 1),
(7, 10, 'Educación Ambiental ', 'Es un proceso de aprendizaje dirigido a toda la población, con el fin de motivarla y sensibilizarla para lograr una conducta favorable hacia el cuidado del ambiente', '2020-10-15 20:55:35', '2020-10-15 20:55:35', 'educacion_ambiental.docx', 54, 0),
(8, 1, 'Primeros Auxilios ', 'Son los cuidados inmediatos y temporales que se le aplican a la persona que ha sufrido un accidente', '2020-10-15 20:56:44', '2020-10-15 20:56:44', 'primeros_auxilios.pdf', 54, 0),
(9, 11, 'Análisis de Riesgos ', 'Se entiende por Vulnerabilidad la característica propia de un elemento o grupo de elementos expuestos a una amenaza, relacionada con su incapacidad física, económica, política o social.', '2020-10-15 20:58:04', '2020-10-15 20:58:04', 'analisis-de-riesgos.pdf', 54, 0),
(10, 1, 'Video motivacional', 'Video motivacional', '2020-11-20 15:43:27', '2020-11-20 15:43:27', 'WhatsApp-Video-2020-11-17-at-6-25-08-PM.mp4', 0, 1),
(11, 1, 'Video motivacional acerca de la vida', 'Video Motivacional Público', '2020-11-20 15:51:58', '2020-11-20 15:51:58', 'WhatsApp-Video-2020-11-17-at-6-25-08-PM-09f1c.mp4', 28, 0);

-- --------------------------------------------------------

--
-- Estructura de tabla para la tabla `respuestas`
--

CREATE TABLE `respuestas` (
  `id` int(11) NOT NULL,
  `respuestas` varchar(255) NOT NULL,
  `id_preguntas` int(11) NOT NULL,
  `id_formulario_ficha_salud` int(11) NOT NULL,
  `created_at` timestamp NOT NULL DEFAULT CURRENT_TIMESTAMP,
  `updated_at` timestamp NOT NULL DEFAULT CURRENT_TIMESTAMP
) ENGINE=InnoDB DEFAULT CHARSET=utf8;

--
-- Volcado de datos para la tabla `respuestas`
--

INSERT INTO `respuestas` (`id`, `respuestas`, `id_preguntas`, `id_formulario_ficha_salud`, `created_at`, `updated_at`) VALUES
(199, 'Inadecuado', 1, 52, '2020-09-12 04:39:10', '2020-09-12 04:39:10'),
(200, 'Adecuado', 2, 52, '2020-09-12 04:39:11', '2020-09-12 04:39:11'),
(201, 'Adecuado', 3, 52, '2020-09-12 04:39:11', '2020-09-12 04:39:11'),
(202, 'Adecuado', 4, 52, '2020-09-12 04:39:11', '2020-09-12 04:39:11'),
(203, 'Inadecuado', 5, 52, '2020-09-12 04:39:12', '2020-09-12 04:39:12'),
(204, 'Inadecuado', 6, 52, '2020-09-12 04:39:12', '2020-09-12 04:39:12'),
(205, 'No', 7, 52, '2020-09-12 04:39:12', '2020-09-12 04:39:12'),
(206, 'Si', 8, 52, '2020-09-12 04:39:13', '2020-09-12 04:39:13'),
(207, 'Lo cuidan en la casa', 53, 52, '2020-09-12 04:39:13', '2020-09-12 04:39:13'),
(208, 'Cuidador', 54, 52, '2020-09-12 04:39:13', '2020-09-12 04:39:13'),
(209, 'Algunos días (menos de 6 días)', 9, 52, '2020-09-12 04:39:13', '2020-09-12 04:39:13'),
(210, 'Algunos días (menos de 6 días)', 10, 52, '2020-09-12 04:39:13', '2020-09-12 04:39:13'),
(211, 'Algunos días (menos de 6 días)', 11, 52, '2020-09-12 04:39:14', '2020-09-12 04:39:14'),
(212, 'Algunos días (menos de 6 días)', 12, 52, '2020-09-12 04:39:14', '2020-09-12 04:39:14'),
(213, 'Algunos días (menos de 6 días)', 13, 52, '2020-09-12 04:39:14', '2020-09-12 04:39:14'),
(214, 'No', 14, 52, '2020-09-12 04:39:14', '2020-09-12 04:39:14'),
(215, 'No', 15, 52, '2020-09-12 04:39:14', '2020-09-12 04:39:14'),
(216, 'Si', 16, 52, '2020-09-12 04:39:15', '2020-09-12 04:39:15'),
(217, 'Si', 17, 52, '2020-09-12 04:39:15', '2020-09-12 04:39:15'),
(218, '2 veces', 18, 52, '2020-09-12 04:39:15', '2020-09-12 04:39:15'),
(219, 'No', 19, 52, '2020-09-12 04:39:15', '2020-09-12 04:39:15'),
(220, 'No', 20, 52, '2020-09-12 04:39:16', '2020-09-12 04:39:16'),
(221, 'Si', 21, 52, '2020-09-12 04:39:16', '2020-09-12 04:39:16'),
(222, 'Si', 22, 52, '2020-09-12 04:39:16', '2020-09-12 04:39:16'),
(223, 'No', 23, 52, '2020-09-12 04:39:16', '2020-09-12 04:39:16'),
(224, 'No', 24, 52, '2020-09-12 04:39:16', '2020-09-12 04:39:16'),
(225, '6 Horas', 25, 52, '2020-09-12 04:39:17', '2020-09-12 04:39:17'),
(226, 'Manualidades', 26, 52, '2020-09-12 04:39:17', '2020-09-12 04:39:17'),
(227, 'Si', 27, 52, '2020-09-12 04:39:17', '2020-09-12 04:39:17'),
(228, 'Si', 28, 52, '2020-09-12 04:39:17', '2020-09-12 04:39:17'),
(229, 'No', 29, 52, '2020-09-12 04:39:18', '2020-09-12 04:39:18'),
(230, 'No', 30, 52, '2020-09-12 04:39:18', '2020-09-12 04:39:18'),
(231, 'No', 31, 52, '2020-09-12 04:39:18', '2020-09-12 04:39:18'),
(232, 'Relata expresiones negativas hacia sí mismo', 32, 52, '2020-09-12 04:39:18', '2020-09-12 04:39:18'),
(233, 'soy alegre', 33, 52, '2020-09-12 04:39:19', '2020-09-12 04:39:19'),
(234, 'No', 34, 52, '2020-09-12 04:39:19', '2020-09-12 04:39:19'),
(235, 'Padres', 35, 52, '2020-09-12 04:39:19', '2020-09-12 04:39:19'),
(236, 'Si', 36, 52, '2020-09-12 04:39:19', '2020-09-12 04:39:19'),
(237, 'No los dejan salir o jugar', 37, 52, '2020-09-12 04:39:19', '2020-09-12 04:39:19'),
(238, 'Si', 38, 52, '2020-09-12 04:39:20', '2020-09-12 04:39:20'),
(239, 'Si', 39, 52, '2020-09-12 04:39:20', '2020-09-12 04:39:20'),
(240, 'No', 40, 52, '2020-09-12 04:39:20', '2020-09-12 04:39:20'),
(241, 'Si', 41, 52, '2020-09-12 04:39:21', '2020-09-12 04:39:21'),
(242, 'Si', 42, 52, '2020-09-12 04:39:21', '2020-09-12 04:39:21'),
(243, 'No', 43, 52, '2020-09-12 04:39:21', '2020-09-12 04:39:21'),
(244, 'Si', 44, 52, '2020-09-12 04:39:21', '2020-09-12 04:39:21'),
(245, 'Si', 45, 52, '2020-09-12 04:39:21', '2020-09-12 04:39:21'),
(246, 'Si', 46, 52, '2020-09-12 04:39:22', '2020-09-12 04:39:22'),
(247, 'Si', 47, 52, '2020-09-12 04:39:22', '2020-09-12 04:39:22'),
(248, 'Si', 48, 52, '2020-09-12 04:39:22', '2020-09-12 04:39:22'),
(249, 'Cristiano', 49, 52, '2020-09-12 04:39:22', '2020-09-12 04:39:22'),
(250, 'No', 50, 52, '2020-09-12 04:39:23', '2020-09-12 04:39:23'),
(251, 'No', 51, 52, '2020-09-12 04:39:23', '2020-09-12 04:39:23'),
(252, 'No', 52, 52, '2020-09-12 04:39:23', '2020-09-12 04:39:23'),
(253, 'Inadecuado', 1, 53, '2020-09-12 04:41:42', '2020-09-12 04:41:42'),
(254, 'Adecuado', 2, 53, '2020-09-12 04:41:42', '2020-09-12 04:41:42'),
(255, 'Adecuado', 3, 53, '2020-09-12 04:41:42', '2020-09-12 04:41:42'),
(256, 'Adecuado', 4, 53, '2020-09-12 04:41:43', '2020-09-12 04:41:43'),
(257, 'Inadecuado', 5, 53, '2020-09-12 04:41:43', '2020-09-12 04:41:43'),
(258, 'Inadecuado', 6, 53, '2020-09-12 04:41:43', '2020-09-12 04:41:43'),
(259, 'No', 7, 53, '2020-09-12 04:41:44', '2020-09-12 04:41:44'),
(260, 'Si', 8, 53, '2020-09-12 04:41:44', '2020-09-12 04:41:44'),
(261, 'Lo cuidan en la casa', 53, 53, '2020-09-12 04:41:44', '2020-09-12 04:41:44'),
(262, 'Cuidador', 54, 53, '2020-09-12 04:41:45', '2020-09-12 04:41:45'),
(263, 'Algunos días (menos de 6 días)', 9, 53, '2020-09-12 04:41:45', '2020-09-12 04:41:45'),
(264, 'Algunos días (menos de 6 días)', 10, 53, '2020-09-12 04:41:45', '2020-09-12 04:41:45'),
(265, 'Algunos días (menos de 6 días)', 11, 53, '2020-09-12 04:41:45', '2020-09-12 04:41:45'),
(266, 'Algunos días (menos de 6 días)', 12, 53, '2020-09-12 04:41:46', '2020-09-12 04:41:46'),
(267, 'Algunos días (menos de 6 días)', 13, 53, '2020-09-12 04:41:46', '2020-09-12 04:41:46'),
(268, 'No', 14, 53, '2020-09-12 04:41:46', '2020-09-12 04:41:46'),
(269, 'No', 15, 53, '2020-09-12 04:41:46', '2020-09-12 04:41:46'),
(270, 'Si', 16, 53, '2020-09-12 04:41:46', '2020-09-12 04:41:46'),
(271, 'Si', 17, 53, '2020-09-12 04:41:47', '2020-09-12 04:41:47'),
(272, '2 veces', 18, 53, '2020-09-12 04:41:47', '2020-09-12 04:41:47'),
(273, 'No', 19, 53, '2020-09-12 04:41:47', '2020-09-12 04:41:47'),
(274, 'No', 20, 53, '2020-09-12 04:41:47', '2020-09-12 04:41:47'),
(275, 'Si', 21, 53, '2020-09-12 04:41:47', '2020-09-12 04:41:47'),
(276, 'Si', 22, 53, '2020-09-12 04:41:48', '2020-09-12 04:41:48'),
(277, 'No', 23, 53, '2020-09-12 04:41:48', '2020-09-12 04:41:48'),
(278, 'No', 24, 53, '2020-09-12 04:41:48', '2020-09-12 04:41:48'),
(279, '6 Horas', 25, 53, '2020-09-12 04:41:48', '2020-09-12 04:41:48'),
(280, 'Manualidades', 26, 53, '2020-09-12 04:41:49', '2020-09-12 04:41:49'),
(281, 'Si', 27, 53, '2020-09-12 04:41:49', '2020-09-12 04:41:49'),
(282, 'Si', 28, 53, '2020-09-12 04:41:49', '2020-09-12 04:41:49'),
(283, 'No', 29, 53, '2020-09-12 04:41:49', '2020-09-12 04:41:49'),
(284, 'No', 30, 53, '2020-09-12 04:41:50', '2020-09-12 04:41:50'),
(285, 'No', 31, 53, '2020-09-12 04:41:50', '2020-09-12 04:41:50'),
(286, 'Relata expresiones negativas hacia sí mismo', 32, 53, '2020-09-12 04:41:50', '2020-09-12 04:41:50'),
(287, 'soy alegre', 33, 53, '2020-09-12 04:41:50', '2020-09-12 04:41:50'),
(288, 'No', 34, 53, '2020-09-12 04:41:51', '2020-09-12 04:41:51'),
(289, 'Padres', 35, 53, '2020-09-12 04:41:51', '2020-09-12 04:41:51'),
(290, 'Si', 36, 53, '2020-09-12 04:41:51', '2020-09-12 04:41:51'),
(291, 'No los dejan salir o jugar', 37, 53, '2020-09-12 04:41:51', '2020-09-12 04:41:51'),
(292, 'Si', 38, 53, '2020-09-12 04:41:52', '2020-09-12 04:41:52'),
(293, 'Si', 39, 53, '2020-09-12 04:41:52', '2020-09-12 04:41:52'),
(294, 'No', 40, 53, '2020-09-12 04:41:52', '2020-09-12 04:41:52'),
(295, 'Si', 41, 53, '2020-09-12 04:41:52', '2020-09-12 04:41:52'),
(296, 'Si', 42, 53, '2020-09-12 04:41:52', '2020-09-12 04:41:52'),
(297, 'No', 43, 53, '2020-09-12 04:41:53', '2020-09-12 04:41:53'),
(298, 'Si', 44, 53, '2020-09-12 04:41:53', '2020-09-12 04:41:53'),
(299, 'Si', 45, 53, '2020-09-12 04:41:53', '2020-09-12 04:41:53'),
(300, 'Si', 46, 53, '2020-09-12 04:41:54', '2020-09-12 04:41:54'),
(301, 'Si', 47, 53, '2020-09-12 04:41:54', '2020-09-12 04:41:54'),
(302, 'Si', 48, 53, '2020-09-12 04:41:54', '2020-09-12 04:41:54'),
(303, 'Cristiano', 49, 53, '2020-09-12 04:41:54', '2020-09-12 04:41:54'),
(304, 'No', 50, 53, '2020-09-12 04:41:55', '2020-09-12 04:41:55'),
(305, 'No', 51, 53, '2020-09-12 04:41:55', '2020-09-12 04:41:55'),
(306, 'No', 52, 53, '2020-09-12 04:41:55', '2020-09-12 04:41:55'),
(307, 'Sucios', 1, 54, '2020-09-16 01:45:26', '2020-09-16 01:45:26'),
(308, 'Inadecuado', 2, 54, '2020-09-16 01:45:26', '2020-09-16 01:45:26'),
(309, 'Inadecuado', 6, 54, '2020-09-16 01:45:26', '2020-09-16 01:45:26'),
(310, 'Inadecuado', 4, 54, '2020-09-16 01:45:27', '2020-09-16 01:45:27'),
(311, 'Inadecuado', 3, 54, '2020-09-16 01:45:27', '2020-09-16 01:45:27'),
(312, 'Inadecuado', 5, 54, '2020-09-16 01:45:27', '2020-09-16 01:45:27'),
(313, 'Si', 7, 54, '2020-09-16 01:45:27', '2020-09-16 01:45:27'),
(314, 'Si', 8, 54, '2020-09-16 01:45:27', '2020-09-16 01:45:27'),
(315, 'Lo llevan al rezandero', 53, 54, '2020-09-16 01:45:28', '2020-09-16 01:45:28'),
(316, 'Tíos', 54, 54, '2020-09-16 01:45:28', '2020-09-16 01:45:28'),
(317, 'Casi nunca (1 o 2 días)', 9, 54, '2020-09-16 01:45:28', '2020-09-16 01:45:28'),
(318, 'Casi nunca (1 o 2 días)', 10, 54, '2020-09-16 01:45:28', '2020-09-16 01:45:28'),
(319, 'Casi nunca (1 o 2 días)', 11, 54, '2020-09-16 01:45:28', '2020-09-16 01:45:28'),
(320, 'Casi nunca (1 o 2 días)', 12, 54, '2020-09-16 01:45:28', '2020-09-16 01:45:28'),
(321, 'Casi nunca (1 o 2 días)', 13, 54, '2020-09-16 01:45:28', '2020-09-16 01:45:28'),
(322, 'Si', 14, 54, '2020-09-16 01:45:29', '2020-09-16 01:45:29'),
(323, 'Si', 15, 54, '2020-09-16 01:45:29', '2020-09-16 01:45:29'),
(324, 'Si', 16, 54, '2020-09-16 01:45:29', '2020-09-16 01:45:29'),
(325, 'Si', 17, 54, '2020-09-16 01:45:29', '2020-09-16 01:45:29'),
(326, '6 veces', 18, 54, '2020-09-16 01:45:29', '2020-09-16 01:45:29'),
(327, 'Sobrepeso grado II (Riesgo)', 58, 54, '2020-09-16 01:45:29', '2020-09-16 01:45:29'),
(328, 'Si', 19, 54, '2020-09-16 01:45:30', '2020-09-16 01:45:30'),
(329, 'Si', 20, 54, '2020-09-16 01:45:30', '2020-09-16 01:45:30'),
(330, 'Si', 21, 54, '2020-09-16 01:45:30', '2020-09-16 01:45:30'),
(331, 'Si', 22, 54, '2020-09-16 01:45:30', '2020-09-16 01:45:30'),
(332, 'Si', 23, 54, '2020-09-16 01:45:30', '2020-09-16 01:45:30'),
(333, 'Si', 24, 54, '2020-09-16 01:45:30', '2020-09-16 01:45:30'),
(334, '8 Horas', 25, 54, '2020-09-16 01:45:31', '2020-09-16 01:45:31'),
(335, 'Manualidades', 26, 54, '2020-09-16 01:45:31', '2020-09-16 01:45:31'),
(336, 'Televisión', 26, 54, '2020-09-16 01:45:31', '2020-09-16 01:45:31'),
(337, 'Leer', 26, 54, '2020-09-16 01:45:31', '2020-09-16 01:45:31'),
(338, 'Escuchar música', 26, 54, '2020-09-16 01:45:31', '2020-09-16 01:45:31'),
(339, 'Patinaje', 26, 54, '2020-09-16 01:45:31', '2020-09-16 01:45:31'),
(340, 'Baloncesto', 26, 54, '2020-09-16 01:45:31', '2020-09-16 01:45:31'),
(341, 'Estudiar', 26, 54, '2020-09-16 01:45:31', '2020-09-16 01:45:31'),
(342, 'Jugar', 26, 54, '2020-09-16 01:45:32', '2020-09-16 01:45:32'),
(343, 'Fútbol', 26, 54, '2020-09-16 01:45:32', '2020-09-16 01:45:32'),
(344, 'Celular', 26, 54, '2020-09-16 01:45:32', '2020-09-16 01:45:32'),
(345, 'Bailar', 26, 54, '2020-09-16 01:45:32', '2020-09-16 01:45:32'),
(346, 'Pintar', 26, 54, '2020-09-16 01:45:32', '2020-09-16 01:45:32'),
(347, 'Dibujar', 26, 54, '2020-09-16 01:45:32', '2020-09-16 01:45:32'),
(348, 'Si', 27, 54, '2020-09-16 01:45:33', '2020-09-16 01:45:33'),
(349, 'Si', 28, 54, '2020-09-16 01:45:33', '2020-09-16 01:45:33'),
(350, 'Si', 29, 54, '2020-09-16 01:45:33', '2020-09-16 01:45:33'),
(351, 'Si', 30, 54, '2020-09-16 01:45:33', '2020-09-16 01:45:33'),
(352, 'Si', 31, 54, '2020-09-16 01:45:33', '2020-09-16 01:45:33'),
(353, 'Relata expresiones negativas hacia sí mismo', 32, 54, '2020-09-16 01:45:33', '2020-09-16 01:45:33'),
(354, 'soy alegre', 33, 54, '2020-09-16 01:45:33', '2020-09-16 01:45:33'),
(355, 'me gusta como soy', 33, 54, '2020-09-16 01:45:34', '2020-09-16 01:45:34'),
(356, 'amistoso(a)', 33, 54, '2020-09-16 01:45:34', '2020-09-16 01:45:34'),
(357, 'amoroso(a)', 33, 54, '2020-09-16 01:45:34', '2020-09-16 01:45:34'),
(358, 'feliz', 33, 54, '2020-09-16 01:45:34', '2020-09-16 01:45:34'),
(359, 'Ninguna', 33, 54, '2020-09-16 01:45:34', '2020-09-16 01:45:34'),
(360, 'Si', 34, 54, '2020-09-16 01:45:34', '2020-09-16 01:45:34'),
(361, 'Otros', 35, 54, '2020-09-16 01:45:34', '2020-09-16 01:45:34'),
(362, 'Si', 36, 54, '2020-09-16 01:45:35', '2020-09-16 01:45:35'),
(363, 'No los dejan salir o jugar', 37, 54, '2020-09-16 01:45:35', '2020-09-16 01:45:35'),
(364, 'Solo lo regañan', 37, 54, '2020-09-16 01:45:35', '2020-09-16 01:45:35'),
(365, 'Lo reprenden con golpes', 37, 54, '2020-09-16 01:45:35', '2020-09-16 01:45:35'),
(366, 'Le quita lo que mas les gusta', 37, 54, '2020-09-16 01:45:35', '2020-09-16 01:45:35'),
(367, 'No lo dejan ver tv o utilizar el celular', 37, 54, '2020-09-16 01:45:35', '2020-09-16 01:45:35'),
(368, 'Lo ponen a hacer aseo', 37, 54, '2020-09-16 01:45:35', '2020-09-16 01:45:35'),
(369, 'No aplica', 37, 54, '2020-09-16 01:45:36', '2020-09-16 01:45:36'),
(370, 'Si', 38, 54, '2020-09-16 01:45:36', '2020-09-16 01:45:36'),
(371, 'Si', 39, 54, '2020-09-16 01:45:36', '2020-09-16 01:45:36'),
(372, 'Si', 40, 54, '2020-09-16 01:45:36', '2020-09-16 01:45:36'),
(373, 'Si', 41, 54, '2020-09-16 01:45:36', '2020-09-16 01:45:36'),
(374, 'Si', 42, 54, '2020-09-16 01:45:36', '2020-09-16 01:45:36'),
(375, 'Si', 43, 54, '2020-09-16 01:45:36', '2020-09-16 01:45:36'),
(376, 'Si', 44, 54, '2020-09-16 01:45:37', '2020-09-16 01:45:37'),
(377, 'Si', 45, 54, '2020-09-16 01:45:37', '2020-09-16 01:45:37'),
(378, 'Si', 46, 54, '2020-09-16 01:45:37', '2020-09-16 01:45:37'),
(379, 'Si', 47, 54, '2020-09-16 01:45:37', '2020-09-16 01:45:37'),
(380, 'Si', 48, 54, '2020-09-16 01:45:37', '2020-09-16 01:45:37'),
(381, 'Ninguna', 49, 54, '2020-09-16 01:45:37', '2020-09-16 01:45:37'),
(382, 'Si', 50, 54, '2020-09-16 01:45:38', '2020-09-16 01:45:38'),
(383, 'Si', 51, 54, '2020-09-16 01:45:38', '2020-09-16 01:45:38'),
(384, 'Si', 52, 54, '2020-09-16 01:45:38', '2020-09-16 01:45:38'),
(417, 'Sucios', 1, 56, '2020-09-16 01:56:59', '2020-09-16 01:56:59'),
(418, 'Inadecuado', 6, 56, '2020-09-16 01:56:59', '2020-09-16 01:56:59'),
(419, 'Inadecuado', 5, 56, '2020-09-16 01:56:59', '2020-09-16 01:56:59'),
(420, 'Inadecuado', 4, 56, '2020-09-16 01:56:59', '2020-09-16 01:56:59'),
(421, 'Inadecuado', 3, 56, '2020-09-16 01:57:00', '2020-09-16 01:57:00'),
(422, 'Inadecuado', 2, 56, '2020-09-16 01:57:00', '2020-09-16 01:57:00'),
(423, 'Si', 7, 56, '2020-09-16 01:57:00', '2020-09-16 01:57:00'),
(424, 'Si', 8, 56, '2020-09-16 01:57:00', '2020-09-16 01:57:00'),
(425, 'Lo llevan al rezandero', 53, 56, '2020-09-16 01:57:00', '2020-09-16 01:57:00'),
(426, 'Tíos', 54, 56, '2020-09-16 01:57:00', '2020-09-16 01:57:00'),
(427, 'Casi nunca (1 o 2 días)', 9, 56, '2020-09-16 01:57:01', '2020-09-16 01:57:01'),
(428, 'Casi nunca (1 o 2 días)', 10, 56, '2020-09-16 01:57:01', '2020-09-16 01:57:01'),
(429, 'Casi nunca (1 o 2 días)', 11, 56, '2020-09-16 01:57:01', '2020-09-16 01:57:01'),
(430, 'Casi nunca (1 o 2 días)', 12, 56, '2020-09-16 01:57:01', '2020-09-16 01:57:01'),
(431, 'Casi nunca (1 o 2 días)', 13, 56, '2020-09-16 01:57:01', '2020-09-16 01:57:01'),
(432, 'Si', 14, 56, '2020-09-16 01:57:01', '2020-09-16 01:57:01'),
(433, 'Si', 15, 56, '2020-09-16 01:57:02', '2020-09-16 01:57:02'),
(434, 'Si', 16, 56, '2020-09-16 01:57:02', '2020-09-16 01:57:02'),
(435, 'Si', 17, 56, '2020-09-16 01:57:02', '2020-09-16 01:57:02'),
(436, '6 veces', 18, 56, '2020-09-16 01:57:02', '2020-09-16 01:57:02'),
(437, 'Bajo peso', 58, 56, '2020-09-16 01:57:03', '2020-09-16 01:57:03'),
(438, 'Si', 19, 56, '2020-09-16 01:57:03', '2020-09-16 01:57:03'),
(439, 'Si', 20, 56, '2020-09-16 01:57:03', '2020-09-16 01:57:03'),
(440, 'Si', 21, 56, '2020-09-16 01:57:03', '2020-09-16 01:57:03'),
(441, 'Si', 22, 56, '2020-09-16 01:57:03', '2020-09-16 01:57:03'),
(442, 'Si', 23, 56, '2020-09-16 01:57:03', '2020-09-16 01:57:03'),
(443, 'Si', 24, 56, '2020-09-16 01:57:04', '2020-09-16 01:57:04'),
(444, '8 Horas', 25, 56, '2020-09-16 01:57:04', '2020-09-16 01:57:04'),
(445, 'Manualidades', 26, 56, '2020-09-16 01:57:04', '2020-09-16 01:57:04'),
(446, 'Televisión', 26, 56, '2020-09-16 01:57:04', '2020-09-16 01:57:04'),
(447, 'Leer', 26, 56, '2020-09-16 01:57:04', '2020-09-16 01:57:04'),
(448, 'Escuchar música', 26, 56, '2020-09-16 01:57:04', '2020-09-16 01:57:04'),
(449, 'Patinaje', 26, 56, '2020-09-16 01:57:04', '2020-09-16 01:57:04'),
(450, 'Baloncesto', 26, 56, '2020-09-16 01:57:05', '2020-09-16 01:57:05'),
(451, 'Estudiar', 26, 56, '2020-09-16 01:57:05', '2020-09-16 01:57:05'),
(452, 'Jugar', 26, 56, '2020-09-16 01:57:05', '2020-09-16 01:57:05'),
(453, 'Fútbol', 26, 56, '2020-09-16 01:57:05', '2020-09-16 01:57:05'),
(454, 'Celular', 26, 56, '2020-09-16 01:57:05', '2020-09-16 01:57:05'),
(455, 'Bailar', 26, 56, '2020-09-16 01:57:05', '2020-09-16 01:57:05'),
(456, 'Pintar', 26, 56, '2020-09-16 01:57:06', '2020-09-16 01:57:06'),
(457, 'Dibujar', 26, 56, '2020-09-16 01:57:06', '2020-09-16 01:57:06'),
(458, 'Si', 27, 56, '2020-09-16 01:57:06', '2020-09-16 01:57:06'),
(459, 'Si', 28, 56, '2020-09-16 01:57:06', '2020-09-16 01:57:06'),
(460, 'Si', 29, 56, '2020-09-16 01:57:06', '2020-09-16 01:57:06'),
(461, 'Si', 30, 56, '2020-09-16 01:57:06', '2020-09-16 01:57:06'),
(462, 'Si', 31, 56, '2020-09-16 01:57:06', '2020-09-16 01:57:06'),
(463, 'Relata expresiones negativas hacia sí mismo', 32, 56, '2020-09-16 01:57:07', '2020-09-16 01:57:07'),
(464, 'soy alegre', 33, 56, '2020-09-16 01:57:07', '2020-09-16 01:57:07'),
(465, 'me gusta como soy', 33, 56, '2020-09-16 01:57:07', '2020-09-16 01:57:07'),
(466, 'amistoso(a)', 33, 56, '2020-09-16 01:57:07', '2020-09-16 01:57:07'),
(467, 'amoroso(a)', 33, 56, '2020-09-16 01:57:07', '2020-09-16 01:57:07'),
(468, 'feliz', 33, 56, '2020-09-16 01:57:07', '2020-09-16 01:57:07'),
(469, 'Ninguna', 33, 56, '2020-09-16 01:57:07', '2020-09-16 01:57:07'),
(470, 'Si', 34, 56, '2020-09-16 01:57:08', '2020-09-16 01:57:08'),
(471, 'Otros', 35, 56, '2020-09-16 01:57:08', '2020-09-16 01:57:08'),
(472, 'Si', 36, 56, '2020-09-16 01:57:08', '2020-09-16 01:57:08'),
(473, 'No los dejan salir o jugar', 37, 56, '2020-09-16 01:57:08', '2020-09-16 01:57:08'),
(474, 'Solo lo regañan', 37, 56, '2020-09-16 01:57:08', '2020-09-16 01:57:08'),
(475, 'Lo reprenden con golpes', 37, 56, '2020-09-16 01:57:08', '2020-09-16 01:57:08'),
(476, 'Le quita lo que mas les gusta', 37, 56, '2020-09-16 01:57:08', '2020-09-16 01:57:08'),
(477, 'No lo dejan ver tv o utilizar el celular', 37, 56, '2020-09-16 01:57:09', '2020-09-16 01:57:09'),
(478, 'Lo ponen a hacer aseo', 37, 56, '2020-09-16 01:57:09', '2020-09-16 01:57:09'),
(479, 'No aplica', 37, 56, '2020-09-16 01:57:09', '2020-09-16 01:57:09'),
(480, 'Si', 38, 56, '2020-09-16 01:57:09', '2020-09-16 01:57:09'),
(481, 'Si', 39, 56, '2020-09-16 01:57:09', '2020-09-16 01:57:09'),
(482, 'Si', 40, 56, '2020-09-16 01:57:09', '2020-09-16 01:57:09'),
(483, 'Si', 41, 56, '2020-09-16 01:57:09', '2020-09-16 01:57:09'),
(484, 'Si', 42, 56, '2020-09-16 01:57:10', '2020-09-16 01:57:10'),
(485, 'Si', 43, 56, '2020-09-16 01:57:10', '2020-09-16 01:57:10'),
(486, 'Si', 44, 56, '2020-09-16 01:57:10', '2020-09-16 01:57:10'),
(487, 'Si', 45, 56, '2020-09-16 01:57:10', '2020-09-16 01:57:10'),
(488, 'Si', 46, 56, '2020-09-16 01:57:10', '2020-09-16 01:57:10'),
(489, 'Si', 47, 56, '2020-09-16 01:57:10', '2020-09-16 01:57:10'),
(490, 'Si', 48, 56, '2020-09-16 01:57:10', '2020-09-16 01:57:10'),
(491, 'Ninguna', 49, 56, '2020-09-16 01:57:11', '2020-09-16 01:57:11'),
(492, 'Si', 50, 56, '2020-09-16 01:57:11', '2020-09-16 01:57:11'),
(493, 'Si', 51, 56, '2020-09-16 01:57:11', '2020-09-16 01:57:11'),
(494, 'Si', 52, 56, '2020-09-16 01:57:11', '2020-09-16 01:57:11'),
(495, 'Sucios', 1, 57, '2020-09-16 01:59:47', '2020-09-16 01:59:47'),
(496, 'Inadecuado', 6, 57, '2020-09-16 01:59:47', '2020-09-16 01:59:47'),
(497, 'Inadecuado', 5, 57, '2020-09-16 01:59:47', '2020-09-16 01:59:47'),
(498, 'Inadecuado', 4, 57, '2020-09-16 01:59:48', '2020-09-16 01:59:48'),
(499, 'Inadecuado', 3, 57, '2020-09-16 01:59:48', '2020-09-16 01:59:48'),
(500, 'Inadecuado', 2, 57, '2020-09-16 01:59:48', '2020-09-16 01:59:48'),
(501, 'Si', 7, 57, '2020-09-16 01:59:48', '2020-09-16 01:59:48'),
(502, 'Si', 8, 57, '2020-09-16 01:59:48', '2020-09-16 01:59:48'),
(503, 'Lo llevan al rezandero', 53, 57, '2020-09-16 01:59:48', '2020-09-16 01:59:48'),
(504, 'Tíos', 54, 57, '2020-09-16 01:59:49', '2020-09-16 01:59:49'),
(505, 'Casi nunca (1 o 2 días)', 9, 57, '2020-09-16 01:59:49', '2020-09-16 01:59:49'),
(506, 'Casi nunca (1 o 2 días)', 10, 57, '2020-09-16 01:59:49', '2020-09-16 01:59:49'),
(507, 'Casi nunca (1 o 2 días)', 11, 57, '2020-09-16 01:59:49', '2020-09-16 01:59:49'),
(508, 'Casi nunca (1 o 2 días)', 12, 57, '2020-09-16 01:59:49', '2020-09-16 01:59:49'),
(509, 'Casi nunca (1 o 2 días)', 13, 57, '2020-09-16 01:59:49', '2020-09-16 01:59:49'),
(510, 'Si', 14, 57, '2020-09-16 01:59:50', '2020-09-16 01:59:50'),
(511, 'Si', 15, 57, '2020-09-16 01:59:50', '2020-09-16 01:59:50'),
(512, 'Si', 16, 57, '2020-09-16 01:59:50', '2020-09-16 01:59:50'),
(513, 'Si', 17, 57, '2020-09-16 01:59:50', '2020-09-16 01:59:50'),
(514, '6 veces', 18, 57, '2020-09-16 01:59:50', '2020-09-16 01:59:50'),
(515, 'Sobrepeso grado II (Riesgo)', 58, 57, '2020-09-16 01:59:50', '2020-09-16 01:59:50'),
(516, 'Si', 19, 57, '2020-09-16 01:59:51', '2020-09-16 01:59:51'),
(517, 'Si', 20, 57, '2020-09-16 01:59:51', '2020-09-16 01:59:51'),
(518, 'Si', 21, 57, '2020-09-16 01:59:51', '2020-09-16 01:59:51'),
(519, 'Si', 22, 57, '2020-09-16 01:59:51', '2020-09-16 01:59:51'),
(520, 'Si', 23, 57, '2020-09-16 01:59:51', '2020-09-16 01:59:51'),
(521, 'Si', 24, 57, '2020-09-16 01:59:51', '2020-09-16 01:59:51'),
(522, '8 Horas', 25, 57, '2020-09-16 01:59:52', '2020-09-16 01:59:52'),
(523, 'Manualidades', 26, 57, '2020-09-16 01:59:52', '2020-09-16 01:59:52'),
(524, 'Televisión', 26, 57, '2020-09-16 01:59:52', '2020-09-16 01:59:52'),
(525, 'Leer', 26, 57, '2020-09-16 01:59:52', '2020-09-16 01:59:52'),
(526, 'Escuchar música', 26, 57, '2020-09-16 01:59:52', '2020-09-16 01:59:52'),
(527, 'Patinaje', 26, 57, '2020-09-16 01:59:53', '2020-09-16 01:59:53'),
(528, 'Baloncesto', 26, 57, '2020-09-16 01:59:53', '2020-09-16 01:59:53'),
(529, 'Estudiar', 26, 57, '2020-09-16 01:59:53', '2020-09-16 01:59:53'),
(530, 'Jugar', 26, 57, '2020-09-16 01:59:53', '2020-09-16 01:59:53'),
(531, 'Fútbol', 26, 57, '2020-09-16 01:59:53', '2020-09-16 01:59:53'),
(532, 'Celular', 26, 57, '2020-09-16 01:59:53', '2020-09-16 01:59:53'),
(533, 'Bailar', 26, 57, '2020-09-16 01:59:53', '2020-09-16 01:59:53'),
(534, 'Pintar', 26, 57, '2020-09-16 01:59:54', '2020-09-16 01:59:54'),
(535, 'Dibujar', 26, 57, '2020-09-16 01:59:54', '2020-09-16 01:59:54'),
(536, 'Si', 27, 57, '2020-09-16 01:59:54', '2020-09-16 01:59:54'),
(537, 'Si', 28, 57, '2020-09-16 01:59:54', '2020-09-16 01:59:54'),
(538, 'Si', 29, 57, '2020-09-16 01:59:54', '2020-09-16 01:59:54'),
(539, 'Si', 30, 57, '2020-09-16 01:59:54', '2020-09-16 01:59:54'),
(540, 'Si', 31, 57, '2020-09-16 01:59:54', '2020-09-16 01:59:54'),
(541, 'Relata expresiones negativas hacia sí mismo', 32, 57, '2020-09-16 01:59:55', '2020-09-16 01:59:55'),
(542, 'soy alegre', 33, 57, '2020-09-16 01:59:55', '2020-09-16 01:59:55'),
(543, 'me gusta como soy', 33, 57, '2020-09-16 01:59:55', '2020-09-16 01:59:55'),
(544, 'amistoso(a)', 33, 57, '2020-09-16 01:59:55', '2020-09-16 01:59:55'),
(545, 'amoroso(a)', 33, 57, '2020-09-16 01:59:55', '2020-09-16 01:59:55'),
(546, 'feliz', 33, 57, '2020-09-16 01:59:55', '2020-09-16 01:59:55'),
(547, 'Ninguna', 33, 57, '2020-09-16 01:59:55', '2020-09-16 01:59:55'),
(548, 'Si', 34, 57, '2020-09-16 01:59:56', '2020-09-16 01:59:56'),
(549, 'Otros', 35, 57, '2020-09-16 01:59:56', '2020-09-16 01:59:56'),
(550, 'Si', 36, 57, '2020-09-16 01:59:56', '2020-09-16 01:59:56'),
(551, 'No los dejan salir o jugar', 37, 57, '2020-09-16 01:59:56', '2020-09-16 01:59:56'),
(552, 'Solo lo regañan', 37, 57, '2020-09-16 01:59:56', '2020-09-16 01:59:56'),
(553, 'Lo reprenden con golpes', 37, 57, '2020-09-16 01:59:56', '2020-09-16 01:59:56'),
(554, 'Le quita lo que mas les gusta', 37, 57, '2020-09-16 01:59:57', '2020-09-16 01:59:57'),
(555, 'No lo dejan ver tv o utilizar el celular', 37, 57, '2020-09-16 01:59:57', '2020-09-16 01:59:57'),
(556, 'Lo ponen a hacer aseo', 37, 57, '2020-09-16 01:59:57', '2020-09-16 01:59:57'),
(557, 'No aplica', 37, 57, '2020-09-16 01:59:57', '2020-09-16 01:59:57'),
(558, 'Si', 38, 57, '2020-09-16 01:59:57', '2020-09-16 01:59:57'),
(559, 'Si', 39, 57, '2020-09-16 01:59:57', '2020-09-16 01:59:57'),
(560, 'Si', 40, 57, '2020-09-16 01:59:57', '2020-09-16 01:59:57'),
(561, 'Si', 41, 57, '2020-09-16 01:59:58', '2020-09-16 01:59:58'),
(562, 'Si', 42, 57, '2020-09-16 01:59:58', '2020-09-16 01:59:58'),
(563, 'Si', 43, 57, '2020-09-16 01:59:58', '2020-09-16 01:59:58'),
(564, 'Si', 44, 57, '2020-09-16 01:59:58', '2020-09-16 01:59:58'),
(565, 'Si', 45, 57, '2020-09-16 01:59:58', '2020-09-16 01:59:58'),
(566, 'Si', 46, 57, '2020-09-16 01:59:58', '2020-09-16 01:59:58'),
(567, 'Si', 47, 57, '2020-09-16 01:59:59', '2020-09-16 01:59:59'),
(568, 'Si', 48, 57, '2020-09-16 01:59:59', '2020-09-16 01:59:59'),
(569, 'Ninguna', 49, 57, '2020-09-16 01:59:59', '2020-09-16 01:59:59'),
(570, 'Si', 50, 57, '2020-09-16 01:59:59', '2020-09-16 01:59:59'),
(571, 'Si', 51, 57, '2020-09-16 01:59:59', '2020-09-16 01:59:59'),
(572, 'Si', 52, 57, '2020-09-16 01:59:59', '2020-09-16 01:59:59'),
(573, 'Sucios', 1, 58, '2020-09-16 02:02:04', '2020-09-16 02:02:04'),
(574, 'Inadecuado', 2, 58, '2020-09-16 02:02:05', '2020-09-16 02:02:05'),
(575, 'Inadecuado', 4, 58, '2020-09-16 02:02:05', '2020-09-16 02:02:05'),
(576, 'Inadecuado', 3, 58, '2020-09-16 02:02:05', '2020-09-16 02:02:05'),
(577, 'Inadecuado', 5, 58, '2020-09-16 02:02:05', '2020-09-16 02:02:05'),
(578, 'Inadecuado', 6, 58, '2020-09-16 02:02:06', '2020-09-16 02:02:06'),
(579, 'Si', 7, 58, '2020-09-16 02:02:06', '2020-09-16 02:02:06'),
(580, 'Si', 8, 58, '2020-09-16 02:02:06', '2020-09-16 02:02:06'),
(581, 'Lo llevan al rezandero', 53, 58, '2020-09-16 02:02:06', '2020-09-16 02:02:06'),
(582, 'Tíos', 54, 58, '2020-09-16 02:02:06', '2020-09-16 02:02:06'),
(583, 'Casi nunca (1 o 2 días)', 9, 58, '2020-09-16 02:02:07', '2020-09-16 02:02:07'),
(584, 'Casi nunca (1 o 2 días)', 10, 58, '2020-09-16 02:02:07', '2020-09-16 02:02:07'),
(585, 'Casi nunca (1 o 2 días)', 11, 58, '2020-09-16 02:02:07', '2020-09-16 02:02:07'),
(586, 'Casi nunca (1 o 2 días)', 12, 58, '2020-09-16 02:02:07', '2020-09-16 02:02:07'),
(587, 'Casi nunca (1 o 2 días)', 13, 58, '2020-09-16 02:02:07', '2020-09-16 02:02:07'),
(588, 'Si', 14, 58, '2020-09-16 02:02:07', '2020-09-16 02:02:07'),
(589, 'Si', 15, 58, '2020-09-16 02:02:07', '2020-09-16 02:02:07'),
(590, 'Si', 16, 58, '2020-09-16 02:02:08', '2020-09-16 02:02:08'),
(591, 'Si', 17, 58, '2020-09-16 02:02:08', '2020-09-16 02:02:08'),
(592, '6 veces', 18, 58, '2020-09-16 02:02:08', '2020-09-16 02:02:08'),
(593, 'Sobrepeso grado II (Riesgo)', 58, 58, '2020-09-16 02:02:08', '2020-09-16 02:02:08'),
(594, 'Si', 19, 58, '2020-09-16 02:02:08', '2020-09-16 02:02:08'),
(595, 'Si', 20, 58, '2020-09-16 02:02:08', '2020-09-16 02:02:08'),
(596, 'Si', 21, 58, '2020-09-16 02:02:09', '2020-09-16 02:02:09'),
(597, 'Si', 22, 58, '2020-09-16 02:02:09', '2020-09-16 02:02:09'),
(598, 'Si', 23, 58, '2020-09-16 02:02:09', '2020-09-16 02:02:09'),
(599, 'Si', 24, 58, '2020-09-16 02:02:09', '2020-09-16 02:02:09'),
(600, '8 Horas', 25, 58, '2020-09-16 02:02:09', '2020-09-16 02:02:09'),
(601, 'Manualidades', 26, 58, '2020-09-16 02:02:09', '2020-09-16 02:02:09'),
(602, 'Televisión', 26, 58, '2020-09-16 02:02:09', '2020-09-16 02:02:09'),
(603, 'Leer', 26, 58, '2020-09-16 02:02:10', '2020-09-16 02:02:10'),
(604, 'Escuchar música', 26, 58, '2020-09-16 02:02:10', '2020-09-16 02:02:10'),
(605, 'Patinaje', 26, 58, '2020-09-16 02:02:10', '2020-09-16 02:02:10'),
(606, 'Baloncesto', 26, 58, '2020-09-16 02:02:10', '2020-09-16 02:02:10'),
(607, 'Estudiar', 26, 58, '2020-09-16 02:02:10', '2020-09-16 02:02:10'),
(608, 'Jugar', 26, 58, '2020-09-16 02:02:10', '2020-09-16 02:02:10'),
(609, 'Fútbol', 26, 58, '2020-09-16 02:02:10', '2020-09-16 02:02:10'),
(610, 'Celular', 26, 58, '2020-09-16 02:02:11', '2020-09-16 02:02:11'),
(611, 'Bailar', 26, 58, '2020-09-16 02:02:11', '2020-09-16 02:02:11'),
(612, 'Pintar', 26, 58, '2020-09-16 02:02:11', '2020-09-16 02:02:11'),
(613, 'Dibujar', 26, 58, '2020-09-16 02:02:11', '2020-09-16 02:02:11'),
(614, 'Si', 27, 58, '2020-09-16 02:02:11', '2020-09-16 02:02:11'),
(615, 'Si', 28, 58, '2020-09-16 02:02:11', '2020-09-16 02:02:11'),
(616, 'Si', 29, 58, '2020-09-16 02:02:12', '2020-09-16 02:02:12'),
(617, 'Si', 30, 58, '2020-09-16 02:02:12', '2020-09-16 02:02:12'),
(618, 'Si', 31, 58, '2020-09-16 02:02:12', '2020-09-16 02:02:12'),
(619, 'Relata expresiones negativas hacia sí mismo', 32, 58, '2020-09-16 02:02:12', '2020-09-16 02:02:12'),
(620, 'soy alegre', 33, 58, '2020-09-16 02:02:12', '2020-09-16 02:02:12'),
(621, 'me gusta como soy', 33, 58, '2020-09-16 02:02:13', '2020-09-16 02:02:13'),
(622, 'amistoso(a)', 33, 58, '2020-09-16 02:02:13', '2020-09-16 02:02:13'),
(623, 'amoroso(a)', 33, 58, '2020-09-16 02:02:13', '2020-09-16 02:02:13'),
(624, 'feliz', 33, 58, '2020-09-16 02:02:13', '2020-09-16 02:02:13'),
(625, 'Ninguna', 33, 58, '2020-09-16 02:02:13', '2020-09-16 02:02:13'),
(626, 'Si', 34, 58, '2020-09-16 02:02:13', '2020-09-16 02:02:13'),
(627, 'Otros', 35, 58, '2020-09-16 02:02:14', '2020-09-16 02:02:14'),
(628, 'Si', 36, 58, '2020-09-16 02:02:14', '2020-09-16 02:02:14'),
(629, 'No los dejan salir o jugar', 37, 58, '2020-09-16 02:02:14', '2020-09-16 02:02:14'),
(630, 'Solo lo regañan', 37, 58, '2020-09-16 02:02:14', '2020-09-16 02:02:14'),
(631, 'Lo reprenden con golpes', 37, 58, '2020-09-16 02:02:14', '2020-09-16 02:02:14'),
(632, 'Le quita lo que mas les gusta', 37, 58, '2020-09-16 02:02:14', '2020-09-16 02:02:14'),
(633, 'No lo dejan ver tv o utilizar el celular', 37, 58, '2020-09-16 02:02:14', '2020-09-16 02:02:14'),
(634, 'Lo ponen a hacer aseo', 37, 58, '2020-09-16 02:02:15', '2020-09-16 02:02:15'),
(635, 'No aplica', 37, 58, '2020-09-16 02:02:15', '2020-09-16 02:02:15'),
(636, 'Si', 38, 58, '2020-09-16 02:02:15', '2020-09-16 02:02:15'),
(637, 'Si', 39, 58, '2020-09-16 02:02:15', '2020-09-16 02:02:15'),
(638, 'Si', 40, 58, '2020-09-16 02:02:15', '2020-09-16 02:02:15'),
(639, 'Si', 41, 58, '2020-09-16 02:02:15', '2020-09-16 02:02:15'),
(640, 'Si', 42, 58, '2020-09-16 02:02:15', '2020-09-16 02:02:15'),
(641, 'Si', 43, 58, '2020-09-16 02:02:16', '2020-09-16 02:02:16'),
(642, 'Si', 44, 58, '2020-09-16 02:02:16', '2020-09-16 02:02:16'),
(643, 'Si', 45, 58, '2020-09-16 02:02:16', '2020-09-16 02:02:16'),
(644, 'Si', 46, 58, '2020-09-16 02:02:16', '2020-09-16 02:02:16'),
(645, 'Si', 47, 58, '2020-09-16 02:02:16', '2020-09-16 02:02:16'),
(646, 'Si', 48, 58, '2020-09-16 02:02:16', '2020-09-16 02:02:16'),
(647, 'Ninguna', 49, 58, '2020-09-16 02:02:16', '2020-09-16 02:02:16'),
(648, 'Si', 50, 58, '2020-09-16 02:02:17', '2020-09-16 02:02:17'),
(649, 'Si', 51, 58, '2020-09-16 02:02:17', '2020-09-16 02:02:17'),
(650, 'Si', 52, 58, '2020-09-16 02:02:17', '2020-09-16 02:02:17'),
(651, 'Sucios', 1, 59, '2020-09-16 02:03:49', '2020-09-16 02:03:49'),
(652, 'Inadecuado', 6, 59, '2020-09-16 02:03:49', '2020-09-16 02:03:49'),
(653, 'Inadecuado', 5, 59, '2020-09-16 02:03:50', '2020-09-16 02:03:50'),
(654, 'Inadecuado', 4, 59, '2020-09-16 02:03:50', '2020-09-16 02:03:50'),
(655, 'Inadecuado', 3, 59, '2020-09-16 02:03:50', '2020-09-16 02:03:50'),
(656, 'Inadecuado', 2, 59, '2020-09-16 02:03:50', '2020-09-16 02:03:50'),
(657, 'Si', 7, 59, '2020-09-16 02:03:50', '2020-09-16 02:03:50'),
(658, 'Si', 8, 59, '2020-09-16 02:03:51', '2020-09-16 02:03:51'),
(659, 'Lo llevan al rezandero', 53, 59, '2020-09-16 02:03:51', '2020-09-16 02:03:51'),
(660, 'Tíos', 54, 59, '2020-09-16 02:03:51', '2020-09-16 02:03:51'),
(661, 'Casi nunca (1 o 2 días)', 9, 59, '2020-09-16 02:03:51', '2020-09-16 02:03:51'),
(662, 'Casi nunca (1 o 2 días)', 10, 59, '2020-09-16 02:03:51', '2020-09-16 02:03:51'),
(663, 'Casi nunca (1 o 2 días)', 11, 59, '2020-09-16 02:03:51', '2020-09-16 02:03:51'),
(664, 'Casi nunca (1 o 2 días)', 12, 59, '2020-09-16 02:03:52', '2020-09-16 02:03:52'),
(665, 'Casi nunca (1 o 2 días)', 13, 59, '2020-09-16 02:03:52', '2020-09-16 02:03:52'),
(666, 'Si', 14, 59, '2020-09-16 02:03:52', '2020-09-16 02:03:52'),
(667, 'Si', 15, 59, '2020-09-16 02:03:52', '2020-09-16 02:03:52'),
(668, 'Si', 16, 59, '2020-09-16 02:03:52', '2020-09-16 02:03:52'),
(669, 'Si', 17, 59, '2020-09-16 02:03:52', '2020-09-16 02:03:52'),
(670, '6 veces', 18, 59, '2020-09-16 02:03:52', '2020-09-16 02:03:52'),
(671, 'Sobrepeso grado I (Riesgo)', 58, 59, '2020-09-16 02:03:53', '2020-09-16 02:03:53'),
(672, 'Si', 19, 59, '2020-09-16 02:03:53', '2020-09-16 02:03:53'),
(673, 'Si', 20, 59, '2020-09-16 02:03:53', '2020-09-16 02:03:53'),
(674, 'Si', 21, 59, '2020-09-16 02:03:53', '2020-09-16 02:03:53'),
(675, 'Si', 22, 59, '2020-09-16 02:03:54', '2020-09-16 02:03:54'),
(676, 'Si', 23, 59, '2020-09-16 02:03:54', '2020-09-16 02:03:54'),
(677, 'Si', 24, 59, '2020-09-16 02:03:54', '2020-09-16 02:03:54'),
(678, '8 Horas', 25, 59, '2020-09-16 02:03:54', '2020-09-16 02:03:54'),
(679, 'Manualidades', 26, 59, '2020-09-16 02:03:54', '2020-09-16 02:03:54'),
(680, 'Televisión', 26, 59, '2020-09-16 02:03:54', '2020-09-16 02:03:54'),
(681, 'Leer', 26, 59, '2020-09-16 02:03:55', '2020-09-16 02:03:55'),
(682, 'Escuchar música', 26, 59, '2020-09-16 02:03:55', '2020-09-16 02:03:55'),
(683, 'Patinaje', 26, 59, '2020-09-16 02:03:55', '2020-09-16 02:03:55'),
(684, 'Baloncesto', 26, 59, '2020-09-16 02:03:55', '2020-09-16 02:03:55'),
(685, 'Estudiar', 26, 59, '2020-09-16 02:03:55', '2020-09-16 02:03:55'),
(686, 'Jugar', 26, 59, '2020-09-16 02:03:55', '2020-09-16 02:03:55'),
(687, 'Fútbol', 26, 59, '2020-09-16 02:03:55', '2020-09-16 02:03:55'),
(688, 'Celular', 26, 59, '2020-09-16 02:03:56', '2020-09-16 02:03:56'),
(689, 'Bailar', 26, 59, '2020-09-16 02:03:56', '2020-09-16 02:03:56'),
(690, 'Pintar', 26, 59, '2020-09-16 02:03:56', '2020-09-16 02:03:56'),
(691, 'Dibujar', 26, 59, '2020-09-16 02:03:56', '2020-09-16 02:03:56'),
(692, 'Si', 27, 59, '2020-09-16 02:03:56', '2020-09-16 02:03:56'),
(693, 'Si', 28, 59, '2020-09-16 02:03:56', '2020-09-16 02:03:56'),
(694, 'Si', 29, 59, '2020-09-16 02:03:56', '2020-09-16 02:03:56'),
(695, 'Si', 30, 59, '2020-09-16 02:03:56', '2020-09-16 02:03:56'),
(696, 'Si', 31, 59, '2020-09-16 02:03:57', '2020-09-16 02:03:57'),
(697, 'Relata expresiones negativas hacia sí mismo', 32, 59, '2020-09-16 02:03:57', '2020-09-16 02:03:57'),
(698, 'soy alegre', 33, 59, '2020-09-16 02:03:57', '2020-09-16 02:03:57'),
(699, 'me gusta como soy', 33, 59, '2020-09-16 02:03:57', '2020-09-16 02:03:57'),
(700, 'amistoso(a)', 33, 59, '2020-09-16 02:03:57', '2020-09-16 02:03:57'),
(701, 'amoroso(a)', 33, 59, '2020-09-16 02:03:57', '2020-09-16 02:03:57'),
(702, 'feliz', 33, 59, '2020-09-16 02:03:57', '2020-09-16 02:03:57'),
(703, 'Ninguna', 33, 59, '2020-09-16 02:03:58', '2020-09-16 02:03:58'),
(704, 'Si', 34, 59, '2020-09-16 02:03:58', '2020-09-16 02:03:58'),
(705, 'Otros', 35, 59, '2020-09-16 02:03:58', '2020-09-16 02:03:58'),
(706, 'Si', 36, 59, '2020-09-16 02:03:58', '2020-09-16 02:03:58'),
(707, 'No los dejan salir o jugar', 37, 59, '2020-09-16 02:03:58', '2020-09-16 02:03:58'),
(708, 'Solo lo regañan', 37, 59, '2020-09-16 02:03:58', '2020-09-16 02:03:58'),
(709, 'Lo reprenden con golpes', 37, 59, '2020-09-16 02:03:59', '2020-09-16 02:03:59'),
(710, 'Le quita lo que mas les gusta', 37, 59, '2020-09-16 02:03:59', '2020-09-16 02:03:59'),
(711, 'No lo dejan ver tv o utilizar el celular', 37, 59, '2020-09-16 02:03:59', '2020-09-16 02:03:59'),
(712, 'Lo ponen a hacer aseo', 37, 59, '2020-09-16 02:03:59', '2020-09-16 02:03:59'),
(713, 'No aplica', 37, 59, '2020-09-16 02:03:59', '2020-09-16 02:03:59'),
(714, 'Si', 38, 59, '2020-09-16 02:03:59', '2020-09-16 02:03:59'),
(715, 'Si', 39, 59, '2020-09-16 02:03:59', '2020-09-16 02:03:59'),
(716, 'Si', 40, 59, '2020-09-16 02:04:00', '2020-09-16 02:04:00'),
(717, 'Si', 41, 59, '2020-09-16 02:04:00', '2020-09-16 02:04:00'),
(718, 'Si', 42, 59, '2020-09-16 02:04:00', '2020-09-16 02:04:00'),
(719, 'Si', 43, 59, '2020-09-16 02:04:00', '2020-09-16 02:04:00'),
(720, 'Si', 44, 59, '2020-09-16 02:04:00', '2020-09-16 02:04:00'),
(721, 'Si', 45, 59, '2020-09-16 02:04:00', '2020-09-16 02:04:00'),
(722, 'Si', 46, 59, '2020-09-16 02:04:00', '2020-09-16 02:04:00'),
(723, 'Si', 47, 59, '2020-09-16 02:04:00', '2020-09-16 02:04:00'),
(724, 'Si', 48, 59, '2020-09-16 02:04:01', '2020-09-16 02:04:01'),
(725, 'Ninguna', 49, 59, '2020-09-16 02:04:01', '2020-09-16 02:04:01'),
(726, 'Si', 50, 59, '2020-09-16 02:04:01', '2020-09-16 02:04:01'),
(727, 'Si', 51, 59, '2020-09-16 02:04:01', '2020-09-16 02:04:01'),
(728, 'Si', 52, 59, '2020-09-16 02:04:01', '2020-09-16 02:04:01'),
(729, 'Sucios', 1, 60, '2020-09-16 02:04:38', '2020-09-16 02:04:38'),
(730, 'Inadecuado', 2, 60, '2020-09-16 02:04:38', '2020-09-16 02:04:38'),
(731, 'Si', 7, 60, '2020-09-16 02:04:38', '2020-09-16 02:04:38'),
(732, 'Inadecuado', 6, 60, '2020-09-16 02:04:38', '2020-09-16 02:04:38'),
(733, 'Inadecuado', 5, 60, '2020-09-16 02:04:39', '2020-09-16 02:04:39'),
(734, 'Inadecuado', 4, 60, '2020-09-16 02:04:39', '2020-09-16 02:04:39'),
(735, 'Inadecuado', 3, 60, '2020-09-16 02:04:39', '2020-09-16 02:04:39'),
(736, 'Si', 8, 60, '2020-09-16 02:04:39', '2020-09-16 02:04:39'),
(737, 'Lo llevan al rezandero', 53, 60, '2020-09-16 02:04:39', '2020-09-16 02:04:39'),
(738, 'Tíos', 54, 60, '2020-09-16 02:04:39', '2020-09-16 02:04:39'),
(739, 'Casi nunca (1 o 2 días)', 9, 60, '2020-09-16 02:04:40', '2020-09-16 02:04:40'),
(740, 'Casi nunca (1 o 2 días)', 10, 60, '2020-09-16 02:04:40', '2020-09-16 02:04:40'),
(741, 'Casi nunca (1 o 2 días)', 11, 60, '2020-09-16 02:04:40', '2020-09-16 02:04:40'),
(742, 'Casi nunca (1 o 2 días)', 12, 60, '2020-09-16 02:04:40', '2020-09-16 02:04:40'),
(743, 'Casi nunca (1 o 2 días)', 13, 60, '2020-09-16 02:04:40', '2020-09-16 02:04:40'),
(744, 'Si', 14, 60, '2020-09-16 02:04:41', '2020-09-16 02:04:41'),
(745, 'Si', 15, 60, '2020-09-16 02:04:41', '2020-09-16 02:04:41'),
(746, 'Si', 16, 60, '2020-09-16 02:04:41', '2020-09-16 02:04:41'),
(747, 'Si', 17, 60, '2020-09-16 02:04:41', '2020-09-16 02:04:41'),
(748, '6 veces', 18, 60, '2020-09-16 02:04:41', '2020-09-16 02:04:41'),
(749, 'Sobrepeso grado II (Riesgo)', 58, 60, '2020-09-16 02:04:41', '2020-09-16 02:04:41'),
(750, 'Si', 19, 60, '2020-09-16 02:04:42', '2020-09-16 02:04:42'),
(751, 'Si', 20, 60, '2020-09-16 02:04:42', '2020-09-16 02:04:42'),
(752, 'Si', 21, 60, '2020-09-16 02:04:42', '2020-09-16 02:04:42'),
(753, 'Si', 22, 60, '2020-09-16 02:04:42', '2020-09-16 02:04:42'),
(754, 'Si', 23, 60, '2020-09-16 02:04:42', '2020-09-16 02:04:42'),
(755, 'Si', 24, 60, '2020-09-16 02:04:42', '2020-09-16 02:04:42'),
(756, '8 Horas', 25, 60, '2020-09-16 02:04:42', '2020-09-16 02:04:42'),
(757, 'Manualidades', 26, 60, '2020-09-16 02:04:43', '2020-09-16 02:04:43'),
(758, 'Televisión', 26, 60, '2020-09-16 02:04:43', '2020-09-16 02:04:43'),
(759, 'Leer', 26, 60, '2020-09-16 02:04:43', '2020-09-16 02:04:43'),
(760, 'Escuchar música', 26, 60, '2020-09-16 02:04:43', '2020-09-16 02:04:43'),
(761, 'Patinaje', 26, 60, '2020-09-16 02:04:43', '2020-09-16 02:04:43'),
(762, 'Baloncesto', 26, 60, '2020-09-16 02:04:43', '2020-09-16 02:04:43'),
(763, 'Estudiar', 26, 60, '2020-09-16 02:04:43', '2020-09-16 02:04:43'),
(764, 'Jugar', 26, 60, '2020-09-16 02:04:44', '2020-09-16 02:04:44'),
(765, 'Fútbol', 26, 60, '2020-09-16 02:04:44', '2020-09-16 02:04:44'),
(766, 'Celular', 26, 60, '2020-09-16 02:04:44', '2020-09-16 02:04:44'),
(767, 'Bailar', 26, 60, '2020-09-16 02:04:44', '2020-09-16 02:04:44'),
(768, 'Pintar', 26, 60, '2020-09-16 02:04:44', '2020-09-16 02:04:44'),
(769, 'Dibujar', 26, 60, '2020-09-16 02:04:44', '2020-09-16 02:04:44'),
(770, 'Si', 27, 60, '2020-09-16 02:04:45', '2020-09-16 02:04:45'),
(771, 'Si', 28, 60, '2020-09-16 02:04:45', '2020-09-16 02:04:45'),
(772, 'Si', 29, 60, '2020-09-16 02:04:45', '2020-09-16 02:04:45'),
(773, 'Si', 30, 60, '2020-09-16 02:04:45', '2020-09-16 02:04:45'),
(774, 'Si', 31, 60, '2020-09-16 02:04:45', '2020-09-16 02:04:45'),
(775, 'Relata expresiones negativas hacia sí mismo', 32, 60, '2020-09-16 02:04:45', '2020-09-16 02:04:45'),
(776, 'soy alegre', 33, 60, '2020-09-16 02:04:45', '2020-09-16 02:04:45'),
(777, 'me gusta como soy', 33, 60, '2020-09-16 02:04:45', '2020-09-16 02:04:45'),
(778, 'amistoso(a)', 33, 60, '2020-09-16 02:04:46', '2020-09-16 02:04:46'),
(779, 'amoroso(a)', 33, 60, '2020-09-16 02:04:46', '2020-09-16 02:04:46'),
(780, 'feliz', 33, 60, '2020-09-16 02:04:46', '2020-09-16 02:04:46'),
(781, 'Ninguna', 33, 60, '2020-09-16 02:04:46', '2020-09-16 02:04:46'),
(782, 'Si', 34, 60, '2020-09-16 02:04:46', '2020-09-16 02:04:46'),
(783, 'Otros', 35, 60, '2020-09-16 02:04:46', '2020-09-16 02:04:46'),
(784, 'Si', 36, 60, '2020-09-16 02:04:46', '2020-09-16 02:04:46'),
(785, 'No los dejan salir o jugar', 37, 60, '2020-09-16 02:04:47', '2020-09-16 02:04:47'),
(786, 'Solo lo regañan', 37, 60, '2020-09-16 02:04:47', '2020-09-16 02:04:47'),
(787, 'Lo reprenden con golpes', 37, 60, '2020-09-16 02:04:47', '2020-09-16 02:04:47'),
(788, 'Le quita lo que mas les gusta', 37, 60, '2020-09-16 02:04:47', '2020-09-16 02:04:47'),
(789, 'No lo dejan ver tv o utilizar el celular', 37, 60, '2020-09-16 02:04:47', '2020-09-16 02:04:47'),
(790, 'Lo ponen a hacer aseo', 37, 60, '2020-09-16 02:04:47', '2020-09-16 02:04:47'),
(791, 'No aplica', 37, 60, '2020-09-16 02:04:48', '2020-09-16 02:04:48'),
(792, 'Si', 38, 60, '2020-09-16 02:04:48', '2020-09-16 02:04:48'),
(793, 'Si', 39, 60, '2020-09-16 02:04:48', '2020-09-16 02:04:48'),
(794, 'Si', 40, 60, '2020-09-16 02:04:48', '2020-09-16 02:04:48'),
(795, 'Si', 41, 60, '2020-09-16 02:04:48', '2020-09-16 02:04:48'),
(796, 'Si', 42, 60, '2020-09-16 02:04:48', '2020-09-16 02:04:48'),
(797, 'Si', 43, 60, '2020-09-16 02:04:49', '2020-09-16 02:04:49'),
(798, 'Si', 44, 60, '2020-09-16 02:04:49', '2020-09-16 02:04:49'),
(799, 'Si', 45, 60, '2020-09-16 02:04:49', '2020-09-16 02:04:49'),
(800, 'Si', 46, 60, '2020-09-16 02:04:49', '2020-09-16 02:04:49'),
(801, 'Si', 47, 60, '2020-09-16 02:04:49', '2020-09-16 02:04:49'),
(802, 'Si', 48, 60, '2020-09-16 02:04:49', '2020-09-16 02:04:49'),
(803, 'Ninguna', 49, 60, '2020-09-16 02:04:49', '2020-09-16 02:04:49'),
(804, 'Si', 50, 60, '2020-09-16 02:04:49', '2020-09-16 02:04:49'),
(805, 'Si', 51, 60, '2020-09-16 02:04:50', '2020-09-16 02:04:50'),
(806, 'Si', 52, 60, '2020-09-16 02:04:50', '2020-09-16 02:04:50'),
(807, 'Sucios', 1, 61, '2020-09-16 02:06:34', '2020-09-16 02:06:34'),
(808, 'Inadecuado', 5, 61, '2020-09-16 02:06:34', '2020-09-16 02:06:34'),
(809, 'Inadecuado', 4, 61, '2020-09-16 02:06:35', '2020-09-16 02:06:35'),
(810, 'Inadecuado', 3, 61, '2020-09-16 02:06:35', '2020-09-16 02:06:35'),
(811, 'Inadecuado', 2, 61, '2020-09-16 02:06:35', '2020-09-16 02:06:35'),
(812, 'Inadecuado', 6, 61, '2020-09-16 02:06:35', '2020-09-16 02:06:35'),
(813, 'Si', 7, 61, '2020-09-16 02:06:35', '2020-09-16 02:06:35'),
(814, 'Si', 8, 61, '2020-09-16 02:06:36', '2020-09-16 02:06:36'),
(815, 'Lo llevan al rezandero', 53, 61, '2020-09-16 02:06:36', '2020-09-16 02:06:36'),
(816, 'Tíos', 54, 61, '2020-09-16 02:06:36', '2020-09-16 02:06:36'),
(817, 'Casi nunca (1 o 2 días)', 9, 61, '2020-09-16 02:06:36', '2020-09-16 02:06:36'),
(818, 'Casi nunca (1 o 2 días)', 10, 61, '2020-09-16 02:06:36', '2020-09-16 02:06:36'),
(819, 'Casi nunca (1 o 2 días)', 11, 61, '2020-09-16 02:06:36', '2020-09-16 02:06:36'),
(820, 'Casi nunca (1 o 2 días)', 12, 61, '2020-09-16 02:06:37', '2020-09-16 02:06:37'),
(821, 'Casi nunca (1 o 2 días)', 13, 61, '2020-09-16 02:06:37', '2020-09-16 02:06:37'),
(822, 'Si', 14, 61, '2020-09-16 02:06:37', '2020-09-16 02:06:37'),
(823, 'Si', 15, 61, '2020-09-16 02:06:37', '2020-09-16 02:06:37'),
(824, 'Si', 16, 61, '2020-09-16 02:06:37', '2020-09-16 02:06:37'),
(825, 'Si', 17, 61, '2020-09-16 02:06:37', '2020-09-16 02:06:37'),
(826, '6 veces', 18, 61, '2020-09-16 02:06:37', '2020-09-16 02:06:37'),
(827, 'Peso normal', 58, 61, '2020-09-16 02:06:38', '2020-09-16 02:06:38'),
(828, 'Si', 19, 61, '2020-09-16 02:06:38', '2020-09-16 02:06:38'),
(829, 'Si', 20, 61, '2020-09-16 02:06:38', '2020-09-16 02:06:38'),
(830, 'Si', 21, 61, '2020-09-16 02:06:38', '2020-09-16 02:06:38'),
(831, 'Si', 22, 61, '2020-09-16 02:06:38', '2020-09-16 02:06:38'),
(832, 'Si', 23, 61, '2020-09-16 02:06:38', '2020-09-16 02:06:38'),
(833, 'Si', 24, 61, '2020-09-16 02:06:39', '2020-09-16 02:06:39'),
(834, '8 Horas', 25, 61, '2020-09-16 02:06:39', '2020-09-16 02:06:39'),
(835, 'Manualidades', 26, 61, '2020-09-16 02:06:39', '2020-09-16 02:06:39'),
(836, 'Televisión', 26, 61, '2020-09-16 02:06:39', '2020-09-16 02:06:39'),
(837, 'Leer', 26, 61, '2020-09-16 02:06:39', '2020-09-16 02:06:39'),
(838, 'Escuchar música', 26, 61, '2020-09-16 02:06:39', '2020-09-16 02:06:39'),
(839, 'Patinaje', 26, 61, '2020-09-16 02:06:39', '2020-09-16 02:06:39'),
(840, 'Baloncesto', 26, 61, '2020-09-16 02:06:40', '2020-09-16 02:06:40'),
(841, 'Estudiar', 26, 61, '2020-09-16 02:06:40', '2020-09-16 02:06:40'),
(842, 'Jugar', 26, 61, '2020-09-16 02:06:40', '2020-09-16 02:06:40'),
(843, 'Fútbol', 26, 61, '2020-09-16 02:06:40', '2020-09-16 02:06:40'),
(844, 'Celular', 26, 61, '2020-09-16 02:06:40', '2020-09-16 02:06:40'),
(845, 'Bailar', 26, 61, '2020-09-16 02:06:40', '2020-09-16 02:06:40'),
(846, 'Pintar', 26, 61, '2020-09-16 02:06:40', '2020-09-16 02:06:40'),
(847, 'Dibujar', 26, 61, '2020-09-16 02:06:41', '2020-09-16 02:06:41'),
(848, 'Si', 27, 61, '2020-09-16 02:06:41', '2020-09-16 02:06:41'),
(849, 'Si', 28, 61, '2020-09-16 02:06:41', '2020-09-16 02:06:41'),
(850, 'Si', 29, 61, '2020-09-16 02:06:41', '2020-09-16 02:06:41'),
(851, 'Si', 30, 61, '2020-09-16 02:06:41', '2020-09-16 02:06:41'),
(852, 'Si', 31, 61, '2020-09-16 02:06:41', '2020-09-16 02:06:41'),
(853, 'Relata expresiones negativas hacia sí mismo', 32, 61, '2020-09-16 02:06:42', '2020-09-16 02:06:42'),
(854, 'soy alegre', 33, 61, '2020-09-16 02:06:42', '2020-09-16 02:06:42'),
(855, 'me gusta como soy', 33, 61, '2020-09-16 02:06:42', '2020-09-16 02:06:42'),
(856, 'amistoso(a)', 33, 61, '2020-09-16 02:06:42', '2020-09-16 02:06:42'),
(857, 'amoroso(a)', 33, 61, '2020-09-16 02:06:42', '2020-09-16 02:06:42'),
(858, 'feliz', 33, 61, '2020-09-16 02:06:42', '2020-09-16 02:06:42'),
(859, 'Ninguna', 33, 61, '2020-09-16 02:06:42', '2020-09-16 02:06:42'),
(860, 'Si', 34, 61, '2020-09-16 02:06:43', '2020-09-16 02:06:43'),
(861, 'Otros', 35, 61, '2020-09-16 02:06:43', '2020-09-16 02:06:43'),
(862, 'Si', 36, 61, '2020-09-16 02:06:43', '2020-09-16 02:06:43'),
(863, 'No los dejan salir o jugar', 37, 61, '2020-09-16 02:06:43', '2020-09-16 02:06:43'),
(864, 'Solo lo regañan', 37, 61, '2020-09-16 02:06:43', '2020-09-16 02:06:43'),
(865, 'Lo reprenden con golpes', 37, 61, '2020-09-16 02:06:43', '2020-09-16 02:06:43'),
(866, 'Le quita lo que mas les gusta', 37, 61, '2020-09-16 02:06:44', '2020-09-16 02:06:44'),
(867, 'No lo dejan ver tv o utilizar el celular', 37, 61, '2020-09-16 02:06:44', '2020-09-16 02:06:44'),
(868, 'Lo ponen a hacer aseo', 37, 61, '2020-09-16 02:06:44', '2020-09-16 02:06:44'),
(869, 'No aplica', 37, 61, '2020-09-16 02:06:44', '2020-09-16 02:06:44'),
(870, 'Si', 38, 61, '2020-09-16 02:06:44', '2020-09-16 02:06:44'),
(871, 'Si', 39, 61, '2020-09-16 02:06:44', '2020-09-16 02:06:44'),
(872, 'Si', 40, 61, '2020-09-16 02:06:44', '2020-09-16 02:06:44'),
(873, 'Si', 41, 61, '2020-09-16 02:06:45', '2020-09-16 02:06:45'),
(874, 'Si', 42, 61, '2020-09-16 02:06:45', '2020-09-16 02:06:45'),
(875, 'Si', 43, 61, '2020-09-16 02:06:45', '2020-09-16 02:06:45'),
(876, 'Si', 44, 61, '2020-09-16 02:06:45', '2020-09-16 02:06:45'),
(877, 'Si', 45, 61, '2020-09-16 02:06:45', '2020-09-16 02:06:45'),
(878, 'Si', 46, 61, '2020-09-16 02:06:45', '2020-09-16 02:06:45'),
(879, 'Si', 47, 61, '2020-09-16 02:06:45', '2020-09-16 02:06:45'),
(880, 'Si', 48, 61, '2020-09-16 02:06:46', '2020-09-16 02:06:46'),
(881, 'Ninguna', 49, 61, '2020-09-16 02:06:46', '2020-09-16 02:06:46'),
(882, 'Si', 50, 61, '2020-09-16 02:06:46', '2020-09-16 02:06:46'),
(883, 'Si', 51, 61, '2020-09-16 02:06:46', '2020-09-16 02:06:46'),
(884, 'Si', 52, 61, '2020-09-16 02:06:46', '2020-09-16 02:06:46'),
(885, 'Sucios', 1, 62, '2020-09-16 02:08:02', '2020-09-16 02:08:02'),
(886, 'Inadecuado', 6, 62, '2020-09-16 02:08:03', '2020-09-16 02:08:03'),
(887, 'Inadecuado', 5, 62, '2020-09-16 02:08:03', '2020-09-16 02:08:03'),
(888, 'Inadecuado', 4, 62, '2020-09-16 02:08:03', '2020-09-16 02:08:03'),
(889, 'Inadecuado', 3, 62, '2020-09-16 02:08:03', '2020-09-16 02:08:03'),
(890, 'Inadecuado', 2, 62, '2020-09-16 02:08:03', '2020-09-16 02:08:03'),
(891, 'Si', 7, 62, '2020-09-16 02:08:04', '2020-09-16 02:08:04'),
(892, 'Si', 8, 62, '2020-09-16 02:08:04', '2020-09-16 02:08:04'),
(893, 'Lo llevan al rezandero', 53, 62, '2020-09-16 02:08:04', '2020-09-16 02:08:04'),
(894, 'Tíos', 54, 62, '2020-09-16 02:08:04', '2020-09-16 02:08:04'),
(895, 'Casi nunca (1 o 2 días)', 9, 62, '2020-09-16 02:08:04', '2020-09-16 02:08:04'),
(896, 'Casi nunca (1 o 2 días)', 10, 62, '2020-09-16 02:08:04', '2020-09-16 02:08:04'),
(897, 'Casi nunca (1 o 2 días)', 11, 62, '2020-09-16 02:08:05', '2020-09-16 02:08:05'),
(898, 'Casi nunca (1 o 2 días)', 12, 62, '2020-09-16 02:08:05', '2020-09-16 02:08:05'),
(899, 'Casi nunca (1 o 2 días)', 13, 62, '2020-09-16 02:08:05', '2020-09-16 02:08:05'),
(900, 'Si', 14, 62, '2020-09-16 02:08:05', '2020-09-16 02:08:05'),
(901, 'Si', 15, 62, '2020-09-16 02:08:05', '2020-09-16 02:08:05'),
(902, 'Si', 16, 62, '2020-09-16 02:08:05', '2020-09-16 02:08:05'),
(903, 'Si', 17, 62, '2020-09-16 02:08:06', '2020-09-16 02:08:06'),
(904, '6 veces', 18, 62, '2020-09-16 02:08:06', '2020-09-16 02:08:06'),
(905, 'Sobrepeso grado I (Riesgo)', 58, 62, '2020-09-16 02:08:06', '2020-09-16 02:08:06'),
(906, 'Si', 19, 62, '2020-09-16 02:08:06', '2020-09-16 02:08:06'),
(907, 'Si', 20, 62, '2020-09-16 02:08:06', '2020-09-16 02:08:06'),
(908, 'Si', 21, 62, '2020-09-16 02:08:06', '2020-09-16 02:08:06'),
(909, 'Si', 22, 62, '2020-09-16 02:08:07', '2020-09-16 02:08:07'),
(910, 'Si', 23, 62, '2020-09-16 02:08:07', '2020-09-16 02:08:07'),
(911, 'Si', 24, 62, '2020-09-16 02:08:07', '2020-09-16 02:08:07'),
(912, '8 Horas', 25, 62, '2020-09-16 02:08:07', '2020-09-16 02:08:07'),
(913, 'Manualidades', 26, 62, '2020-09-16 02:08:07', '2020-09-16 02:08:07'),
(914, 'Televisión', 26, 62, '2020-09-16 02:08:08', '2020-09-16 02:08:08'),
(915, 'Leer', 26, 62, '2020-09-16 02:08:08', '2020-09-16 02:08:08'),
(916, 'Escuchar música', 26, 62, '2020-09-16 02:08:08', '2020-09-16 02:08:08'),
(917, 'Patinaje', 26, 62, '2020-09-16 02:08:08', '2020-09-16 02:08:08'),
(918, 'Baloncesto', 26, 62, '2020-09-16 02:08:08', '2020-09-16 02:08:08'),
(919, 'Estudiar', 26, 62, '2020-09-16 02:08:08', '2020-09-16 02:08:08'),
(920, 'Jugar', 26, 62, '2020-09-16 02:08:08', '2020-09-16 02:08:08'),
(921, 'Fútbol', 26, 62, '2020-09-16 02:08:09', '2020-09-16 02:08:09'),
(922, 'Celular', 26, 62, '2020-09-16 02:08:09', '2020-09-16 02:08:09'),
(923, 'Bailar', 26, 62, '2020-09-16 02:08:09', '2020-09-16 02:08:09'),
(924, 'Pintar', 26, 62, '2020-09-16 02:08:09', '2020-09-16 02:08:09'),
(925, 'Dibujar', 26, 62, '2020-09-16 02:08:09', '2020-09-16 02:08:09'),
(926, 'Si', 27, 62, '2020-09-16 02:08:09', '2020-09-16 02:08:09'),
(927, 'Si', 28, 62, '2020-09-16 02:08:10', '2020-09-16 02:08:10'),
(928, 'Si', 29, 62, '2020-09-16 02:08:10', '2020-09-16 02:08:10');
INSERT INTO `respuestas` (`id`, `respuestas`, `id_preguntas`, `id_formulario_ficha_salud`, `created_at`, `updated_at`) VALUES
(929, 'Si', 30, 62, '2020-09-16 02:08:10', '2020-09-16 02:08:10'),
(930, 'Si', 31, 62, '2020-09-16 02:08:10', '2020-09-16 02:08:10'),
(931, 'Relata expresiones negativas hacia sí mismo', 32, 62, '2020-09-16 02:08:10', '2020-09-16 02:08:10'),
(932, 'soy alegre', 33, 62, '2020-09-16 02:08:10', '2020-09-16 02:08:10'),
(933, 'me gusta como soy', 33, 62, '2020-09-16 02:08:11', '2020-09-16 02:08:11'),
(934, 'amistoso(a)', 33, 62, '2020-09-16 02:08:11', '2020-09-16 02:08:11'),
(935, 'amoroso(a)', 33, 62, '2020-09-16 02:08:11', '2020-09-16 02:08:11'),
(936, 'feliz', 33, 62, '2020-09-16 02:08:11', '2020-09-16 02:08:11'),
(937, 'Ninguna', 33, 62, '2020-09-16 02:08:11', '2020-09-16 02:08:11'),
(938, 'Si', 34, 62, '2020-09-16 02:08:11', '2020-09-16 02:08:11'),
(939, 'Otros', 35, 62, '2020-09-16 02:08:11', '2020-09-16 02:08:11'),
(940, 'Si', 36, 62, '2020-09-16 02:08:12', '2020-09-16 02:08:12'),
(941, 'No los dejan salir o jugar', 37, 62, '2020-09-16 02:08:12', '2020-09-16 02:08:12'),
(942, 'Solo lo regañan', 37, 62, '2020-09-16 02:08:12', '2020-09-16 02:08:12'),
(943, 'Lo reprenden con golpes', 37, 62, '2020-09-16 02:08:12', '2020-09-16 02:08:12'),
(944, 'Le quita lo que mas les gusta', 37, 62, '2020-09-16 02:08:12', '2020-09-16 02:08:12'),
(945, 'No lo dejan ver tv o utilizar el celular', 37, 62, '2020-09-16 02:08:12', '2020-09-16 02:08:12'),
(946, 'Lo ponen a hacer aseo', 37, 62, '2020-09-16 02:08:12', '2020-09-16 02:08:12'),
(947, 'No aplica', 37, 62, '2020-09-16 02:08:13', '2020-09-16 02:08:13'),
(948, 'Si', 38, 62, '2020-09-16 02:08:13', '2020-09-16 02:08:13'),
(949, 'Si', 39, 62, '2020-09-16 02:08:13', '2020-09-16 02:08:13'),
(950, 'Si', 40, 62, '2020-09-16 02:08:13', '2020-09-16 02:08:13'),
(951, 'Si', 41, 62, '2020-09-16 02:08:13', '2020-09-16 02:08:13'),
(952, 'Si', 42, 62, '2020-09-16 02:08:13', '2020-09-16 02:08:13'),
(953, 'Si', 43, 62, '2020-09-16 02:08:13', '2020-09-16 02:08:13'),
(954, 'Si', 44, 62, '2020-09-16 02:08:14', '2020-09-16 02:08:14'),
(955, 'Si', 45, 62, '2020-09-16 02:08:14', '2020-09-16 02:08:14'),
(956, 'Si', 46, 62, '2020-09-16 02:08:14', '2020-09-16 02:08:14'),
(957, 'Si', 47, 62, '2020-09-16 02:08:14', '2020-09-16 02:08:14'),
(958, 'Si', 48, 62, '2020-09-16 02:08:14', '2020-09-16 02:08:14'),
(959, 'Ninguna', 49, 62, '2020-09-16 02:08:14', '2020-09-16 02:08:14'),
(960, 'Si', 50, 62, '2020-09-16 02:08:15', '2020-09-16 02:08:15'),
(961, 'Si', 51, 62, '2020-09-16 02:08:15', '2020-09-16 02:08:15'),
(962, 'Si', 52, 62, '2020-09-16 02:08:15', '2020-09-16 02:08:15'),
(963, 'Sucios', 1, 63, '2020-09-16 02:44:00', '2020-09-16 02:44:00'),
(964, 'Inadecuado', 6, 63, '2020-09-16 02:44:00', '2020-09-16 02:44:00'),
(965, 'Inadecuado', 5, 63, '2020-09-16 02:44:01', '2020-09-16 02:44:01'),
(966, 'Inadecuado', 4, 63, '2020-09-16 02:44:01', '2020-09-16 02:44:01'),
(967, 'Inadecuado', 3, 63, '2020-09-16 02:44:01', '2020-09-16 02:44:01'),
(968, 'Inadecuado', 2, 63, '2020-09-16 02:44:01', '2020-09-16 02:44:01'),
(969, 'Si', 7, 63, '2020-09-16 02:44:01', '2020-09-16 02:44:01'),
(970, 'Si', 8, 63, '2020-09-16 02:44:02', '2020-09-16 02:44:02'),
(971, 'Lo llevan al rezandero', 53, 63, '2020-09-16 02:44:02', '2020-09-16 02:44:02'),
(972, 'Tíos', 54, 63, '2020-09-16 02:44:02', '2020-09-16 02:44:02'),
(973, 'Casi nunca (1 o 2 días)', 9, 63, '2020-09-16 02:44:02', '2020-09-16 02:44:02'),
(974, 'Casi nunca (1 o 2 días)', 10, 63, '2020-09-16 02:44:02', '2020-09-16 02:44:02'),
(975, 'Casi nunca (1 o 2 días)', 11, 63, '2020-09-16 02:44:02', '2020-09-16 02:44:02'),
(976, 'Casi nunca (1 o 2 días)', 12, 63, '2020-09-16 02:44:02', '2020-09-16 02:44:02'),
(977, 'Casi nunca (1 o 2 días)', 13, 63, '2020-09-16 02:44:03', '2020-09-16 02:44:03'),
(978, 'Si', 14, 63, '2020-09-16 02:44:03', '2020-09-16 02:44:03'),
(979, 'Si', 15, 63, '2020-09-16 02:44:03', '2020-09-16 02:44:03'),
(980, 'Si', 16, 63, '2020-09-16 02:44:03', '2020-09-16 02:44:03'),
(981, 'Si', 17, 63, '2020-09-16 02:44:03', '2020-09-16 02:44:03'),
(982, '6 veces', 18, 63, '2020-09-16 02:44:04', '2020-09-16 02:44:04'),
(983, 'Sobrepeso grado I (Riesgo)', 58, 63, '2020-09-16 02:44:04', '2020-09-16 02:44:04'),
(984, 'Si', 19, 63, '2020-09-16 02:44:04', '2020-09-16 02:44:04'),
(985, 'Si', 20, 63, '2020-09-16 02:44:04', '2020-09-16 02:44:04'),
(986, 'Si', 21, 63, '2020-09-16 02:44:04', '2020-09-16 02:44:04'),
(987, 'Si', 22, 63, '2020-09-16 02:44:04', '2020-09-16 02:44:04'),
(988, 'Si', 23, 63, '2020-09-16 02:44:04', '2020-09-16 02:44:04'),
(989, 'Si', 24, 63, '2020-09-16 02:44:05', '2020-09-16 02:44:05'),
(990, '8 Horas', 25, 63, '2020-09-16 02:44:05', '2020-09-16 02:44:05'),
(991, 'Manualidades', 26, 63, '2020-09-16 02:44:05', '2020-09-16 02:44:05'),
(992, 'Televisión', 26, 63, '2020-09-16 02:44:05', '2020-09-16 02:44:05'),
(993, 'Leer', 26, 63, '2020-09-16 02:44:05', '2020-09-16 02:44:05'),
(994, 'Escuchar música', 26, 63, '2020-09-16 02:44:05', '2020-09-16 02:44:05'),
(995, 'Patinaje', 26, 63, '2020-09-16 02:44:05', '2020-09-16 02:44:05'),
(996, 'Baloncesto', 26, 63, '2020-09-16 02:44:06', '2020-09-16 02:44:06'),
(997, 'Estudiar', 26, 63, '2020-09-16 02:44:06', '2020-09-16 02:44:06'),
(998, 'Jugar', 26, 63, '2020-09-16 02:44:06', '2020-09-16 02:44:06'),
(999, 'Fútbol', 26, 63, '2020-09-16 02:44:06', '2020-09-16 02:44:06'),
(1000, 'Celular', 26, 63, '2020-09-16 02:44:06', '2020-09-16 02:44:06'),
(1001, 'Bailar', 26, 63, '2020-09-16 02:44:06', '2020-09-16 02:44:06'),
(1002, 'Pintar', 26, 63, '2020-09-16 02:44:07', '2020-09-16 02:44:07'),
(1003, 'Dibujar', 26, 63, '2020-09-16 02:44:07', '2020-09-16 02:44:07'),
(1004, 'Si', 27, 63, '2020-09-16 02:44:07', '2020-09-16 02:44:07'),
(1005, 'Si', 28, 63, '2020-09-16 02:44:07', '2020-09-16 02:44:07'),
(1006, 'Si', 29, 63, '2020-09-16 02:44:07', '2020-09-16 02:44:07'),
(1007, 'Si', 30, 63, '2020-09-16 02:44:07', '2020-09-16 02:44:07'),
(1008, 'Si', 31, 63, '2020-09-16 02:44:07', '2020-09-16 02:44:07'),
(1009, 'Relata expresiones negativas hacia sí mismo', 32, 63, '2020-09-16 02:44:08', '2020-09-16 02:44:08'),
(1010, 'soy alegre', 33, 63, '2020-09-16 02:44:08', '2020-09-16 02:44:08'),
(1011, 'me gusta como soy', 33, 63, '2020-09-16 02:44:08', '2020-09-16 02:44:08'),
(1012, 'amistoso(a)', 33, 63, '2020-09-16 02:44:08', '2020-09-16 02:44:08'),
(1013, 'amoroso(a)', 33, 63, '2020-09-16 02:44:08', '2020-09-16 02:44:08'),
(1014, 'feliz', 33, 63, '2020-09-16 02:44:08', '2020-09-16 02:44:08'),
(1015, 'Ninguna', 33, 63, '2020-09-16 02:44:08', '2020-09-16 02:44:08'),
(1016, 'Si', 34, 63, '2020-09-16 02:44:09', '2020-09-16 02:44:09'),
(1017, 'Otros', 35, 63, '2020-09-16 02:44:09', '2020-09-16 02:44:09'),
(1018, 'Si', 36, 63, '2020-09-16 02:44:09', '2020-09-16 02:44:09'),
(1019, 'No los dejan salir o jugar', 37, 63, '2020-09-16 02:44:09', '2020-09-16 02:44:09'),
(1020, 'Solo lo regañan', 37, 63, '2020-09-16 02:44:09', '2020-09-16 02:44:09'),
(1021, 'Lo reprenden con golpes', 37, 63, '2020-09-16 02:44:09', '2020-09-16 02:44:09'),
(1022, 'Le quita lo que mas les gusta', 37, 63, '2020-09-16 02:44:10', '2020-09-16 02:44:10'),
(1023, 'No lo dejan ver tv o utilizar el celular', 37, 63, '2020-09-16 02:44:10', '2020-09-16 02:44:10'),
(1024, 'Lo ponen a hacer aseo', 37, 63, '2020-09-16 02:44:10', '2020-09-16 02:44:10'),
(1025, 'No aplica', 37, 63, '2020-09-16 02:44:10', '2020-09-16 02:44:10'),
(1026, 'Si', 38, 63, '2020-09-16 02:44:10', '2020-09-16 02:44:10'),
(1027, 'Si', 39, 63, '2020-09-16 02:44:10', '2020-09-16 02:44:10'),
(1028, 'Si', 40, 63, '2020-09-16 02:44:11', '2020-09-16 02:44:11'),
(1029, 'Si', 41, 63, '2020-09-16 02:44:11', '2020-09-16 02:44:11'),
(1030, 'Si', 42, 63, '2020-09-16 02:44:11', '2020-09-16 02:44:11'),
(1031, 'Si', 43, 63, '2020-09-16 02:44:11', '2020-09-16 02:44:11'),
(1032, 'Si', 44, 63, '2020-09-16 02:44:11', '2020-09-16 02:44:11'),
(1033, 'Si', 45, 63, '2020-09-16 02:44:11', '2020-09-16 02:44:11'),
(1034, 'Si', 46, 63, '2020-09-16 02:44:11', '2020-09-16 02:44:11'),
(1035, 'Si', 47, 63, '2020-09-16 02:44:12', '2020-09-16 02:44:12'),
(1036, 'Si', 48, 63, '2020-09-16 02:44:12', '2020-09-16 02:44:12'),
(1037, 'Ninguna', 49, 63, '2020-09-16 02:44:12', '2020-09-16 02:44:12'),
(1038, 'Si', 50, 63, '2020-09-16 02:44:12', '2020-09-16 02:44:12'),
(1039, 'Si', 51, 63, '2020-09-16 02:44:12', '2020-09-16 02:44:12'),
(1040, 'Si', 52, 63, '2020-09-16 02:44:12', '2020-09-16 02:44:12'),
(1041, 'Sucios', 1, 64, '2020-09-16 13:18:55', '2020-09-16 13:18:55'),
(1042, 'Inadecuado', 2, 64, '2020-09-16 13:18:55', '2020-09-16 13:18:55'),
(1043, 'Inadecuado', 3, 64, '2020-09-16 13:18:55', '2020-09-16 13:18:55'),
(1044, 'Inadecuado', 4, 64, '2020-09-16 13:18:55', '2020-09-16 13:18:55'),
(1045, 'Inadecuado', 5, 64, '2020-09-16 13:18:56', '2020-09-16 13:18:56'),
(1046, 'Inadecuado', 6, 64, '2020-09-16 13:18:56', '2020-09-16 13:18:56'),
(1047, 'Si', 7, 64, '2020-09-16 13:18:56', '2020-09-16 13:18:56'),
(1048, 'Si', 8, 64, '2020-09-16 13:18:56', '2020-09-16 13:18:56'),
(1049, 'Lo llevan al rezandero', 53, 64, '2020-09-16 13:18:56', '2020-09-16 13:18:56'),
(1050, 'Tíos', 54, 64, '2020-09-16 13:18:57', '2020-09-16 13:18:57'),
(1051, 'Casi nunca (1 o 2 días)', 9, 64, '2020-09-16 13:18:57', '2020-09-16 13:18:57'),
(1052, 'Casi nunca (1 o 2 días)', 10, 64, '2020-09-16 13:18:57', '2020-09-16 13:18:57'),
(1053, 'Casi nunca (1 o 2 días)', 11, 64, '2020-09-16 13:18:57', '2020-09-16 13:18:57'),
(1054, 'Casi nunca (1 o 2 días)', 12, 64, '2020-09-16 13:18:57', '2020-09-16 13:18:57'),
(1055, 'Casi nunca (1 o 2 días)', 13, 64, '2020-09-16 13:18:57', '2020-09-16 13:18:57'),
(1056, 'Si', 14, 64, '2020-09-16 13:18:57', '2020-09-16 13:18:57'),
(1057, 'Si', 15, 64, '2020-09-16 13:18:58', '2020-09-16 13:18:58'),
(1058, 'Si', 16, 64, '2020-09-16 13:18:58', '2020-09-16 13:18:58'),
(1059, 'Si', 17, 64, '2020-09-16 13:18:58', '2020-09-16 13:18:58'),
(1060, '6 veces', 18, 64, '2020-09-16 13:18:58', '2020-09-16 13:18:58'),
(1061, 'Sobrepeso grado I (Riesgo)', 58, 64, '2020-09-16 13:18:58', '2020-09-16 13:18:58'),
(1062, 'Si', 19, 64, '2020-09-16 13:18:58', '2020-09-16 13:18:58'),
(1063, 'Si', 20, 64, '2020-09-16 13:18:58', '2020-09-16 13:18:58'),
(1064, 'Si', 21, 64, '2020-09-16 13:18:59', '2020-09-16 13:18:59'),
(1065, 'Si', 22, 64, '2020-09-16 13:18:59', '2020-09-16 13:18:59'),
(1066, 'Si', 23, 64, '2020-09-16 13:18:59', '2020-09-16 13:18:59'),
(1067, 'Si', 24, 64, '2020-09-16 13:18:59', '2020-09-16 13:18:59'),
(1068, '8 Horas', 25, 64, '2020-09-16 13:18:59', '2020-09-16 13:18:59'),
(1069, 'Manualidades', 26, 64, '2020-09-16 13:18:59', '2020-09-16 13:18:59'),
(1070, 'Televisión', 26, 64, '2020-09-16 13:18:59', '2020-09-16 13:18:59'),
(1071, 'Leer', 26, 64, '2020-09-16 13:19:00', '2020-09-16 13:19:00'),
(1072, 'Escuchar música', 26, 64, '2020-09-16 13:19:00', '2020-09-16 13:19:00'),
(1073, 'Patinaje', 26, 64, '2020-09-16 13:19:00', '2020-09-16 13:19:00'),
(1074, 'Baloncesto', 26, 64, '2020-09-16 13:19:00', '2020-09-16 13:19:00'),
(1075, 'Estudiar', 26, 64, '2020-09-16 13:19:00', '2020-09-16 13:19:00'),
(1076, 'Jugar', 26, 64, '2020-09-16 13:19:00', '2020-09-16 13:19:00'),
(1077, 'Fútbol', 26, 64, '2020-09-16 13:19:00', '2020-09-16 13:19:00'),
(1078, 'Celular', 26, 64, '2020-09-16 13:19:00', '2020-09-16 13:19:00'),
(1079, 'Bailar', 26, 64, '2020-09-16 13:19:01', '2020-09-16 13:19:01'),
(1080, 'Pintar', 26, 64, '2020-09-16 13:19:01', '2020-09-16 13:19:01'),
(1081, 'Dibujar', 26, 64, '2020-09-16 13:19:01', '2020-09-16 13:19:01'),
(1082, 'Si', 27, 64, '2020-09-16 13:19:01', '2020-09-16 13:19:01'),
(1083, 'Si', 28, 64, '2020-09-16 13:19:01', '2020-09-16 13:19:01'),
(1084, 'Si', 29, 64, '2020-09-16 13:19:02', '2020-09-16 13:19:02'),
(1085, 'Si', 30, 64, '2020-09-16 13:19:02', '2020-09-16 13:19:02'),
(1086, 'Si', 31, 64, '2020-09-16 13:19:02', '2020-09-16 13:19:02'),
(1087, 'Relata expresiones negativas hacia sí mismo', 32, 64, '2020-09-16 13:19:02', '2020-09-16 13:19:02'),
(1088, 'soy alegre', 33, 64, '2020-09-16 13:19:02', '2020-09-16 13:19:02'),
(1089, 'me gusta como soy', 33, 64, '2020-09-16 13:19:02', '2020-09-16 13:19:02'),
(1090, 'amistoso(a)', 33, 64, '2020-09-16 13:19:02', '2020-09-16 13:19:02'),
(1091, 'amoroso(a)', 33, 64, '2020-09-16 13:19:03', '2020-09-16 13:19:03'),
(1092, 'feliz', 33, 64, '2020-09-16 13:19:03', '2020-09-16 13:19:03'),
(1093, 'Ninguna', 33, 64, '2020-09-16 13:19:03', '2020-09-16 13:19:03'),
(1094, 'Si', 34, 64, '2020-09-16 13:19:03', '2020-09-16 13:19:03'),
(1095, 'Otros', 35, 64, '2020-09-16 13:19:03', '2020-09-16 13:19:03'),
(1096, 'Si', 36, 64, '2020-09-16 13:19:03', '2020-09-16 13:19:03'),
(1097, 'No los dejan salir o jugar', 37, 64, '2020-09-16 13:19:03', '2020-09-16 13:19:03'),
(1098, 'Solo lo regañan', 37, 64, '2020-09-16 13:19:04', '2020-09-16 13:19:04'),
(1099, 'Lo reprenden con golpes', 37, 64, '2020-09-16 13:19:04', '2020-09-16 13:19:04'),
(1100, 'Le quita lo que mas les gusta', 37, 64, '2020-09-16 13:19:04', '2020-09-16 13:19:04'),
(1101, 'No lo dejan ver tv o utilizar el celular', 37, 64, '2020-09-16 13:19:04', '2020-09-16 13:19:04'),
(1102, 'Lo ponen a hacer aseo', 37, 64, '2020-09-16 13:19:04', '2020-09-16 13:19:04'),
(1103, 'No aplica', 37, 64, '2020-09-16 13:19:04', '2020-09-16 13:19:04'),
(1104, 'Si', 38, 64, '2020-09-16 13:19:04', '2020-09-16 13:19:04'),
(1105, 'Si', 39, 64, '2020-09-16 13:19:05', '2020-09-16 13:19:05'),
(1106, 'Si', 40, 64, '2020-09-16 13:19:05', '2020-09-16 13:19:05'),
(1107, 'Si', 41, 64, '2020-09-16 13:19:05', '2020-09-16 13:19:05'),
(1108, 'Si', 42, 64, '2020-09-16 13:19:05', '2020-09-16 13:19:05'),
(1109, 'Si', 43, 64, '2020-09-16 13:19:05', '2020-09-16 13:19:05'),
(1110, 'Si', 44, 64, '2020-09-16 13:19:05', '2020-09-16 13:19:05'),
(1111, 'Si', 45, 64, '2020-09-16 13:19:05', '2020-09-16 13:19:05'),
(1112, 'Si', 46, 64, '2020-09-16 13:19:06', '2020-09-16 13:19:06'),
(1113, 'Si', 47, 64, '2020-09-16 13:19:06', '2020-09-16 13:19:06'),
(1114, 'Si', 48, 64, '2020-09-16 13:19:06', '2020-09-16 13:19:06'),
(1115, 'Ninguna', 49, 64, '2020-09-16 13:19:06', '2020-09-16 13:19:06'),
(1116, 'Si', 50, 64, '2020-09-16 13:19:06', '2020-09-16 13:19:06'),
(1117, 'Si', 51, 64, '2020-09-16 13:19:06', '2020-09-16 13:19:06'),
(1118, 'Si', 52, 64, '2020-09-16 13:19:06', '2020-09-16 13:19:06'),
(1119, 'Sucios', 1, 65, '2020-09-16 13:23:30', '2020-09-16 13:23:30'),
(1120, 'Inadecuado', 2, 65, '2020-09-16 13:23:30', '2020-09-16 13:23:30'),
(1121, 'Inadecuado', 3, 65, '2020-09-16 13:23:30', '2020-09-16 13:23:30'),
(1122, 'Inadecuado', 4, 65, '2020-09-16 13:23:31', '2020-09-16 13:23:31'),
(1123, 'Inadecuado', 5, 65, '2020-09-16 13:23:31', '2020-09-16 13:23:31'),
(1124, 'Inadecuado', 6, 65, '2020-09-16 13:23:31', '2020-09-16 13:23:31'),
(1125, 'Si', 7, 65, '2020-09-16 13:23:31', '2020-09-16 13:23:31'),
(1126, 'Si', 8, 65, '2020-09-16 13:23:31', '2020-09-16 13:23:31'),
(1127, 'Lo llevan al rezandero', 53, 65, '2020-09-16 13:23:32', '2020-09-16 13:23:32'),
(1128, 'Tíos', 54, 65, '2020-09-16 13:23:32', '2020-09-16 13:23:32'),
(1129, 'Casi nunca (1 o 2 días)', 9, 65, '2020-09-16 13:23:32', '2020-09-16 13:23:32'),
(1130, 'Casi nunca (1 o 2 días)', 10, 65, '2020-09-16 13:23:32', '2020-09-16 13:23:32'),
(1131, 'Casi nunca (1 o 2 días)', 11, 65, '2020-09-16 13:23:32', '2020-09-16 13:23:32'),
(1132, 'Casi nunca (1 o 2 días)', 12, 65, '2020-09-16 13:23:33', '2020-09-16 13:23:33'),
(1133, 'Casi nunca (1 o 2 días)', 13, 65, '2020-09-16 13:23:33', '2020-09-16 13:23:33'),
(1134, 'Si', 14, 65, '2020-09-16 13:23:33', '2020-09-16 13:23:33'),
(1135, 'Si', 15, 65, '2020-09-16 13:23:33', '2020-09-16 13:23:33'),
(1136, 'Si', 16, 65, '2020-09-16 13:23:33', '2020-09-16 13:23:33'),
(1137, 'Si', 17, 65, '2020-09-16 13:23:33', '2020-09-16 13:23:33'),
(1138, '6 veces', 18, 65, '2020-09-16 13:23:33', '2020-09-16 13:23:33'),
(1139, 'Peso normal', 58, 65, '2020-09-16 13:23:33', '2020-09-16 13:23:33'),
(1140, 'Si', 19, 65, '2020-09-16 13:23:34', '2020-09-16 13:23:34'),
(1141, 'Si', 20, 65, '2020-09-16 13:23:34', '2020-09-16 13:23:34'),
(1142, 'Si', 21, 65, '2020-09-16 13:23:34', '2020-09-16 13:23:34'),
(1143, 'Si', 22, 65, '2020-09-16 13:23:34', '2020-09-16 13:23:34'),
(1144, 'Si', 23, 65, '2020-09-16 13:23:34', '2020-09-16 13:23:34'),
(1145, 'Si', 24, 65, '2020-09-16 13:23:34', '2020-09-16 13:23:34'),
(1146, '8 Horas', 25, 65, '2020-09-16 13:23:34', '2020-09-16 13:23:34'),
(1147, 'Manualidades', 26, 65, '2020-09-16 13:23:35', '2020-09-16 13:23:35'),
(1148, 'Televisión', 26, 65, '2020-09-16 13:23:35', '2020-09-16 13:23:35'),
(1149, 'Leer', 26, 65, '2020-09-16 13:23:35', '2020-09-16 13:23:35'),
(1150, 'Escuchar música', 26, 65, '2020-09-16 13:23:35', '2020-09-16 13:23:35'),
(1151, 'Patinaje', 26, 65, '2020-09-16 13:23:35', '2020-09-16 13:23:35'),
(1152, 'Baloncesto', 26, 65, '2020-09-16 13:23:35', '2020-09-16 13:23:35'),
(1153, 'Estudiar', 26, 65, '2020-09-16 13:23:35', '2020-09-16 13:23:35'),
(1154, 'Jugar', 26, 65, '2020-09-16 13:23:35', '2020-09-16 13:23:35'),
(1155, 'Fútbol', 26, 65, '2020-09-16 13:23:36', '2020-09-16 13:23:36'),
(1156, 'Celular', 26, 65, '2020-09-16 13:23:36', '2020-09-16 13:23:36'),
(1157, 'Bailar', 26, 65, '2020-09-16 13:23:36', '2020-09-16 13:23:36'),
(1158, 'Pintar', 26, 65, '2020-09-16 13:23:36', '2020-09-16 13:23:36'),
(1159, 'Dibujar', 26, 65, '2020-09-16 13:23:36', '2020-09-16 13:23:36'),
(1160, 'Si', 27, 65, '2020-09-16 13:23:36', '2020-09-16 13:23:36'),
(1161, 'Si', 28, 65, '2020-09-16 13:23:36', '2020-09-16 13:23:36'),
(1162, 'Si', 29, 65, '2020-09-16 13:23:36', '2020-09-16 13:23:36'),
(1163, 'Si', 30, 65, '2020-09-16 13:23:37', '2020-09-16 13:23:37'),
(1164, 'Si', 31, 65, '2020-09-16 13:23:37', '2020-09-16 13:23:37'),
(1165, 'Relata expresiones negativas hacia sí mismo', 32, 65, '2020-09-16 13:23:37', '2020-09-16 13:23:37'),
(1166, 'soy alegre', 33, 65, '2020-09-16 13:23:37', '2020-09-16 13:23:37'),
(1167, 'me gusta como soy', 33, 65, '2020-09-16 13:23:37', '2020-09-16 13:23:37'),
(1168, 'amistoso(a)', 33, 65, '2020-09-16 13:23:37', '2020-09-16 13:23:37'),
(1169, 'amoroso(a)', 33, 65, '2020-09-16 13:23:37', '2020-09-16 13:23:37'),
(1170, 'feliz', 33, 65, '2020-09-16 13:23:37', '2020-09-16 13:23:37'),
(1171, 'Ninguna', 33, 65, '2020-09-16 13:23:38', '2020-09-16 13:23:38'),
(1172, 'Si', 34, 65, '2020-09-16 13:23:38', '2020-09-16 13:23:38'),
(1173, 'Otros', 35, 65, '2020-09-16 13:23:38', '2020-09-16 13:23:38'),
(1174, 'Si', 36, 65, '2020-09-16 13:23:38', '2020-09-16 13:23:38'),
(1175, 'No los dejan salir o jugar', 37, 65, '2020-09-16 13:23:38', '2020-09-16 13:23:38'),
(1176, 'Solo lo regañan', 37, 65, '2020-09-16 13:23:38', '2020-09-16 13:23:38'),
(1177, 'Lo reprenden con golpes', 37, 65, '2020-09-16 13:23:38', '2020-09-16 13:23:38'),
(1178, 'Le quita lo que mas les gusta', 37, 65, '2020-09-16 13:23:39', '2020-09-16 13:23:39'),
(1179, 'No lo dejan ver tv o utilizar el celular', 37, 65, '2020-09-16 13:23:39', '2020-09-16 13:23:39'),
(1180, 'Lo ponen a hacer aseo', 37, 65, '2020-09-16 13:23:39', '2020-09-16 13:23:39'),
(1181, 'No aplica', 37, 65, '2020-09-16 13:23:39', '2020-09-16 13:23:39'),
(1182, 'Si', 38, 65, '2020-09-16 13:23:39', '2020-09-16 13:23:39'),
(1183, 'Si', 39, 65, '2020-09-16 13:23:39', '2020-09-16 13:23:39'),
(1184, 'Si', 40, 65, '2020-09-16 13:23:39', '2020-09-16 13:23:39'),
(1185, 'Si', 41, 65, '2020-09-16 13:23:39', '2020-09-16 13:23:39'),
(1186, 'Si', 42, 65, '2020-09-16 13:23:40', '2020-09-16 13:23:40'),
(1187, 'Si', 43, 65, '2020-09-16 13:23:40', '2020-09-16 13:23:40'),
(1188, 'Si', 44, 65, '2020-09-16 13:23:40', '2020-09-16 13:23:40'),
(1189, 'Si', 45, 65, '2020-09-16 13:23:40', '2020-09-16 13:23:40'),
(1190, 'Si', 46, 65, '2020-09-16 13:23:40', '2020-09-16 13:23:40'),
(1191, 'Si', 47, 65, '2020-09-16 13:23:40', '2020-09-16 13:23:40'),
(1192, 'Si', 48, 65, '2020-09-16 13:23:40', '2020-09-16 13:23:40'),
(1193, 'Ninguna', 49, 65, '2020-09-16 13:23:41', '2020-09-16 13:23:41'),
(1194, 'Si', 50, 65, '2020-09-16 13:23:41', '2020-09-16 13:23:41'),
(1195, 'Si', 51, 65, '2020-09-16 13:23:41', '2020-09-16 13:23:41'),
(1196, 'Si', 52, 65, '2020-09-16 13:23:41', '2020-09-16 13:23:41'),
(1227, 'Sucios', 1, 67, '2020-09-18 22:52:07', '2020-09-18 22:52:07'),
(1228, 'Inadecuado', 2, 67, '2020-09-18 22:52:07', '2020-09-18 22:52:07'),
(1229, 'Inadecuado', 3, 67, '2020-09-18 22:52:07', '2020-09-18 22:52:07'),
(1230, 'Inadecuado', 4, 67, '2020-09-18 22:52:08', '2020-09-18 22:52:08'),
(1231, 'Inadecuado', 5, 67, '2020-09-18 22:52:08', '2020-09-18 22:52:08'),
(1232, 'Inadecuado', 6, 67, '2020-09-18 22:52:08', '2020-09-18 22:52:08'),
(1233, 'Si', 7, 67, '2020-09-18 22:52:09', '2020-09-18 22:52:09'),
(1234, 'Si', 8, 67, '2020-09-18 22:52:09', '2020-09-18 22:52:09'),
(1235, 'Lo llevan al rezandero', 53, 67, '2020-09-18 22:52:09', '2020-09-18 22:52:09'),
(1236, 'Tíos', 54, 67, '2020-09-18 22:52:10', '2020-09-18 22:52:10'),
(1237, 'Casi nunca (1 o 2 días)', 9, 67, '2020-09-18 22:52:10', '2020-09-18 22:52:10'),
(1238, 'Casi nunca (1 o 2 días)', 10, 67, '2020-09-18 22:52:11', '2020-09-18 22:52:11'),
(1239, 'Casi nunca (1 o 2 días)', 11, 67, '2020-09-18 22:52:11', '2020-09-18 22:52:11'),
(1240, 'Casi nunca (1 o 2 días)', 12, 67, '2020-09-18 22:52:11', '2020-09-18 22:52:11'),
(1241, 'Casi nunca (1 o 2 días)', 13, 67, '2020-09-18 22:52:12', '2020-09-18 22:52:12'),
(1242, 'Si', 14, 67, '2020-09-18 22:52:12', '2020-09-18 22:52:12'),
(1243, 'Si', 15, 67, '2020-09-18 22:52:12', '2020-09-18 22:52:12'),
(1244, 'Si', 16, 67, '2020-09-18 22:52:13', '2020-09-18 22:52:13'),
(1245, 'Si', 17, 67, '2020-09-18 22:52:13', '2020-09-18 22:52:13'),
(1246, '6 veces', 18, 67, '2020-09-18 22:52:13', '2020-09-18 22:52:13'),
(1247, 'Obesidad de tipo I (Riesgo moderado)', 58, 67, '2020-09-18 22:52:14', '2020-09-18 22:52:14'),
(1248, 'Si', 19, 67, '2020-09-18 22:52:14', '2020-09-18 22:52:14'),
(1249, 'Si', 20, 67, '2020-09-18 22:52:15', '2020-09-18 22:52:15'),
(1250, 'Si', 21, 67, '2020-09-18 22:52:15', '2020-09-18 22:52:15'),
(1251, 'Si', 22, 67, '2020-09-18 22:52:15', '2020-09-18 22:52:15'),
(1252, 'Si', 23, 67, '2020-09-18 22:52:16', '2020-09-18 22:52:16'),
(1253, 'Si', 24, 67, '2020-09-18 22:52:16', '2020-09-18 22:52:16'),
(1254, '8 Horas', 25, 67, '2020-09-18 22:52:16', '2020-09-18 22:52:16'),
(1255, 'Manualidades', 26, 67, '2020-09-18 22:52:17', '2020-09-18 22:52:17'),
(1256, 'Televisión', 26, 67, '2020-09-18 22:52:17', '2020-09-18 22:52:17'),
(1257, 'Leer', 26, 67, '2020-09-18 22:52:17', '2020-09-18 22:52:17'),
(1258, 'Escuchar música', 26, 67, '2020-09-18 22:52:18', '2020-09-18 22:52:18'),
(1259, 'Patinaje', 26, 67, '2020-09-18 22:52:18', '2020-09-18 22:52:18'),
(1260, 'Baloncesto', 26, 67, '2020-09-18 22:52:18', '2020-09-18 22:52:18'),
(1261, 'Estudiar', 26, 67, '2020-09-18 22:52:19', '2020-09-18 22:52:19'),
(1262, 'Jugar', 26, 67, '2020-09-18 22:52:19', '2020-09-18 22:52:19'),
(1263, 'Fútbol', 26, 67, '2020-09-18 22:52:19', '2020-09-18 22:52:19'),
(1264, 'Celular', 26, 67, '2020-09-18 22:52:20', '2020-09-18 22:52:20'),
(1265, 'Bailar', 26, 67, '2020-09-18 22:52:20', '2020-09-18 22:52:20'),
(1266, 'Pintar', 26, 67, '2020-09-18 22:52:20', '2020-09-18 22:52:20'),
(1267, 'Dibujar', 26, 67, '2020-09-18 22:52:21', '2020-09-18 22:52:21'),
(1268, 'Si', 27, 67, '2020-09-18 22:52:21', '2020-09-18 22:52:21'),
(1269, 'Si', 28, 67, '2020-09-18 22:52:21', '2020-09-18 22:52:21'),
(1270, 'Si', 29, 67, '2020-09-18 22:52:22', '2020-09-18 22:52:22'),
(1271, 'Si', 30, 67, '2020-09-18 22:52:22', '2020-09-18 22:52:22'),
(1272, 'Si', 31, 67, '2020-09-18 22:52:22', '2020-09-18 22:52:22'),
(1273, 'Relata expresiones negativas hacia sí mismo', 32, 67, '2020-09-18 22:52:23', '2020-09-18 22:52:23'),
(1274, 'soy alegre', 33, 67, '2020-09-18 22:52:23', '2020-09-18 22:52:23'),
(1275, 'me gusta como soy', 33, 67, '2020-09-18 22:52:23', '2020-09-18 22:52:23'),
(1276, 'amistoso(a)', 33, 67, '2020-09-18 22:52:23', '2020-09-18 22:52:23'),
(1277, 'amoroso(a)', 33, 67, '2020-09-18 22:52:24', '2020-09-18 22:52:24'),
(1278, 'feliz', 33, 67, '2020-09-18 22:52:24', '2020-09-18 22:52:24'),
(1279, 'Ninguna', 33, 67, '2020-09-18 22:52:24', '2020-09-18 22:52:24'),
(1280, 'Si', 34, 67, '2020-09-18 22:52:25', '2020-09-18 22:52:25'),
(1281, 'Otros', 35, 67, '2020-09-18 22:52:25', '2020-09-18 22:52:25'),
(1282, 'Si', 36, 67, '2020-09-18 22:52:25', '2020-09-18 22:52:25'),
(1283, 'No los dejan salir o jugar', 37, 67, '2020-09-18 22:52:26', '2020-09-18 22:52:26'),
(1284, 'Solo lo regañan', 37, 67, '2020-09-18 22:52:26', '2020-09-18 22:52:26'),
(1285, 'Lo reprenden con golpes', 37, 67, '2020-09-18 22:52:26', '2020-09-18 22:52:26'),
(1286, 'Le quita lo que mas les gusta', 37, 67, '2020-09-18 22:52:27', '2020-09-18 22:52:27'),
(1287, 'No lo dejan ver tv o utilizar el celular', 37, 67, '2020-09-18 22:52:27', '2020-09-18 22:52:27'),
(1288, 'Lo ponen a hacer aseo', 37, 67, '2020-09-18 22:52:27', '2020-09-18 22:52:27'),
(1289, 'No aplica', 37, 67, '2020-09-18 22:52:28', '2020-09-18 22:52:28'),
(1290, 'Si', 38, 67, '2020-09-18 22:52:28', '2020-09-18 22:52:28'),
(1291, 'Si', 39, 67, '2020-09-18 22:52:28', '2020-09-18 22:52:28'),
(1292, 'Si', 40, 67, '2020-09-18 22:52:29', '2020-09-18 22:52:29'),
(1293, 'Si', 41, 67, '2020-09-18 22:52:29', '2020-09-18 22:52:29'),
(1294, 'Si', 42, 67, '2020-09-18 22:52:29', '2020-09-18 22:52:29'),
(1295, 'Si', 43, 67, '2020-09-18 22:52:30', '2020-09-18 22:52:30'),
(1296, 'Si', 44, 67, '2020-09-18 22:52:30', '2020-09-18 22:52:30'),
(1297, 'Si', 45, 67, '2020-09-18 22:52:30', '2020-09-18 22:52:30'),
(1298, 'Si', 46, 67, '2020-09-18 22:52:31', '2020-09-18 22:52:31'),
(1299, 'Si', 47, 67, '2020-09-18 22:52:31', '2020-09-18 22:52:31'),
(1300, 'Si', 48, 67, '2020-09-18 22:52:31', '2020-09-18 22:52:31'),
(1301, 'Ninguna', 49, 67, '2020-09-18 22:52:32', '2020-09-18 22:52:32'),
(1302, 'Si', 50, 67, '2020-09-18 22:52:32', '2020-09-18 22:52:32'),
(1303, 'Si', 51, 67, '2020-09-18 22:52:32', '2020-09-18 22:52:32'),
(1304, 'Si', 52, 67, '2020-09-18 22:52:33', '2020-09-18 22:52:33'),
(1305, 'Inadecuado', 2, 68, '2020-10-11 16:04:31', '2020-10-11 16:04:31'),
(1306, 'Sucios', 1, 68, '2020-10-11 16:04:31', '2020-10-11 16:04:31'),
(1307, 'Inadecuado', 3, 68, '2020-10-11 16:04:31', '2020-10-11 16:04:31'),
(1308, 'Inadecuado', 5, 68, '2020-10-11 16:04:31', '2020-10-11 16:04:31'),
(1309, 'Inadecuado', 4, 68, '2020-10-11 16:04:31', '2020-10-11 16:04:31'),
(1310, 'Inadecuado', 6, 68, '2020-10-11 16:04:31', '2020-10-11 16:04:31'),
(1311, 'Si', 7, 68, '2020-10-11 16:04:31', '2020-10-11 16:04:31'),
(1312, 'Si', 8, 68, '2020-10-11 16:04:31', '2020-10-11 16:04:31'),
(1313, 'Lo llevan al rezandero', 53, 68, '2020-10-11 16:04:31', '2020-10-11 16:04:31'),
(1314, 'Tíos', 54, 68, '2020-10-11 16:04:31', '2020-10-11 16:04:31'),
(1315, 'Casi nunca (1 o 2 días)', 10, 68, '2020-10-11 16:04:32', '2020-10-11 16:04:32'),
(1316, 'Casi nunca (1 o 2 días)', 9, 68, '2020-10-11 16:04:32', '2020-10-11 16:04:32'),
(1317, 'Casi nunca (1 o 2 días)', 11, 68, '2020-10-11 16:04:32', '2020-10-11 16:04:32'),
(1318, 'Casi nunca (1 o 2 días)', 12, 68, '2020-10-11 16:04:32', '2020-10-11 16:04:32'),
(1319, 'Si', 14, 68, '2020-10-11 16:04:32', '2020-10-11 16:04:32'),
(1320, 'Casi nunca (1 o 2 días)', 13, 68, '2020-10-11 16:04:32', '2020-10-11 16:04:32'),
(1321, 'Si', 15, 68, '2020-10-11 16:04:32', '2020-10-11 16:04:32'),
(1322, 'Si', 17, 68, '2020-10-11 16:04:32', '2020-10-11 16:04:32'),
(1323, '6 veces', 18, 68, '2020-10-11 16:04:32', '2020-10-11 16:04:32'),
(1324, 'Si', 16, 68, '2020-10-11 16:04:32', '2020-10-11 16:04:32'),
(1325, 'Si', 19, 68, '2020-10-11 16:04:32', '2020-10-11 16:04:32'),
(1326, 'Sobrepeso grado I (Riesgo)', 58, 68, '2020-10-11 16:04:32', '2020-10-11 16:04:32'),
(1327, 'Si', 22, 68, '2020-10-11 16:04:32', '2020-10-11 16:04:32'),
(1328, 'Si', 20, 68, '2020-10-11 16:04:32', '2020-10-11 16:04:32'),
(1329, 'Si', 21, 68, '2020-10-11 16:04:32', '2020-10-11 16:04:32'),
(1330, 'Si', 23, 68, '2020-10-11 16:04:32', '2020-10-11 16:04:32'),
(1331, 'Si', 24, 68, '2020-10-11 16:04:33', '2020-10-11 16:04:33'),
(1332, 'Televisión', 26, 68, '2020-10-11 16:04:33', '2020-10-11 16:04:33'),
(1333, 'Manualidades', 26, 68, '2020-10-11 16:04:33', '2020-10-11 16:04:33'),
(1334, '8 Horas', 25, 68, '2020-10-11 16:04:33', '2020-10-11 16:04:33'),
(1335, 'Escuchar música', 26, 68, '2020-10-11 16:04:33', '2020-10-11 16:04:33'),
(1336, 'Leer', 26, 68, '2020-10-11 16:04:33', '2020-10-11 16:04:33'),
(1337, 'Patinaje', 26, 68, '2020-10-11 16:04:33', '2020-10-11 16:04:33'),
(1338, 'Baloncesto', 26, 68, '2020-10-11 16:04:33', '2020-10-11 16:04:33'),
(1339, 'Jugar', 26, 68, '2020-10-11 16:04:33', '2020-10-11 16:04:33'),
(1340, 'Fútbol', 26, 68, '2020-10-11 16:04:33', '2020-10-11 16:04:33'),
(1341, 'Celular', 26, 68, '2020-10-11 16:04:33', '2020-10-11 16:04:33'),
(1342, 'Bailar', 26, 68, '2020-10-11 16:04:33', '2020-10-11 16:04:33'),
(1343, 'Si', 28, 68, '2020-10-11 16:04:33', '2020-10-11 16:04:33'),
(1344, 'Pintar', 26, 68, '2020-10-11 16:04:33', '2020-10-11 16:04:33'),
(1345, 'Dibujar', 26, 68, '2020-10-11 16:04:33', '2020-10-11 16:04:33'),
(1346, 'Si', 27, 68, '2020-10-11 16:04:33', '2020-10-11 16:04:33'),
(1347, 'Si', 30, 68, '2020-10-11 16:04:34', '2020-10-11 16:04:34'),
(1348, 'Si', 29, 68, '2020-10-11 16:04:34', '2020-10-11 16:04:34'),
(1349, 'soy alegre', 33, 68, '2020-10-11 16:04:34', '2020-10-11 16:04:34'),
(1350, 'me gusta como soy', 33, 68, '2020-10-11 16:04:34', '2020-10-11 16:04:34'),
(1351, 'Si', 31, 68, '2020-10-11 16:04:34', '2020-10-11 16:04:34'),
(1352, 'amistoso(a)', 33, 68, '2020-10-11 16:04:34', '2020-10-11 16:04:34'),
(1353, 'amoroso(a)', 33, 68, '2020-10-11 16:04:34', '2020-10-11 16:04:34'),
(1354, 'Si', 34, 68, '2020-10-11 16:04:34', '2020-10-11 16:04:34'),
(1355, 'feliz', 33, 68, '2020-10-11 16:04:34', '2020-10-11 16:04:34'),
(1356, 'Ninguna', 33, 68, '2020-10-11 16:04:34', '2020-10-11 16:04:34'),
(1357, 'Otros', 35, 68, '2020-10-11 16:04:34', '2020-10-11 16:04:34'),
(1358, 'Si', 36, 68, '2020-10-11 16:04:35', '2020-10-11 16:04:35'),
(1359, 'No los dejan salir o jugar', 37, 68, '2020-10-11 16:04:35', '2020-10-11 16:04:35'),
(1360, 'Solo lo regañan', 37, 68, '2020-10-11 16:04:35', '2020-10-11 16:04:35'),
(1361, 'Le quita lo que mas les gusta', 37, 68, '2020-10-11 16:04:35', '2020-10-11 16:04:35'),
(1362, 'No lo dejan ver tv o utilizar el celular', 37, 68, '2020-10-11 16:04:35', '2020-10-11 16:04:35'),
(1363, 'Lo reprenden con golpes', 37, 68, '2020-10-11 16:04:35', '2020-10-11 16:04:35'),
(1364, 'Lo ponen a hacer aseo', 37, 68, '2020-10-11 16:04:35', '2020-10-11 16:04:35'),
(1365, 'Si', 38, 68, '2020-10-11 16:04:35', '2020-10-11 16:04:35'),
(1366, 'Si', 39, 68, '2020-10-11 16:04:35', '2020-10-11 16:04:35'),
(1367, 'No aplica', 37, 68, '2020-10-11 16:04:35', '2020-10-11 16:04:35'),
(1368, 'Si', 40, 68, '2020-10-11 16:04:35', '2020-10-11 16:04:35'),
(1369, 'Si', 41, 68, '2020-10-11 16:04:35', '2020-10-11 16:04:35'),
(1370, 'Si', 43, 68, '2020-10-11 16:04:35', '2020-10-11 16:04:35'),
(1371, 'Si', 45, 68, '2020-10-11 16:04:35', '2020-10-11 16:04:35'),
(1372, 'Si', 42, 68, '2020-10-11 16:04:35', '2020-10-11 16:04:35'),
(1373, 'Si', 44, 68, '2020-10-11 16:04:35', '2020-10-11 16:04:35'),
(1374, 'Si', 46, 68, '2020-10-11 16:04:35', '2020-10-11 16:04:35'),
(1375, 'Si', 47, 68, '2020-10-11 16:04:35', '2020-10-11 16:04:35'),
(1376, 'Si', 48, 68, '2020-10-11 16:04:36', '2020-10-11 16:04:36'),
(1377, 'Ninguna', 49, 68, '2020-10-11 16:04:36', '2020-10-11 16:04:36'),
(1378, 'Si', 50, 68, '2020-10-11 16:04:36', '2020-10-11 16:04:36'),
(1379, 'Si', 52, 68, '2020-10-11 16:04:36', '2020-10-11 16:04:36'),
(1380, 'Si', 51, 68, '2020-10-11 16:04:36', '2020-10-11 16:04:36'),
(1381, 'Sucios', 1, 69, '2020-10-28 20:29:02', '2020-10-28 20:29:02'),
(1382, 'Inadecuado', 5, 69, '2020-10-28 20:29:03', '2020-10-28 20:29:03'),
(1383, 'Inadecuado', 3, 69, '2020-10-28 20:29:03', '2020-10-28 20:29:03'),
(1384, 'Inadecuado', 2, 69, '2020-10-28 20:29:03', '2020-10-28 20:29:03'),
(1385, 'Inadecuado', 4, 69, '2020-10-28 20:29:03', '2020-10-28 20:29:03'),
(1386, 'Inadecuado', 6, 69, '2020-10-28 20:29:03', '2020-10-28 20:29:03'),
(1387, 'Si', 7, 69, '2020-10-28 20:29:03', '2020-10-28 20:29:03'),
(1388, 'Si', 8, 69, '2020-10-28 20:29:03', '2020-10-28 20:29:03'),
(1389, 'Tíos', 54, 69, '2020-10-28 20:29:03', '2020-10-28 20:29:03'),
(1390, 'Casi nunca (1 o 2 días)', 11, 69, '2020-10-28 20:29:03', '2020-10-28 20:29:03'),
(1391, 'Casi nunca (1 o 2 días)', 10, 69, '2020-10-28 20:29:03', '2020-10-28 20:29:03'),
(1392, 'Casi nunca (1 o 2 días)', 9, 69, '2020-10-28 20:29:03', '2020-10-28 20:29:03'),
(1393, 'Lo llevan al rezandero', 53, 69, '2020-10-28 20:29:03', '2020-10-28 20:29:03'),
(1394, 'Casi nunca (1 o 2 días)', 12, 69, '2020-10-28 20:29:03', '2020-10-28 20:29:03'),
(1395, 'Casi nunca (1 o 2 días)', 13, 69, '2020-10-28 20:29:03', '2020-10-28 20:29:03'),
(1396, 'Si', 14, 69, '2020-10-28 20:29:03', '2020-10-28 20:29:03'),
(1397, 'Si', 17, 69, '2020-10-28 20:29:04', '2020-10-28 20:29:04'),
(1398, 'Si', 15, 69, '2020-10-28 20:29:04', '2020-10-28 20:29:04'),
(1399, '6 veces', 18, 69, '2020-10-28 20:29:04', '2020-10-28 20:29:04'),
(1400, 'Si', 16, 69, '2020-10-28 20:29:04', '2020-10-28 20:29:04'),
(1401, 'Peso normal', 58, 69, '2020-10-28 20:29:04', '2020-10-28 20:29:04'),
(1402, 'Si', 19, 69, '2020-10-28 20:29:04', '2020-10-28 20:29:04'),
(1403, 'Si', 23, 69, '2020-10-28 20:29:04', '2020-10-28 20:29:04'),
(1404, 'Si', 21, 69, '2020-10-28 20:29:04', '2020-10-28 20:29:04'),
(1405, 'Si', 24, 69, '2020-10-28 20:29:04', '2020-10-28 20:29:04'),
(1406, 'Si', 22, 69, '2020-10-28 20:29:04', '2020-10-28 20:29:04'),
(1407, 'Si', 20, 69, '2020-10-28 20:29:04', '2020-10-28 20:29:04'),
(1408, 'Manualidades', 26, 69, '2020-10-28 20:29:05', '2020-10-28 20:29:05'),
(1409, 'Leer', 26, 69, '2020-10-28 20:29:05', '2020-10-28 20:29:05'),
(1410, 'Escuchar música', 26, 69, '2020-10-28 20:29:05', '2020-10-28 20:29:05'),
(1411, 'Patinaje', 26, 69, '2020-10-28 20:29:05', '2020-10-28 20:29:05'),
(1412, 'Televisión', 26, 69, '2020-10-28 20:29:05', '2020-10-28 20:29:05'),
(1413, '8 Horas', 25, 69, '2020-10-28 20:29:05', '2020-10-28 20:29:05'),
(1414, 'Celular', 26, 69, '2020-10-28 20:29:05', '2020-10-28 20:29:05'),
(1415, 'Bailar', 26, 69, '2020-10-28 20:29:05', '2020-10-28 20:29:05'),
(1416, 'Jugar', 26, 69, '2020-10-28 20:29:05', '2020-10-28 20:29:05'),
(1417, 'Fútbol', 26, 69, '2020-10-28 20:29:05', '2020-10-28 20:29:05'),
(1418, 'Baloncesto', 26, 69, '2020-10-28 20:29:05', '2020-10-28 20:29:05'),
(1419, 'Estudiar', 26, 69, '2020-10-28 20:29:05', '2020-10-28 20:29:05'),
(1420, 'Pintar', 26, 69, '2020-10-28 20:29:06', '2020-10-28 20:29:06'),
(1421, 'Si', 28, 69, '2020-10-28 20:29:06', '2020-10-28 20:29:06'),
(1422, 'Si', 29, 69, '2020-10-28 20:29:06', '2020-10-28 20:29:06'),
(1423, 'Dibujar', 26, 69, '2020-10-28 20:29:06', '2020-10-28 20:29:06'),
(1424, 'Si', 27, 69, '2020-10-28 20:29:06', '2020-10-28 20:29:06'),
(1425, 'Si', 31, 69, '2020-10-28 20:29:06', '2020-10-28 20:29:06'),
(1426, 'me gusta como soy', 33, 69, '2020-10-28 20:29:06', '2020-10-28 20:29:06'),
(1427, 'soy alegre', 33, 69, '2020-10-28 20:29:06', '2020-10-28 20:29:06'),
(1428, 'Relata expresiones negativas hacia sí mismo', 32, 69, '2020-10-28 20:29:06', '2020-10-28 20:29:06'),
(1429, 'Si', 30, 69, '2020-10-28 20:29:06', '2020-10-28 20:29:06'),
(1430, 'amistoso(a)', 33, 69, '2020-10-28 20:29:06', '2020-10-28 20:29:06'),
(1431, 'amoroso(a)', 33, 69, '2020-10-28 20:29:06', '2020-10-28 20:29:06'),
(1432, 'Si', 34, 69, '2020-10-28 20:29:06', '2020-10-28 20:29:06'),
(1433, 'Ninguna', 33, 69, '2020-10-28 20:29:06', '2020-10-28 20:29:06'),
(1434, 'feliz', 33, 69, '2020-10-28 20:29:06', '2020-10-28 20:29:06'),
(1435, 'Otros', 35, 69, '2020-10-28 20:29:06', '2020-10-28 20:29:06'),
(1436, 'No los dejan salir o jugar', 37, 69, '2020-10-28 20:29:07', '2020-10-28 20:29:07'),
(1437, 'Si', 36, 69, '2020-10-28 20:29:07', '2020-10-28 20:29:07'),
(1438, 'Le quita lo que mas les gusta', 37, 69, '2020-10-28 20:29:07', '2020-10-28 20:29:07'),
(1439, 'Solo lo regañan', 37, 69, '2020-10-28 20:29:07', '2020-10-28 20:29:07'),
(1440, 'Lo reprenden con golpes', 37, 69, '2020-10-28 20:29:07', '2020-10-28 20:29:07'),
(1441, 'No lo dejan ver tv o utilizar el celular', 37, 69, '2020-10-28 20:29:07', '2020-10-28 20:29:07'),
(1442, 'Si', 38, 69, '2020-10-28 20:29:07', '2020-10-28 20:29:07'),
(1443, 'Lo ponen a hacer aseo', 37, 69, '2020-10-28 20:29:07', '2020-10-28 20:29:07'),
(1444, 'Si', 39, 69, '2020-10-28 20:29:07', '2020-10-28 20:29:07'),
(1445, 'No aplica', 37, 69, '2020-10-28 20:29:07', '2020-10-28 20:29:07'),
(1446, 'Si', 44, 69, '2020-10-28 20:29:07', '2020-10-28 20:29:07'),
(1447, 'Si', 41, 69, '2020-10-28 20:29:07', '2020-10-28 20:29:07'),
(1448, 'Si', 40, 69, '2020-10-28 20:29:07', '2020-10-28 20:29:07'),
(1449, 'Adecuado', 1, 70, '2020-10-28 20:44:14', '2020-10-28 20:44:14'),
(1450, 'Adecuado', 2, 70, '2020-10-28 20:44:14', '2020-10-28 20:44:14'),
(1451, 'Adecuado', 4, 70, '2020-10-28 20:44:15', '2020-10-28 20:44:15'),
(1452, 'Adecuado', 3, 70, '2020-10-28 20:44:15', '2020-10-28 20:44:15'),
(1453, 'Adecuado', 5, 70, '2020-10-28 20:44:15', '2020-10-28 20:44:15'),
(1454, 'Adecuado', 6, 70, '2020-10-28 20:44:15', '2020-10-28 20:44:15'),
(1455, 'No', 8, 70, '2020-10-28 20:44:15', '2020-10-28 20:44:15'),
(1456, 'Acuden al médico', 53, 70, '2020-10-28 20:44:15', '2020-10-28 20:44:15'),
(1457, 'No', 7, 70, '2020-10-28 20:44:15', '2020-10-28 20:44:15'),
(1458, 'Todos los días', 10, 70, '2020-10-28 20:44:16', '2020-10-28 20:44:16'),
(1459, 'Algunos días (menos de 6 días)', 11, 70, '2020-10-28 20:44:16', '2020-10-28 20:44:16'),
(1460, 'Todos los días', 9, 70, '2020-10-28 20:44:16', '2020-10-28 20:44:16'),
(1461, 'Algunos días (menos de 6 días)', 12, 70, '2020-10-28 20:44:16', '2020-10-28 20:44:16'),
(1462, 'Cuidador', 54, 70, '2020-10-28 20:44:16', '2020-10-28 20:44:16'),
(1463, 'Algunos días (menos de 6 días)', 13, 70, '2020-10-28 20:44:16', '2020-10-28 20:44:16'),
(1464, 'Si', 17, 70, '2020-10-28 20:44:17', '2020-10-28 20:44:17'),
(1465, 'Si', 15, 70, '2020-10-28 20:44:17', '2020-10-28 20:44:17'),
(1466, 'Si', 16, 70, '2020-10-28 20:44:17', '2020-10-28 20:44:17'),
(1467, 'Si', 14, 70, '2020-10-28 20:44:17', '2020-10-28 20:44:17'),
(1468, 'No', 20, 70, '2020-10-28 20:44:17', '2020-10-28 20:44:17'),
(1469, 'No', 19, 70, '2020-10-28 20:44:17', '2020-10-28 20:44:17'),
(1470, 'No', 21, 70, '2020-10-28 20:44:18', '2020-10-28 20:44:18'),
(1471, 'No', 22, 70, '2020-10-28 20:44:18', '2020-10-28 20:44:18'),
(1472, 'No', 23, 70, '2020-10-28 20:44:18', '2020-10-28 20:44:18'),
(1473, 'No', 24, 70, '2020-10-28 20:44:18', '2020-10-28 20:44:18'),
(1474, '3 veces', 18, 70, '2020-10-28 20:44:18', '2020-10-28 20:44:18'),
(1475, 'Sobrepeso grado I (Riesgo)', 58, 70, '2020-10-28 20:44:19', '2020-10-28 20:44:19'),
(1476, 'Leer', 26, 70, '2020-10-28 20:44:19', '2020-10-28 20:44:19'),
(1477, 'Escuchar música', 26, 70, '2020-10-28 20:44:19', '2020-10-28 20:44:19'),
(1478, 'Televisión', 26, 70, '2020-10-28 20:44:19', '2020-10-28 20:44:19'),
(1479, 'Manualidades', 26, 70, '2020-10-28 20:44:19', '2020-10-28 20:44:19'),
(1480, '6 Horas', 25, 70, '2020-10-28 20:44:19', '2020-10-28 20:44:19'),
(1481, 'Jugar', 26, 70, '2020-10-28 20:44:19', '2020-10-28 20:44:19'),
(1482, 'Inadecuado', 2, 71, '2020-10-28 20:51:05', '2020-10-28 20:51:05'),
(1483, 'Inadecuado', 1, 71, '2020-10-28 20:51:05', '2020-10-28 20:51:05'),
(1484, 'Inadecuado', 5, 71, '2020-10-28 20:51:06', '2020-10-28 20:51:06'),
(1485, 'Inadecuado', 4, 71, '2020-10-28 20:51:06', '2020-10-28 20:51:06'),
(1486, 'Si', 7, 71, '2020-10-28 20:51:06', '2020-10-28 20:51:06'),
(1487, 'Inadecuado', 6, 71, '2020-10-28 20:51:06', '2020-10-28 20:51:06'),
(1488, 'Si', 8, 71, '2020-10-28 20:51:06', '2020-10-28 20:51:06'),
(1489, 'Lo llevan al rezandero', 53, 71, '2020-10-28 20:51:06', '2020-10-28 20:51:06'),
(1490, 'Casi nunca (1 o 2 días)', 9, 71, '2020-10-28 20:51:06', '2020-10-28 20:51:06'),
(1491, 'Casi nunca (1 o 2 días)', 10, 71, '2020-10-28 20:51:06', '2020-10-28 20:51:06'),
(1492, 'Casi nunca (1 o 2 días)', 11, 71, '2020-10-28 20:51:06', '2020-10-28 20:51:06'),
(1493, 'Tíos', 54, 71, '2020-10-28 20:51:07', '2020-10-28 20:51:07'),
(1494, 'Casi nunca (1 o 2 días)', 12, 71, '2020-10-28 20:51:07', '2020-10-28 20:51:07'),
(1495, 'Casi nunca (1 o 2 días)', 13, 71, '2020-10-28 20:51:07', '2020-10-28 20:51:07'),
(1496, 'Inadecuado', 3, 71, '2020-10-28 20:51:07', '2020-10-28 20:51:07'),
(1497, 'Si', 14, 71, '2020-10-28 20:51:07', '2020-10-28 20:51:07'),
(1498, 'Si', 15, 71, '2020-10-28 20:51:07', '2020-10-28 20:51:07'),
(1499, 'Si', 16, 71, '2020-10-28 20:51:07', '2020-10-28 20:51:07'),
(1500, 'Peso normal', 58, 71, '2020-10-28 20:51:08', '2020-10-28 20:51:08'),
(1501, 'Si', 17, 71, '2020-10-28 20:51:08', '2020-10-28 20:51:08'),
(1502, 'Si', 19, 71, '2020-10-28 20:51:08', '2020-10-28 20:51:08'),
(1503, 'Si', 20, 71, '2020-10-28 20:51:08', '2020-10-28 20:51:08'),
(1504, '6 veces', 18, 71, '2020-10-28 20:51:08', '2020-10-28 20:51:08'),
(1505, 'Si', 21, 71, '2020-10-28 20:51:08', '2020-10-28 20:51:08'),
(1506, 'Si', 23, 71, '2020-10-28 20:51:08', '2020-10-28 20:51:08'),
(1507, '8 Horas', 25, 71, '2020-10-28 20:51:08', '2020-10-28 20:51:08'),
(1508, 'Si', 22, 71, '2020-10-28 20:51:08', '2020-10-28 20:51:08'),
(1509, 'Manualidades', 26, 71, '2020-10-28 20:51:08', '2020-10-28 20:51:08'),
(1510, 'Si', 24, 71, '2020-10-28 20:51:08', '2020-10-28 20:51:08'),
(1511, 'Televisión', 26, 71, '2020-10-28 20:51:08', '2020-10-28 20:51:08'),
(1512, 'Patinaje', 26, 71, '2020-10-28 20:51:09', '2020-10-28 20:51:09'),
(1513, 'Baloncesto', 26, 71, '2020-10-28 20:51:09', '2020-10-28 20:51:09'),
(1514, 'Estudiar', 26, 71, '2020-10-28 20:51:09', '2020-10-28 20:51:09'),
(1515, 'Escuchar música', 26, 71, '2020-10-28 20:51:09', '2020-10-28 20:51:09'),
(1516, 'Jugar', 26, 71, '2020-10-28 20:51:09', '2020-10-28 20:51:09'),
(1517, 'Leer', 26, 71, '2020-10-28 20:51:09', '2020-10-28 20:51:09'),
(1518, 'Celular', 26, 71, '2020-10-28 20:51:09', '2020-10-28 20:51:09'),
(1519, 'Bailar', 26, 71, '2020-10-28 20:51:09', '2020-10-28 20:51:09'),
(1520, 'Fútbol', 26, 71, '2020-10-28 20:51:09', '2020-10-28 20:51:09'),
(1521, 'Pintar', 26, 71, '2020-10-28 20:51:09', '2020-10-28 20:51:09'),
(1522, 'Dibujar', 26, 71, '2020-10-28 20:51:10', '2020-10-28 20:51:10'),
(1523, 'Si', 31, 71, '2020-10-28 20:51:10', '2020-10-28 20:51:10'),
(1524, 'Si', 29, 71, '2020-10-28 20:51:10', '2020-10-28 20:51:10'),
(1525, 'Si', 30, 71, '2020-10-28 20:51:10', '2020-10-28 20:51:10'),
(1526, 'Si', 28, 71, '2020-10-28 20:51:10', '2020-10-28 20:51:10'),
(1527, 'Si', 27, 71, '2020-10-28 20:51:10', '2020-10-28 20:51:10'),
(1528, 'me gusta como soy', 33, 71, '2020-10-28 20:51:10', '2020-10-28 20:51:10'),
(1529, 'soy alegre', 33, 71, '2020-10-28 20:51:10', '2020-10-28 20:51:10'),
(1530, 'amoroso(a)', 33, 71, '2020-10-28 20:51:10', '2020-10-28 20:51:10'),
(1531, 'feliz', 33, 71, '2020-10-28 20:51:10', '2020-10-28 20:51:10'),
(1532, 'amistoso(a)', 33, 71, '2020-10-28 20:51:10', '2020-10-28 20:51:10'),
(1533, 'Relata expresiones negativas hacia sí mismo', 32, 71, '2020-10-28 20:51:10', '2020-10-28 20:51:10'),
(1534, 'Ninguna', 33, 71, '2020-10-28 20:51:11', '2020-10-28 20:51:11'),
(1535, 'Solo lo regañan', 37, 71, '2020-10-28 20:51:11', '2020-10-28 20:51:11'),
(1536, 'No los dejan salir o jugar', 37, 71, '2020-10-28 20:51:11', '2020-10-28 20:51:11'),
(1537, 'Otros', 35, 71, '2020-10-28 20:51:11', '2020-10-28 20:51:11'),
(1538, 'Si', 36, 71, '2020-10-28 20:51:11', '2020-10-28 20:51:11'),
(1539, 'Si', 34, 71, '2020-10-28 20:51:11', '2020-10-28 20:51:11'),
(1540, 'Le quita lo que mas les gusta', 37, 71, '2020-10-28 20:51:11', '2020-10-28 20:51:11'),
(1541, 'Lo reprenden con golpes', 37, 71, '2020-10-28 20:51:11', '2020-10-28 20:51:11'),
(1542, 'Si', 38, 71, '2020-10-28 20:51:11', '2020-10-28 20:51:11'),
(1543, 'Lo ponen a hacer aseo', 37, 71, '2020-10-28 20:51:11', '2020-10-28 20:51:11'),
(1544, 'No aplica', 37, 71, '2020-10-28 20:51:11', '2020-10-28 20:51:11'),
(1545, 'No lo dejan ver tv o utilizar el celular', 37, 71, '2020-10-28 20:51:11', '2020-10-28 20:51:11'),
(1546, 'Si', 39, 71, '2020-10-28 20:51:12', '2020-10-28 20:51:12'),
(1547, 'Si', 40, 71, '2020-10-28 20:51:12', '2020-10-28 20:51:12'),
(1548, 'Si', 43, 71, '2020-10-28 20:51:12', '2020-10-28 20:51:12'),
(1549, 'Si', 41, 71, '2020-10-28 20:51:12', '2020-10-28 20:51:12'),
(1550, 'Si', 44, 71, '2020-10-28 20:51:12', '2020-10-28 20:51:12'),
(1551, 'Si', 42, 71, '2020-10-28 20:51:12', '2020-10-28 20:51:12'),
(1552, 'Si', 46, 71, '2020-10-28 20:51:12', '2020-10-28 20:51:12'),
(1553, 'Si', 45, 71, '2020-10-28 20:51:12', '2020-10-28 20:51:12'),
(1554, 'Si', 47, 71, '2020-10-28 20:51:12', '2020-10-28 20:51:12'),
(1555, 'Ninguna', 49, 71, '2020-10-28 20:51:12', '2020-10-28 20:51:12'),
(1556, 'Si', 48, 71, '2020-10-28 20:51:12', '2020-10-28 20:51:12'),
(1557, 'Si', 52, 71, '2020-10-28 20:51:12', '2020-10-28 20:51:12'),
(1558, 'Si', 51, 71, '2020-10-28 20:51:12', '2020-10-28 20:51:12'),
(1559, 'Si', 50, 71, '2020-10-28 20:51:12', '2020-10-28 20:51:12'),
(1560, 'Adecuado', 2, 72, '2020-11-09 02:46:12', '2020-11-09 02:46:12'),
(1561, 'Adecuado', 1, 72, '2020-11-09 02:46:12', '2020-11-09 02:46:12'),
(1562, 'Si', 8, 72, '2020-11-09 02:46:12', '2020-11-09 02:46:12'),
(1563, 'Si', 7, 72, '2020-11-09 02:46:12', '2020-11-09 02:46:12'),
(1564, 'Inadecuado', 4, 72, '2020-11-09 02:46:12', '2020-11-09 02:46:12'),
(1565, 'Inadecuado', 5, 72, '2020-11-09 02:46:12', '2020-11-09 02:46:12'),
(1566, 'Inadecuado', 3, 72, '2020-11-09 02:46:12', '2020-11-09 02:46:12'),
(1567, 'Inadecuado', 6, 72, '2020-11-09 02:46:12', '2020-11-09 02:46:12'),
(1568, 'Casi nunca 1 o 2 das', 11, 72, '2020-11-09 02:46:12', '2020-11-09 02:46:12'),
(1569, 'Lo llevan al rezandero', 53, 72, '2020-11-09 02:46:12', '2020-11-09 02:46:12'),
(1570, 'Casi nunca 1 o 2 das', 12, 72, '2020-11-09 02:46:12', '2020-11-09 02:46:12'),
(1571, 'Casi nunca 1 o 2 das', 10, 72, '2020-11-09 02:46:12', '2020-11-09 02:46:12'),
(1572, 'Tos', 54, 72, '2020-11-09 02:46:12', '2020-11-09 02:46:12'),
(1573, 'Casi nunca 1 o 2 das', 9, 72, '2020-11-09 02:46:12', '2020-11-09 02:46:12'),
(1574, 'Si', 15, 72, '2020-11-09 02:46:12', '2020-11-09 02:46:12'),
(1575, 'Casi nunca 1 o 2 das', 13, 72, '2020-11-09 02:46:12', '2020-11-09 02:46:12'),
(1576, 'Si', 17, 72, '2020-11-09 02:46:12', '2020-11-09 02:46:12'),
(1577, 'Si', 14, 72, '2020-11-09 02:46:12', '2020-11-09 02:46:12'),
(1578, '6 veces', 18, 72, '2020-11-09 02:46:12', '2020-11-09 02:46:12'),
(1579, 'Si', 16, 72, '2020-11-09 02:46:12', '2020-11-09 02:46:12'),
(1580, 'Peso normal', 58, 72, '2020-11-09 02:46:13', '2020-11-09 02:46:13'),
(1581, 'Si', 19, 72, '2020-11-09 02:46:13', '2020-11-09 02:46:13'),
(1582, 'Si', 22, 72, '2020-11-09 02:46:13', '2020-11-09 02:46:13'),
(1583, 'Si', 20, 72, '2020-11-09 02:46:13', '2020-11-09 02:46:13'),
(1584, 'Si', 21, 72, '2020-11-09 02:46:13', '2020-11-09 02:46:13'),
(1585, 'Si', 23, 72, '2020-11-09 02:46:13', '2020-11-09 02:46:13'),
(1586, 'Si', 24, 72, '2020-11-09 02:46:13', '2020-11-09 02:46:13'),
(1587, 'Manualidades', 26, 72, '2020-11-09 02:46:13', '2020-11-09 02:46:13'),
(1588, 'Televisin', 26, 72, '2020-11-09 02:46:13', '2020-11-09 02:46:13'),
(1589, 'Leer', 26, 72, '2020-11-09 02:46:13', '2020-11-09 02:46:13'),
(1590, '8 Horas', 25, 72, '2020-11-09 02:46:13', '2020-11-09 02:46:13'),
(1591, 'Escuchar msica', 26, 72, '2020-11-09 02:46:13', '2020-11-09 02:46:13'),
(1592, 'Patinaje', 26, 72, '2020-11-09 02:46:13', '2020-11-09 02:46:13'),
(1593, 'Estudiar', 26, 72, '2020-11-09 02:46:13', '2020-11-09 02:46:13'),
(1594, 'Baloncesto', 26, 72, '2020-11-09 02:46:13', '2020-11-09 02:46:13'),
(1595, 'Ftbol', 26, 72, '2020-11-09 02:46:13', '2020-11-09 02:46:13'),
(1596, 'Bailar', 26, 72, '2020-11-09 02:46:13', '2020-11-09 02:46:13'),
(1597, 'Jugar', 26, 72, '2020-11-09 02:46:13', '2020-11-09 02:46:13'),
(1598, 'Celular', 26, 72, '2020-11-09 02:46:13', '2020-11-09 02:46:13'),
(1599, 'Pintar', 26, 72, '2020-11-09 02:46:14', '2020-11-09 02:46:14'),
(1600, 'Dibujar', 26, 72, '2020-11-09 02:46:14', '2020-11-09 02:46:14'),
(1601, 'Si', 29, 72, '2020-11-09 02:46:14', '2020-11-09 02:46:14'),
(1602, 'Si', 28, 72, '2020-11-09 02:46:14', '2020-11-09 02:46:14'),
(1603, 'Si', 27, 72, '2020-11-09 02:46:14', '2020-11-09 02:46:14'),
(1604, 'Si', 30, 72, '2020-11-09 02:46:14', '2020-11-09 02:46:14'),
(1605, 'Si', 31, 72, '2020-11-09 02:46:14', '2020-11-09 02:46:14'),
(1606, 'Relata expresiones negativas hacia s mismo', 32, 72, '2020-11-09 02:46:14', '2020-11-09 02:46:14'),
(1607, 'soy alegre', 33, 72, '2020-11-09 02:46:14', '2020-11-09 02:46:14'),
(1608, 'amorosoa', 33, 72, '2020-11-09 02:46:14', '2020-11-09 02:46:14'),
(1609, 'me gusta como soy', 33, 72, '2020-11-09 02:46:14', '2020-11-09 02:46:14'),
(1610, 'amistosoa', 33, 72, '2020-11-09 02:46:14', '2020-11-09 02:46:14'),
(1611, 'feliz', 33, 72, '2020-11-09 02:46:14', '2020-11-09 02:46:14'),
(1612, 'Ninguna', 33, 72, '2020-11-09 02:46:14', '2020-11-09 02:46:14'),
(1613, 'Si', 36, 72, '2020-11-09 02:46:14', '2020-11-09 02:46:14'),
(1614, 'Otros', 35, 72, '2020-11-09 02:46:14', '2020-11-09 02:46:14'),
(1615, 'No los dejan salir o jugar', 37, 72, '2020-11-09 02:46:14', '2020-11-09 02:46:14'),
(1616, 'Si', 34, 72, '2020-11-09 02:46:14', '2020-11-09 02:46:14'),
(1617, 'Lo ponen a hacer aseo', 37, 72, '2020-11-09 02:46:14', '2020-11-09 02:46:14'),
(1618, 'No aplica', 37, 72, '2020-11-09 02:46:14', '2020-11-09 02:46:14'),
(1619, 'Lo reprenden con golpes', 37, 72, '2020-11-09 02:46:14', '2020-11-09 02:46:14'),
(1620, 'No lo dejan ver tv o utilizar el celular', 37, 72, '2020-11-09 02:46:14', '2020-11-09 02:46:14'),
(1621, 'Solo lo regaan', 37, 72, '2020-11-09 02:46:14', '2020-11-09 02:46:14'),
(1622, 'Le quita lo que mas les gusta', 37, 72, '2020-11-09 02:46:14', '2020-11-09 02:46:14'),
(1623, 'Si', 39, 72, '2020-11-09 02:46:14', '2020-11-09 02:46:14'),
(1624, 'Si', 40, 72, '2020-11-09 02:46:14', '2020-11-09 02:46:14'),
(1625, 'Si', 43, 72, '2020-11-09 02:46:14', '2020-11-09 02:46:14'),
(1626, 'Si', 38, 72, '2020-11-09 02:46:14', '2020-11-09 02:46:14'),
(1627, 'Si', 41, 72, '2020-11-09 02:46:14', '2020-11-09 02:46:14'),
(1628, 'Si', 42, 72, '2020-11-09 02:46:14', '2020-11-09 02:46:14'),
(1629, 'Si', 44, 72, '2020-11-09 02:46:15', '2020-11-09 02:46:15'),
(1630, 'Si', 45, 72, '2020-11-09 02:46:15', '2020-11-09 02:46:15'),
(1631, 'Ninguna', 49, 72, '2020-11-09 02:46:15', '2020-11-09 02:46:15'),
(1632, 'Si', 47, 72, '2020-11-09 02:46:15', '2020-11-09 02:46:15'),
(1633, 'Si', 46, 72, '2020-11-09 02:46:15', '2020-11-09 02:46:15'),
(1634, 'Si', 48, 72, '2020-11-09 02:46:15', '2020-11-09 02:46:15'),
(1635, 'Si', 50, 72, '2020-11-09 02:46:15', '2020-11-09 02:46:15'),
(1636, 'Si', 51, 72, '2020-11-09 02:46:15', '2020-11-09 02:46:15'),
(1637, 'Si', 52, 72, '2020-11-09 02:46:15', '2020-11-09 02:46:15'),
(1638, 'Adecuado', 1, 73, '2020-11-11 12:53:58', '2020-11-11 12:53:58'),
(1639, 'Inadecuado', 4, 73, '2020-11-11 12:53:58', '2020-11-11 12:53:58'),
(1640, 'Inadecuado', 2, 73, '2020-11-11 12:53:58', '2020-11-11 12:53:58'),
(1641, 'Adecuado', 6, 73, '2020-11-11 12:53:58', '2020-11-11 12:53:58'),
(1642, 'Inadecuado', 5, 73, '2020-11-11 12:53:58', '2020-11-11 12:53:58'),
(1643, 'Inadecuado', 3, 73, '2020-11-11 12:53:58', '2020-11-11 12:53:58'),
(1644, 'Si', 7, 73, '2020-11-11 12:53:58', '2020-11-11 12:53:58'),
(1645, 'Si', 8, 73, '2020-11-11 12:53:58', '2020-11-11 12:53:58');
INSERT INTO `respuestas` (`id`, `respuestas`, `id_preguntas`, `id_formulario_ficha_salud`, `created_at`, `updated_at`) VALUES
(1646, 'Lo llevan al rezandero', 53, 73, '2020-11-11 12:53:59', '2020-11-11 12:53:59'),
(1647, 'Casi nunca 1 o 2 das', 11, 73, '2020-11-11 12:53:59', '2020-11-11 12:53:59'),
(1648, 'Casi nunca 1 o 2 das', 10, 73, '2020-11-11 12:53:59', '2020-11-11 12:53:59'),
(1649, 'Tos', 54, 73, '2020-11-11 12:53:59', '2020-11-11 12:53:59'),
(1650, 'Algunos das menos de 6 das', 9, 73, '2020-11-11 12:53:59', '2020-11-11 12:53:59'),
(1651, 'Casi nunca 1 o 2 das', 12, 73, '2020-11-11 12:53:59', '2020-11-11 12:53:59'),
(1652, 'Casi nunca 1 o 2 das', 13, 73, '2020-11-11 12:53:59', '2020-11-11 12:53:59'),
(1653, 'Si', 15, 73, '2020-11-11 12:53:59', '2020-11-11 12:53:59'),
(1654, 'Si', 14, 73, '2020-11-11 12:53:59', '2020-11-11 12:53:59'),
(1655, 'Si', 16, 73, '2020-11-11 12:53:59', '2020-11-11 12:53:59'),
(1656, 'Si', 17, 73, '2020-11-11 12:53:59', '2020-11-11 12:53:59'),
(1657, '6 veces', 18, 73, '2020-11-11 12:53:59', '2020-11-11 12:53:59'),
(1658, 'Sobrepeso grado I (Riesgo)', 58, 73, '2020-11-11 12:53:59', '2020-11-11 12:53:59'),
(1659, 'Si', 19, 73, '2020-11-11 12:53:59', '2020-11-11 12:53:59'),
(1660, 'Si', 23, 73, '2020-11-11 12:53:59', '2020-11-11 12:53:59'),
(1661, 'Si', 20, 73, '2020-11-11 12:53:59', '2020-11-11 12:53:59'),
(1662, 'Si', 21, 73, '2020-11-11 12:53:59', '2020-11-11 12:53:59'),
(1663, 'Si', 22, 73, '2020-11-11 12:53:59', '2020-11-11 12:53:59'),
(1664, '8 Horas', 25, 73, '2020-11-11 12:53:59', '2020-11-11 12:53:59'),
(1665, 'Si', 24, 73, '2020-11-11 12:53:59', '2020-11-11 12:53:59'),
(1666, 'Manualidades', 26, 73, '2020-11-11 12:54:00', '2020-11-11 12:54:00'),
(1667, 'Televisin', 26, 73, '2020-11-11 12:54:00', '2020-11-11 12:54:00'),
(1668, 'Estudiar', 26, 73, '2020-11-11 12:54:00', '2020-11-11 12:54:00'),
(1669, 'Jugar', 26, 73, '2020-11-11 12:54:00', '2020-11-11 12:54:00'),
(1670, 'Ftbol', 26, 73, '2020-11-11 12:54:00', '2020-11-11 12:54:00'),
(1671, 'Celular', 26, 73, '2020-11-11 12:54:00', '2020-11-11 12:54:00'),
(1672, 'Bailar', 26, 73, '2020-11-11 12:54:00', '2020-11-11 12:54:00'),
(1673, 'Pintar', 26, 73, '2020-11-11 12:54:00', '2020-11-11 12:54:00'),
(1674, 'Si', 27, 73, '2020-11-11 12:54:00', '2020-11-11 12:54:00'),
(1675, 'Dibujar', 26, 73, '2020-11-11 12:54:00', '2020-11-11 12:54:00'),
(1676, 'Si', 28, 73, '2020-11-11 12:54:00', '2020-11-11 12:54:00'),
(1677, 'Si', 29, 73, '2020-11-11 12:54:00', '2020-11-11 12:54:00'),
(1678, 'Si', 30, 73, '2020-11-11 12:54:00', '2020-11-11 12:54:00'),
(1679, 'Si', 31, 73, '2020-11-11 12:54:00', '2020-11-11 12:54:00'),
(1680, 'Relata expresiones negativas hacia s mismo', 32, 73, '2020-11-11 12:54:00', '2020-11-11 12:54:00'),
(1681, 'soy alegre', 33, 73, '2020-11-11 12:54:00', '2020-11-11 12:54:00'),
(1682, 'me gusta como soy', 33, 73, '2020-11-11 12:54:00', '2020-11-11 12:54:00'),
(1683, 'amistosoa', 33, 73, '2020-11-11 12:54:00', '2020-11-11 12:54:00'),
(1684, 'feliz', 33, 73, '2020-11-11 12:54:01', '2020-11-11 12:54:01'),
(1685, 'Otros', 35, 73, '2020-11-11 12:54:01', '2020-11-11 12:54:01'),
(1686, 'amorosoa', 33, 73, '2020-11-11 12:54:01', '2020-11-11 12:54:01'),
(1687, 'Ninguna', 33, 73, '2020-11-11 12:54:01', '2020-11-11 12:54:01'),
(1688, 'Si', 34, 73, '2020-11-11 12:54:01', '2020-11-11 12:54:01'),
(1689, 'Si', 36, 73, '2020-11-11 12:54:01', '2020-11-11 12:54:01'),
(1690, 'Solo lo regaan', 37, 73, '2020-11-11 12:54:01', '2020-11-11 12:54:01'),
(1691, 'Le quita lo que mas les gusta', 37, 73, '2020-11-11 12:54:01', '2020-11-11 12:54:01'),
(1692, 'Lo ponen a hacer aseo', 37, 73, '2020-11-11 12:54:01', '2020-11-11 12:54:01'),
(1693, 'No los dejan salir o jugar', 37, 73, '2020-11-11 12:54:01', '2020-11-11 12:54:01'),
(1694, 'No lo dejan ver tv o utilizar el celular', 37, 73, '2020-11-11 12:54:01', '2020-11-11 12:54:01'),
(1695, 'Lo reprenden con golpes', 37, 73, '2020-11-11 12:54:01', '2020-11-11 12:54:01'),
(1696, 'Si', 38, 73, '2020-11-11 12:54:02', '2020-11-11 12:54:02'),
(1697, 'No aplica', 37, 73, '2020-11-11 12:54:02', '2020-11-11 12:54:02'),
(1698, 'Si', 42, 73, '2020-11-11 12:54:02', '2020-11-11 12:54:02'),
(1699, 'Si', 41, 73, '2020-11-11 12:54:02', '2020-11-11 12:54:02'),
(1700, 'Si', 40, 73, '2020-11-11 12:54:02', '2020-11-11 12:54:02'),
(1701, 'Si', 39, 73, '2020-11-11 12:54:02', '2020-11-11 12:54:02'),
(1702, 'Si', 44, 73, '2020-11-11 12:54:02', '2020-11-11 12:54:02'),
(1703, 'Si', 43, 73, '2020-11-11 12:54:02', '2020-11-11 12:54:02'),
(1704, 'Si', 45, 73, '2020-11-11 12:54:02', '2020-11-11 12:54:02'),
(1705, 'Si', 46, 73, '2020-11-11 12:54:02', '2020-11-11 12:54:02'),
(1706, 'Si', 47, 73, '2020-11-11 12:54:02', '2020-11-11 12:54:02'),
(1707, 'Si', 48, 73, '2020-11-11 12:54:02', '2020-11-11 12:54:02'),
(1708, 'Cristiano', 49, 73, '2020-11-11 12:54:02', '2020-11-11 12:54:02'),
(1709, 'Si', 51, 73, '2020-11-11 12:54:02', '2020-11-11 12:54:02'),
(1710, 'Si', 50, 73, '2020-11-11 12:54:02', '2020-11-11 12:54:02'),
(1711, 'Si', 52, 73, '2020-11-11 12:54:02', '2020-11-11 12:54:02'),
(1712, 'Inadecuado', 1, 74, '2020-11-11 13:09:42', '2020-11-11 13:09:42'),
(1713, 'Inadecuado', 5, 74, '2020-11-11 13:09:42', '2020-11-11 13:09:42'),
(1714, 'Inadecuado', 3, 74, '2020-11-11 13:09:42', '2020-11-11 13:09:42'),
(1715, 'Inadecuado', 4, 74, '2020-11-11 13:09:42', '2020-11-11 13:09:42'),
(1716, 'Inadecuado', 6, 74, '2020-11-11 13:09:42', '2020-11-11 13:09:42'),
(1717, 'Adecuado', 2, 74, '2020-11-11 13:09:42', '2020-11-11 13:09:42'),
(1718, 'Si', 7, 74, '2020-11-11 13:09:42', '2020-11-11 13:09:42'),
(1719, 'Casi nunca 1 o 2 das', 10, 74, '2020-11-11 13:09:43', '2020-11-11 13:09:43'),
(1720, 'Si', 8, 74, '2020-11-11 13:09:43', '2020-11-11 13:09:43'),
(1721, 'Casi nunca 1 o 2 das', 11, 74, '2020-11-11 13:09:43', '2020-11-11 13:09:43'),
(1722, 'Tos', 54, 74, '2020-11-11 13:09:43', '2020-11-11 13:09:43'),
(1723, 'Acuden al mdico', 53, 74, '2020-11-11 13:09:43', '2020-11-11 13:09:43'),
(1724, 'Casi nunca 1 o 2 das', 9, 74, '2020-11-11 13:09:43', '2020-11-11 13:09:43'),
(1725, 'Si', 14, 74, '2020-11-11 13:09:43', '2020-11-11 13:09:43'),
(1726, 'Algunos das menos de 6 das', 12, 74, '2020-11-11 13:09:43', '2020-11-11 13:09:43'),
(1727, 'Casi nunca 1 o 2 das', 13, 74, '2020-11-11 13:09:43', '2020-11-11 13:09:43'),
(1728, 'Si', 16, 74, '2020-11-11 13:09:43', '2020-11-11 13:09:43'),
(1729, 'Si', 15, 74, '2020-11-11 13:09:43', '2020-11-11 13:09:43'),
(1730, 'Si', 17, 74, '2020-11-11 13:09:43', '2020-11-11 13:09:43'),
(1731, 'Bajo peso', 58, 74, '2020-11-11 13:09:43', '2020-11-11 13:09:43'),
(1732, '3 veces', 18, 74, '2020-11-11 13:09:43', '2020-11-11 13:09:43'),
(1733, 'Si', 20, 74, '2020-11-11 13:09:43', '2020-11-11 13:09:43'),
(1734, 'Si', 19, 74, '2020-11-11 13:09:43', '2020-11-11 13:09:43'),
(1735, 'Si', 21, 74, '2020-11-11 13:09:43', '2020-11-11 13:09:43'),
(1736, 'No', 22, 74, '2020-11-11 13:09:43', '2020-11-11 13:09:43'),
(1737, 'No', 24, 74, '2020-11-11 13:09:43', '2020-11-11 13:09:43'),
(1738, '6 Horas', 25, 74, '2020-11-11 13:09:43', '2020-11-11 13:09:43'),
(1739, 'Si', 23, 74, '2020-11-11 13:09:43', '2020-11-11 13:09:43'),
(1740, 'Manualidades', 26, 74, '2020-11-11 13:09:43', '2020-11-11 13:09:43'),
(1741, 'Televisin', 26, 74, '2020-11-11 13:09:43', '2020-11-11 13:09:43'),
(1742, 'Leer', 26, 74, '2020-11-11 13:09:44', '2020-11-11 13:09:44'),
(1743, 'Escuchar msica', 26, 74, '2020-11-11 13:09:44', '2020-11-11 13:09:44'),
(1744, 'Si', 27, 74, '2020-11-11 13:09:44', '2020-11-11 13:09:44'),
(1745, 'Bailar', 26, 74, '2020-11-11 13:09:44', '2020-11-11 13:09:44'),
(1746, 'Ftbol', 26, 74, '2020-11-11 13:09:44', '2020-11-11 13:09:44'),
(1747, 'Jugar', 26, 74, '2020-11-11 13:09:44', '2020-11-11 13:09:44'),
(1748, 'Si', 28, 74, '2020-11-11 13:09:44', '2020-11-11 13:09:44'),
(1749, 'Si', 29, 74, '2020-11-11 13:09:44', '2020-11-11 13:09:44'),
(1750, 'soy alegre', 33, 74, '2020-11-11 13:09:44', '2020-11-11 13:09:44'),
(1751, 'Si', 31, 74, '2020-11-11 13:09:44', '2020-11-11 13:09:44'),
(1752, 'Si', 30, 74, '2020-11-11 13:09:44', '2020-11-11 13:09:44'),
(1753, 'El nio es capaz de describirse a s mismo', 32, 74, '2020-11-11 13:09:44', '2020-11-11 13:09:44'),
(1754, 'me gusta como soy', 33, 74, '2020-11-11 13:09:44', '2020-11-11 13:09:44'),
(1755, 'amistosoa', 33, 74, '2020-11-11 13:09:44', '2020-11-11 13:09:44'),
(1756, 'amorosoa', 33, 74, '2020-11-11 13:09:44', '2020-11-11 13:09:44'),
(1757, 'feliz', 33, 74, '2020-11-11 13:09:44', '2020-11-11 13:09:44'),
(1758, 'Ninguna', 33, 74, '2020-11-11 13:09:44', '2020-11-11 13:09:44'),
(1759, 'Si', 34, 74, '2020-11-11 13:09:44', '2020-11-11 13:09:44'),
(1760, 'Otros', 35, 74, '2020-11-11 13:09:45', '2020-11-11 13:09:45'),
(1761, 'Si', 36, 74, '2020-11-11 13:09:45', '2020-11-11 13:09:45'),
(1762, 'Lo reprenden con golpes', 37, 74, '2020-11-11 13:09:45', '2020-11-11 13:09:45'),
(1763, 'Solo lo regaan', 37, 74, '2020-11-11 13:09:45', '2020-11-11 13:09:45'),
(1764, 'No los dejan salir o jugar', 37, 74, '2020-11-11 13:09:45', '2020-11-11 13:09:45'),
(1765, 'Le quita lo que mas les gusta', 37, 74, '2020-11-11 13:09:45', '2020-11-11 13:09:45'),
(1766, 'No lo dejan ver tv o utilizar el celular', 37, 74, '2020-11-11 13:09:45', '2020-11-11 13:09:45'),
(1767, 'Lo ponen a hacer aseo', 37, 74, '2020-11-11 13:09:45', '2020-11-11 13:09:45'),
(1768, 'Si', 39, 74, '2020-11-11 13:09:45', '2020-11-11 13:09:45'),
(1769, 'Si', 40, 74, '2020-11-11 13:09:45', '2020-11-11 13:09:45'),
(1770, 'Si', 42, 74, '2020-11-11 13:09:45', '2020-11-11 13:09:45'),
(1771, 'Si', 41, 74, '2020-11-11 13:09:45', '2020-11-11 13:09:45'),
(1772, 'Si', 38, 74, '2020-11-11 13:09:45', '2020-11-11 13:09:45'),
(1773, 'No aplica', 37, 74, '2020-11-11 13:09:45', '2020-11-11 13:09:45'),
(1774, 'Si', 43, 74, '2020-11-11 13:09:45', '2020-11-11 13:09:45'),
(1775, 'Si', 44, 74, '2020-11-11 13:09:45', '2020-11-11 13:09:45'),
(1776, 'Si', 47, 74, '2020-11-11 13:09:45', '2020-11-11 13:09:45'),
(1777, 'Si', 45, 74, '2020-11-11 13:09:45', '2020-11-11 13:09:45'),
(1778, 'Si', 46, 74, '2020-11-11 13:09:45', '2020-11-11 13:09:45'),
(1779, 'Si', 48, 74, '2020-11-11 13:09:45', '2020-11-11 13:09:45'),
(1780, 'Ninguna', 49, 74, '2020-11-11 13:09:45', '2020-11-11 13:09:45'),
(1781, 'Si', 50, 74, '2020-11-11 13:09:45', '2020-11-11 13:09:45'),
(1782, 'Si', 51, 74, '2020-11-11 13:09:45', '2020-11-11 13:09:45'),
(1783, 'Si', 52, 74, '2020-11-11 13:09:45', '2020-11-11 13:09:45'),
(1784, 'Inadecuado', 1, 75, '2020-11-11 13:45:52', '2020-11-11 13:45:52'),
(1785, 'Inadecuado', 4, 75, '2020-11-11 13:45:52', '2020-11-11 13:45:52'),
(1786, 'Inadecuado', 3, 75, '2020-11-11 13:45:52', '2020-11-11 13:45:52'),
(1787, 'Inadecuado', 5, 75, '2020-11-11 13:45:52', '2020-11-11 13:45:52'),
(1788, 'Adecuado', 2, 75, '2020-11-11 13:45:52', '2020-11-11 13:45:52'),
(1789, 'Inadecuado', 6, 75, '2020-11-11 13:45:52', '2020-11-11 13:45:52'),
(1790, 'Si', 7, 75, '2020-11-11 13:45:52', '2020-11-11 13:45:52'),
(1791, 'Si', 8, 75, '2020-11-11 13:45:53', '2020-11-11 13:45:53'),
(1792, 'Acuden al mdico', 53, 75, '2020-11-11 13:45:53', '2020-11-11 13:45:53'),
(1793, 'Casi nunca 1 o 2 das', 10, 75, '2020-11-11 13:45:53', '2020-11-11 13:45:53'),
(1794, 'Casi nunca 1 o 2 das', 9, 75, '2020-11-11 13:45:53', '2020-11-11 13:45:53'),
(1795, 'Casi nunca 1 o 2 das', 11, 75, '2020-11-11 13:45:53', '2020-11-11 13:45:53'),
(1796, 'Tos', 54, 75, '2020-11-11 13:45:53', '2020-11-11 13:45:53'),
(1797, 'Algunos das menos de 6 das', 12, 75, '2020-11-11 13:45:53', '2020-11-11 13:45:53'),
(1798, 'Casi nunca 1 o 2 das', 13, 75, '2020-11-11 13:45:53', '2020-11-11 13:45:53'),
(1799, 'Si', 14, 75, '2020-11-11 13:45:53', '2020-11-11 13:45:53'),
(1800, 'Si', 15, 75, '2020-11-11 13:45:53', '2020-11-11 13:45:53'),
(1801, 'Si', 17, 75, '2020-11-11 13:45:53', '2020-11-11 13:45:53'),
(1802, 'Si', 16, 75, '2020-11-11 13:45:53', '2020-11-11 13:45:53'),
(1803, '3 veces', 18, 75, '2020-11-11 13:45:53', '2020-11-11 13:45:53'),
(1804, 'Bajo peso', 58, 75, '2020-11-11 13:45:53', '2020-11-11 13:45:53'),
(1805, 'Si', 19, 75, '2020-11-11 13:45:53', '2020-11-11 13:45:53'),
(1806, 'Si', 20, 75, '2020-11-11 13:45:53', '2020-11-11 13:45:53'),
(1807, 'Si', 21, 75, '2020-11-11 13:45:53', '2020-11-11 13:45:53'),
(1808, 'No', 22, 75, '2020-11-11 13:45:53', '2020-11-11 13:45:53'),
(1809, '6 Horas', 25, 75, '2020-11-11 13:45:53', '2020-11-11 13:45:53'),
(1810, 'No', 24, 75, '2020-11-11 13:45:53', '2020-11-11 13:45:53'),
(1811, 'Si', 23, 75, '2020-11-11 13:45:54', '2020-11-11 13:45:54'),
(1812, 'Manualidades', 26, 75, '2020-11-11 13:45:54', '2020-11-11 13:45:54'),
(1813, 'Leer', 26, 75, '2020-11-11 13:45:54', '2020-11-11 13:45:54'),
(1814, 'Televisin', 26, 75, '2020-11-11 13:45:54', '2020-11-11 13:45:54'),
(1815, 'Jugar', 26, 75, '2020-11-11 13:45:54', '2020-11-11 13:45:54'),
(1816, 'Ftbol', 26, 75, '2020-11-11 13:45:54', '2020-11-11 13:45:54'),
(1817, 'Escuchar msica', 26, 75, '2020-11-11 13:45:54', '2020-11-11 13:45:54'),
(1818, 'Bailar', 26, 75, '2020-11-11 13:45:54', '2020-11-11 13:45:54'),
(1819, 'Si', 27, 75, '2020-11-11 13:45:54', '2020-11-11 13:45:54'),
(1820, 'Si', 28, 75, '2020-11-11 13:45:54', '2020-11-11 13:45:54'),
(1821, 'Si', 30, 75, '2020-11-11 13:45:54', '2020-11-11 13:45:54'),
(1822, 'Si', 29, 75, '2020-11-11 13:45:54', '2020-11-11 13:45:54'),
(1823, 'El nio es capaz de describirse a s mismo', 32, 75, '2020-11-11 13:45:54', '2020-11-11 13:45:54'),
(1824, 'Si', 31, 75, '2020-11-11 13:45:54', '2020-11-11 13:45:54'),
(1825, 'soy alegre', 33, 75, '2020-11-11 13:45:54', '2020-11-11 13:45:54'),
(1826, 'me gusta como soy', 33, 75, '2020-11-11 13:45:54', '2020-11-11 13:45:54'),
(1827, 'feliz', 33, 75, '2020-11-11 13:45:54', '2020-11-11 13:45:54'),
(1828, 'Si', 34, 75, '2020-11-11 13:45:54', '2020-11-11 13:45:54'),
(1829, 'amistosoa', 33, 75, '2020-11-11 13:45:54', '2020-11-11 13:45:54'),
(1830, 'amorosoa', 33, 75, '2020-11-11 13:45:54', '2020-11-11 13:45:54'),
(1831, 'Ninguna', 33, 75, '2020-11-11 13:45:54', '2020-11-11 13:45:54'),
(1832, 'Si', 36, 75, '2020-11-11 13:45:55', '2020-11-11 13:45:55'),
(1833, 'Otros', 35, 75, '2020-11-11 13:45:55', '2020-11-11 13:45:55'),
(1834, 'No los dejan salir o jugar', 37, 75, '2020-11-11 13:45:55', '2020-11-11 13:45:55'),
(1835, 'Lo reprenden con golpes', 37, 75, '2020-11-11 13:45:55', '2020-11-11 13:45:55'),
(1836, 'Solo lo regaan', 37, 75, '2020-11-11 13:45:55', '2020-11-11 13:45:55'),
(1837, 'Le quita lo que mas les gusta', 37, 75, '2020-11-11 13:45:55', '2020-11-11 13:45:55'),
(1838, 'No lo dejan ver tv o utilizar el celular', 37, 75, '2020-11-11 13:45:55', '2020-11-11 13:45:55'),
(1839, 'Si', 38, 75, '2020-11-11 13:45:55', '2020-11-11 13:45:55'),
(1840, 'Lo ponen a hacer aseo', 37, 75, '2020-11-11 13:45:55', '2020-11-11 13:45:55'),
(1841, 'No aplica', 37, 75, '2020-11-11 13:45:55', '2020-11-11 13:45:55'),
(1842, 'Si', 39, 75, '2020-11-11 13:45:55', '2020-11-11 13:45:55'),
(1843, 'Si', 40, 75, '2020-11-11 13:45:55', '2020-11-11 13:45:55'),
(1844, 'Si', 43, 75, '2020-11-11 13:45:55', '2020-11-11 13:45:55'),
(1845, 'Si', 42, 75, '2020-11-11 13:45:55', '2020-11-11 13:45:55'),
(1846, 'Si', 41, 75, '2020-11-11 13:45:55', '2020-11-11 13:45:55'),
(1847, 'Si', 44, 75, '2020-11-11 13:45:55', '2020-11-11 13:45:55'),
(1848, 'Si', 45, 75, '2020-11-11 13:45:55', '2020-11-11 13:45:55'),
(1849, 'Si', 46, 75, '2020-11-11 13:45:55', '2020-11-11 13:45:55'),
(1850, 'Si', 48, 75, '2020-11-11 13:45:55', '2020-11-11 13:45:55'),
(1851, 'Ninguna', 49, 75, '2020-11-11 13:45:55', '2020-11-11 13:45:55'),
(1852, 'Si', 47, 75, '2020-11-11 13:45:55', '2020-11-11 13:45:55'),
(1853, 'Si', 50, 75, '2020-11-11 13:45:55', '2020-11-11 13:45:55'),
(1854, 'Si', 51, 75, '2020-11-11 13:45:55', '2020-11-11 13:45:55'),
(1855, 'Si', 52, 75, '2020-11-11 13:45:55', '2020-11-11 13:45:55'),
(1856, 'Sucios', 1, 76, '2020-11-11 13:52:50', '2020-11-11 13:52:50'),
(1857, 'Inadecuado', 4, 76, '2020-11-11 13:52:50', '2020-11-11 13:52:50'),
(1858, 'Inadecuado', 3, 76, '2020-11-11 13:52:50', '2020-11-11 13:52:50'),
(1859, 'Inadecuado', 2, 76, '2020-11-11 13:52:50', '2020-11-11 13:52:50'),
(1860, 'Inadecuado', 5, 76, '2020-11-11 13:52:50', '2020-11-11 13:52:50'),
(1861, 'Inadecuado', 6, 76, '2020-11-11 13:52:50', '2020-11-11 13:52:50'),
(1862, 'Si', 7, 76, '2020-11-11 13:52:50', '2020-11-11 13:52:50'),
(1863, 'Si', 8, 76, '2020-11-11 13:52:51', '2020-11-11 13:52:51'),
(1864, 'Lo llevan al rezandero', 53, 76, '2020-11-11 13:52:51', '2020-11-11 13:52:51'),
(1865, 'Casi nunca 1 o 2 das', 10, 76, '2020-11-11 13:52:51', '2020-11-11 13:52:51'),
(1866, 'Casi nunca 1 o 2 das', 9, 76, '2020-11-11 13:52:51', '2020-11-11 13:52:51'),
(1867, 'Casi nunca 1 o 2 das', 11, 76, '2020-11-11 13:52:51', '2020-11-11 13:52:51'),
(1868, 'Tos', 54, 76, '2020-11-11 13:52:51', '2020-11-11 13:52:51'),
(1869, 'Casi nunca 1 o 2 das', 12, 76, '2020-11-11 13:52:51', '2020-11-11 13:52:51'),
(1870, 'Casi nunca 1 o 2 das', 13, 76, '2020-11-11 13:52:51', '2020-11-11 13:52:51'),
(1871, 'Si', 14, 76, '2020-11-11 13:52:51', '2020-11-11 13:52:51'),
(1872, 'Si', 16, 76, '2020-11-11 13:52:51', '2020-11-11 13:52:51'),
(1873, 'Si', 15, 76, '2020-11-11 13:52:51', '2020-11-11 13:52:51'),
(1874, 'Si', 17, 76, '2020-11-11 13:52:51', '2020-11-11 13:52:51'),
(1875, '6 veces', 18, 76, '2020-11-11 13:52:51', '2020-11-11 13:52:51'),
(1876, 'Obesidad de tipo II (Riesgo severo)', 58, 76, '2020-11-11 13:52:51', '2020-11-11 13:52:51'),
(1877, 'Si', 20, 76, '2020-11-11 13:52:51', '2020-11-11 13:52:51'),
(1878, 'Si', 21, 76, '2020-11-11 13:52:51', '2020-11-11 13:52:51'),
(1879, 'Si', 19, 76, '2020-11-11 13:52:51', '2020-11-11 13:52:51'),
(1880, 'Si', 23, 76, '2020-11-11 13:52:51', '2020-11-11 13:52:51'),
(1881, 'Si', 22, 76, '2020-11-11 13:52:51', '2020-11-11 13:52:51'),
(1882, 'Si', 24, 76, '2020-11-11 13:52:51', '2020-11-11 13:52:51'),
(1883, '8 Horas', 25, 76, '2020-11-11 13:52:51', '2020-11-11 13:52:51'),
(1884, 'Manualidades', 26, 76, '2020-11-11 13:52:51', '2020-11-11 13:52:51'),
(1885, 'Televisin', 26, 76, '2020-11-11 13:52:51', '2020-11-11 13:52:51'),
(1886, 'Patinaje', 26, 76, '2020-11-11 13:52:51', '2020-11-11 13:52:51'),
(1887, 'Leer', 26, 76, '2020-11-11 13:52:51', '2020-11-11 13:52:51'),
(1888, 'Escuchar msica', 26, 76, '2020-11-11 13:52:51', '2020-11-11 13:52:51'),
(1889, 'Baloncesto', 26, 76, '2020-11-11 13:52:51', '2020-11-11 13:52:51'),
(1890, 'Estudiar', 26, 76, '2020-11-11 13:52:51', '2020-11-11 13:52:51'),
(1891, 'Jugar', 26, 76, '2020-11-11 13:52:51', '2020-11-11 13:52:51'),
(1892, 'Bailar', 26, 76, '2020-11-11 13:52:51', '2020-11-11 13:52:51'),
(1893, 'Celular', 26, 76, '2020-11-11 13:52:51', '2020-11-11 13:52:51'),
(1894, 'Ftbol', 26, 76, '2020-11-11 13:52:51', '2020-11-11 13:52:51'),
(1895, 'Pintar', 26, 76, '2020-11-11 13:52:51', '2020-11-11 13:52:51'),
(1896, 'Dibujar', 26, 76, '2020-11-11 13:52:51', '2020-11-11 13:52:51'),
(1897, 'Si', 27, 76, '2020-11-11 13:52:52', '2020-11-11 13:52:52'),
(1898, 'Si', 30, 76, '2020-11-11 13:52:52', '2020-11-11 13:52:52'),
(1899, 'Si', 29, 76, '2020-11-11 13:52:52', '2020-11-11 13:52:52'),
(1900, 'Si', 28, 76, '2020-11-11 13:52:52', '2020-11-11 13:52:52'),
(1901, 'Relata expresiones negativas hacia s mismo', 32, 76, '2020-11-11 13:52:52', '2020-11-11 13:52:52'),
(1902, 'Si', 31, 76, '2020-11-11 13:52:52', '2020-11-11 13:52:52'),
(1903, 'Ninguna', 33, 76, '2020-11-11 13:52:52', '2020-11-11 13:52:52'),
(1904, 'amistosoa', 33, 76, '2020-11-11 13:52:52', '2020-11-11 13:52:52'),
(1905, 'feliz', 33, 76, '2020-11-11 13:52:52', '2020-11-11 13:52:52'),
(1906, 'soy alegre', 33, 76, '2020-11-11 13:52:52', '2020-11-11 13:52:52'),
(1907, 'amorosoa', 33, 76, '2020-11-11 13:52:52', '2020-11-11 13:52:52'),
(1908, 'me gusta como soy', 33, 76, '2020-11-11 13:52:52', '2020-11-11 13:52:52'),
(1909, 'Si', 34, 76, '2020-11-11 13:52:52', '2020-11-11 13:52:52'),
(1910, 'Otros', 35, 76, '2020-11-11 13:52:52', '2020-11-11 13:52:52'),
(1911, 'Si', 36, 76, '2020-11-11 13:52:52', '2020-11-11 13:52:52'),
(1912, 'Lo reprenden con golpes', 37, 76, '2020-11-11 13:52:52', '2020-11-11 13:52:52'),
(1913, 'Solo lo regaan', 37, 76, '2020-11-11 13:52:52', '2020-11-11 13:52:52'),
(1914, 'No los dejan salir o jugar', 37, 76, '2020-11-11 13:52:52', '2020-11-11 13:52:52'),
(1915, 'Le quita lo que mas les gusta', 37, 76, '2020-11-11 13:52:52', '2020-11-11 13:52:52'),
(1916, 'No lo dejan ver tv o utilizar el celular', 37, 76, '2020-11-11 13:52:52', '2020-11-11 13:52:52'),
(1917, 'Lo ponen a hacer aseo', 37, 76, '2020-11-11 13:52:52', '2020-11-11 13:52:52'),
(1918, 'Si', 38, 76, '2020-11-11 13:52:52', '2020-11-11 13:52:52'),
(1919, 'Si', 39, 76, '2020-11-11 13:52:52', '2020-11-11 13:52:52'),
(1920, 'No aplica', 37, 76, '2020-11-11 13:52:52', '2020-11-11 13:52:52'),
(1921, 'Si', 40, 76, '2020-11-11 13:52:52', '2020-11-11 13:52:52'),
(1922, 'Si', 41, 76, '2020-11-11 13:52:52', '2020-11-11 13:52:52'),
(1923, 'Si', 44, 76, '2020-11-11 13:52:53', '2020-11-11 13:52:53'),
(1924, 'Si', 42, 76, '2020-11-11 13:52:53', '2020-11-11 13:52:53'),
(1925, 'Si', 43, 76, '2020-11-11 13:52:53', '2020-11-11 13:52:53'),
(1926, 'Si', 45, 76, '2020-11-11 13:52:53', '2020-11-11 13:52:53'),
(1927, 'Si', 46, 76, '2020-11-11 13:52:53', '2020-11-11 13:52:53'),
(1928, 'Si', 51, 76, '2020-11-11 13:52:53', '2020-11-11 13:52:53'),
(1929, 'Ninguna', 49, 76, '2020-11-11 13:52:53', '2020-11-11 13:52:53'),
(1930, 'Si', 48, 76, '2020-11-11 13:52:53', '2020-11-11 13:52:53'),
(1931, 'Si', 47, 76, '2020-11-11 13:52:53', '2020-11-11 13:52:53'),
(1932, 'Si', 50, 76, '2020-11-11 13:52:53', '2020-11-11 13:52:53'),
(1933, 'Si', 52, 76, '2020-11-11 13:52:53', '2020-11-11 13:52:53'),
(1934, 'Sucios', 1, 77, '2020-11-11 13:56:06', '2020-11-11 13:56:06'),
(1935, 'Inadecuado', 2, 77, '2020-11-11 13:56:06', '2020-11-11 13:56:06'),
(1936, 'Inadecuado', 3, 77, '2020-11-11 13:56:06', '2020-11-11 13:56:06'),
(1937, 'Inadecuado', 6, 77, '2020-11-11 13:56:06', '2020-11-11 13:56:06'),
(1938, 'Si', 7, 77, '2020-11-11 13:56:06', '2020-11-11 13:56:06'),
(1939, 'Inadecuado', 5, 77, '2020-11-11 13:56:06', '2020-11-11 13:56:06'),
(1940, 'Inadecuado', 4, 77, '2020-11-11 13:56:06', '2020-11-11 13:56:06'),
(1941, 'Si', 8, 77, '2020-11-11 13:56:06', '2020-11-11 13:56:06'),
(1942, 'Lo llevan al rezandero', 53, 77, '2020-11-11 13:56:06', '2020-11-11 13:56:06'),
(1943, 'Casi nunca 1 o 2 das', 10, 77, '2020-11-11 13:56:06', '2020-11-11 13:56:06'),
(1944, 'Casi nunca 1 o 2 das', 9, 77, '2020-11-11 13:56:06', '2020-11-11 13:56:06'),
(1945, 'Tos', 54, 77, '2020-11-11 13:56:06', '2020-11-11 13:56:06'),
(1946, 'Casi nunca 1 o 2 das', 11, 77, '2020-11-11 13:56:06', '2020-11-11 13:56:06'),
(1947, 'Casi nunca 1 o 2 das', 12, 77, '2020-11-11 13:56:07', '2020-11-11 13:56:07'),
(1948, 'Si', 14, 77, '2020-11-11 13:56:07', '2020-11-11 13:56:07'),
(1949, 'Si', 16, 77, '2020-11-11 13:56:07', '2020-11-11 13:56:07'),
(1950, 'Si', 15, 77, '2020-11-11 13:56:07', '2020-11-11 13:56:07'),
(1951, 'Casi nunca 1 o 2 das', 13, 77, '2020-11-11 13:56:07', '2020-11-11 13:56:07'),
(1952, 'Si', 17, 77, '2020-11-11 13:56:07', '2020-11-11 13:56:07'),
(1953, '6 veces', 18, 77, '2020-11-11 13:56:07', '2020-11-11 13:56:07'),
(1954, 'Obesidad de tipo II (Riesgo severo)', 58, 77, '2020-11-11 13:56:07', '2020-11-11 13:56:07'),
(1955, 'Si', 20, 77, '2020-11-11 13:56:07', '2020-11-11 13:56:07'),
(1956, 'Si', 21, 77, '2020-11-11 13:56:07', '2020-11-11 13:56:07'),
(1957, 'Si', 22, 77, '2020-11-11 13:56:07', '2020-11-11 13:56:07'),
(1958, 'Si', 19, 77, '2020-11-11 13:56:07', '2020-11-11 13:56:07'),
(1959, 'Si', 23, 77, '2020-11-11 13:56:07', '2020-11-11 13:56:07'),
(1960, 'Manualidades', 26, 77, '2020-11-11 13:56:07', '2020-11-11 13:56:07'),
(1961, '8 Horas', 25, 77, '2020-11-11 13:56:07', '2020-11-11 13:56:07'),
(1962, 'Leer', 26, 77, '2020-11-11 13:56:07', '2020-11-11 13:56:07'),
(1963, 'Si', 24, 77, '2020-11-11 13:56:07', '2020-11-11 13:56:07'),
(1964, 'Televisin', 26, 77, '2020-11-11 13:56:07', '2020-11-11 13:56:07'),
(1965, 'Escuchar msica', 26, 77, '2020-11-11 13:56:07', '2020-11-11 13:56:07'),
(1966, 'Jugar', 26, 77, '2020-11-11 13:56:07', '2020-11-11 13:56:07'),
(1967, 'Baloncesto', 26, 77, '2020-11-11 13:56:07', '2020-11-11 13:56:07'),
(1968, 'Patinaje', 26, 77, '2020-11-11 13:56:07', '2020-11-11 13:56:07'),
(1969, 'Estudiar', 26, 77, '2020-11-11 13:56:07', '2020-11-11 13:56:07'),
(1970, 'Ftbol', 26, 77, '2020-11-11 13:56:07', '2020-11-11 13:56:07'),
(1971, 'Celular', 26, 77, '2020-11-11 13:56:07', '2020-11-11 13:56:07'),
(1972, 'Pintar', 26, 77, '2020-11-11 13:56:08', '2020-11-11 13:56:08'),
(1973, 'Bailar', 26, 77, '2020-11-11 13:56:08', '2020-11-11 13:56:08'),
(1974, 'Dibujar', 26, 77, '2020-11-11 13:56:08', '2020-11-11 13:56:08'),
(1975, 'Si', 28, 77, '2020-11-11 13:56:08', '2020-11-11 13:56:08'),
(1976, 'Si', 27, 77, '2020-11-11 13:56:08', '2020-11-11 13:56:08'),
(1977, 'Si', 29, 77, '2020-11-11 13:56:08', '2020-11-11 13:56:08'),
(1978, 'Si', 30, 77, '2020-11-11 13:56:08', '2020-11-11 13:56:08'),
(1979, 'Si', 31, 77, '2020-11-11 13:56:08', '2020-11-11 13:56:08'),
(1980, 'soy alegre', 33, 77, '2020-11-11 13:56:08', '2020-11-11 13:56:08'),
(1981, 'Relata expresiones negativas hacia s mismo', 32, 77, '2020-11-11 13:56:08', '2020-11-11 13:56:08'),
(1982, 'me gusta como soy', 33, 77, '2020-11-11 13:56:08', '2020-11-11 13:56:08'),
(1983, 'amistosoa', 33, 77, '2020-11-11 13:56:08', '2020-11-11 13:56:08'),
(1984, 'feliz', 33, 77, '2020-11-11 13:56:08', '2020-11-11 13:56:08'),
(1985, 'amorosoa', 33, 77, '2020-11-11 13:56:08', '2020-11-11 13:56:08'),
(1986, 'Ninguna', 33, 77, '2020-11-11 13:56:08', '2020-11-11 13:56:08'),
(1987, 'Si', 34, 77, '2020-11-11 13:56:08', '2020-11-11 13:56:08'),
(1988, 'Si', 36, 77, '2020-11-11 13:56:08', '2020-11-11 13:56:08'),
(1989, 'Otros', 35, 77, '2020-11-11 13:56:08', '2020-11-11 13:56:08'),
(1990, 'No los dejan salir o jugar', 37, 77, '2020-11-11 13:56:08', '2020-11-11 13:56:08'),
(1991, 'Solo lo regaan', 37, 77, '2020-11-11 13:56:08', '2020-11-11 13:56:08'),
(1992, 'Lo reprenden con golpes', 37, 77, '2020-11-11 13:56:08', '2020-11-11 13:56:08'),
(1993, 'Le quita lo que mas les gusta', 37, 77, '2020-11-11 13:56:08', '2020-11-11 13:56:08'),
(1994, 'No lo dejan ver tv o utilizar el celular', 37, 77, '2020-11-11 13:56:08', '2020-11-11 13:56:08'),
(1995, 'Lo ponen a hacer aseo', 37, 77, '2020-11-11 13:56:08', '2020-11-11 13:56:08'),
(1996, 'No aplica', 37, 77, '2020-11-11 13:56:08', '2020-11-11 13:56:08'),
(1997, 'Si', 38, 77, '2020-11-11 13:56:08', '2020-11-11 13:56:08'),
(1998, 'Si', 40, 77, '2020-11-11 13:56:08', '2020-11-11 13:56:08'),
(1999, 'Si', 39, 77, '2020-11-11 13:56:08', '2020-11-11 13:56:08'),
(2000, 'Si', 41, 77, '2020-11-11 13:56:08', '2020-11-11 13:56:08'),
(2001, 'Si', 42, 77, '2020-11-11 13:56:08', '2020-11-11 13:56:08'),
(2002, 'Si', 43, 77, '2020-11-11 13:56:08', '2020-11-11 13:56:08'),
(2003, 'Si', 44, 77, '2020-11-11 13:56:08', '2020-11-11 13:56:08'),
(2004, 'Si', 45, 77, '2020-11-11 13:56:08', '2020-11-11 13:56:08'),
(2005, 'Si', 46, 77, '2020-11-11 13:56:08', '2020-11-11 13:56:08'),
(2006, 'Si', 48, 77, '2020-11-11 13:56:08', '2020-11-11 13:56:08'),
(2007, 'Si', 47, 77, '2020-11-11 13:56:08', '2020-11-11 13:56:08'),
(2008, 'Ninguna', 49, 77, '2020-11-11 13:56:09', '2020-11-11 13:56:09'),
(2009, 'Si', 51, 77, '2020-11-11 13:56:09', '2020-11-11 13:56:09'),
(2010, 'Si', 50, 77, '2020-11-11 13:56:09', '2020-11-11 13:56:09'),
(2011, 'Si', 52, 77, '2020-11-11 13:56:09', '2020-11-11 13:56:09'),
(2012, 'Sucios', 1, 78, '2020-11-11 13:58:57', '2020-11-11 13:58:57'),
(2013, 'Inadecuado', 2, 78, '2020-11-11 13:58:57', '2020-11-11 13:58:57'),
(2014, 'Inadecuado', 3, 78, '2020-11-11 13:58:57', '2020-11-11 13:58:57'),
(2015, 'Inadecuado', 4, 78, '2020-11-11 13:58:57', '2020-11-11 13:58:57'),
(2016, 'Inadecuado', 5, 78, '2020-11-11 13:58:57', '2020-11-11 13:58:57'),
(2017, 'Si', 7, 78, '2020-11-11 13:58:57', '2020-11-11 13:58:57'),
(2018, 'Inadecuado', 6, 78, '2020-11-11 13:58:57', '2020-11-11 13:58:57'),
(2019, 'Si', 8, 78, '2020-11-11 13:58:58', '2020-11-11 13:58:58'),
(2020, 'Lo llevan al rezandero', 53, 78, '2020-11-11 13:58:58', '2020-11-11 13:58:58'),
(2021, 'Tos', 54, 78, '2020-11-11 13:58:58', '2020-11-11 13:58:58'),
(2022, 'Casi nunca 1 o 2 das', 9, 78, '2020-11-11 13:58:58', '2020-11-11 13:58:58'),
(2023, 'Casi nunca 1 o 2 das', 10, 78, '2020-11-11 13:58:58', '2020-11-11 13:58:58'),
(2024, 'Casi nunca 1 o 2 das', 11, 78, '2020-11-11 13:58:58', '2020-11-11 13:58:58'),
(2025, 'Casi nunca 1 o 2 das', 12, 78, '2020-11-11 13:58:58', '2020-11-11 13:58:58'),
(2026, 'Casi nunca 1 o 2 das', 13, 78, '2020-11-11 13:58:58', '2020-11-11 13:58:58'),
(2027, 'Si', 15, 78, '2020-11-11 13:58:58', '2020-11-11 13:58:58'),
(2028, 'Si', 14, 78, '2020-11-11 13:58:58', '2020-11-11 13:58:58'),
(2029, 'Si', 17, 78, '2020-11-11 13:58:58', '2020-11-11 13:58:58'),
(2030, 'Obesidad de tipo I (Riesgo moderado)', 58, 78, '2020-11-11 13:58:58', '2020-11-11 13:58:58'),
(2031, '6 veces', 18, 78, '2020-11-11 13:58:58', '2020-11-11 13:58:58'),
(2032, 'Si', 16, 78, '2020-11-11 13:58:58', '2020-11-11 13:58:58'),
(2033, 'Si', 19, 78, '2020-11-11 13:58:58', '2020-11-11 13:58:58'),
(2034, 'Si', 20, 78, '2020-11-11 13:58:58', '2020-11-11 13:58:58'),
(2035, 'Si', 22, 78, '2020-11-11 13:58:58', '2020-11-11 13:58:58'),
(2036, 'Si', 23, 78, '2020-11-11 13:58:58', '2020-11-11 13:58:58'),
(2037, 'Si', 21, 78, '2020-11-11 13:58:58', '2020-11-11 13:58:58'),
(2038, 'Si', 24, 78, '2020-11-11 13:58:58', '2020-11-11 13:58:58'),
(2039, '8 Horas', 25, 78, '2020-11-11 13:58:58', '2020-11-11 13:58:58'),
(2040, 'Manualidades', 26, 78, '2020-11-11 13:58:58', '2020-11-11 13:58:58'),
(2041, 'Leer', 26, 78, '2020-11-11 13:58:59', '2020-11-11 13:58:59'),
(2042, 'Televisin', 26, 78, '2020-11-11 13:58:59', '2020-11-11 13:58:59'),
(2043, 'Escuchar msica', 26, 78, '2020-11-11 13:58:59', '2020-11-11 13:58:59'),
(2044, 'Patinaje', 26, 78, '2020-11-11 13:58:59', '2020-11-11 13:58:59'),
(2045, 'Baloncesto', 26, 78, '2020-11-11 13:58:59', '2020-11-11 13:58:59'),
(2046, 'Estudiar', 26, 78, '2020-11-11 13:58:59', '2020-11-11 13:58:59'),
(2047, 'Ftbol', 26, 78, '2020-11-11 13:58:59', '2020-11-11 13:58:59'),
(2048, 'Dibujar', 26, 78, '2020-11-11 13:58:59', '2020-11-11 13:58:59'),
(2049, 'Jugar', 26, 78, '2020-11-11 13:58:59', '2020-11-11 13:58:59'),
(2050, 'Pintar', 26, 78, '2020-11-11 13:58:59', '2020-11-11 13:58:59'),
(2051, 'Bailar', 26, 78, '2020-11-11 13:58:59', '2020-11-11 13:58:59'),
(2052, 'Celular', 26, 78, '2020-11-11 13:58:59', '2020-11-11 13:58:59'),
(2053, 'Si', 27, 78, '2020-11-11 13:58:59', '2020-11-11 13:58:59'),
(2054, 'Si', 31, 78, '2020-11-11 13:58:59', '2020-11-11 13:58:59'),
(2055, 'Si', 30, 78, '2020-11-11 13:58:59', '2020-11-11 13:58:59'),
(2056, 'Si', 28, 78, '2020-11-11 13:58:59', '2020-11-11 13:58:59'),
(2057, 'Si', 29, 78, '2020-11-11 13:58:59', '2020-11-11 13:58:59'),
(2058, 'Relata expresiones negativas hacia s mismo', 32, 78, '2020-11-11 13:58:59', '2020-11-11 13:58:59'),
(2059, 'soy alegre', 33, 78, '2020-11-11 13:58:59', '2020-11-11 13:58:59'),
(2060, 'amorosoa', 33, 78, '2020-11-11 13:59:00', '2020-11-11 13:59:00'),
(2061, 'feliz', 33, 78, '2020-11-11 13:59:00', '2020-11-11 13:59:00'),
(2062, 'Ninguna', 33, 78, '2020-11-11 13:59:00', '2020-11-11 13:59:00'),
(2063, 'me gusta como soy', 33, 78, '2020-11-11 13:59:00', '2020-11-11 13:59:00'),
(2064, 'amistosoa', 33, 78, '2020-11-11 13:59:00', '2020-11-11 13:59:00'),
(2065, 'Si', 34, 78, '2020-11-11 13:59:00', '2020-11-11 13:59:00'),
(2066, 'Otros', 35, 78, '2020-11-11 13:59:00', '2020-11-11 13:59:00'),
(2067, 'Si', 36, 78, '2020-11-11 13:59:00', '2020-11-11 13:59:00'),
(2068, 'No los dejan salir o jugar', 37, 78, '2020-11-11 13:59:00', '2020-11-11 13:59:00'),
(2069, 'Solo lo regaan', 37, 78, '2020-11-11 13:59:00', '2020-11-11 13:59:00'),
(2070, 'Lo reprenden con golpes', 37, 78, '2020-11-11 13:59:00', '2020-11-11 13:59:00'),
(2071, 'Le quita lo que mas les gusta', 37, 78, '2020-11-11 13:59:00', '2020-11-11 13:59:00'),
(2072, 'No lo dejan ver tv o utilizar el celular', 37, 78, '2020-11-11 13:59:00', '2020-11-11 13:59:00'),
(2073, 'No aplica', 37, 78, '2020-11-11 13:59:00', '2020-11-11 13:59:00'),
(2074, 'Si', 40, 78, '2020-11-11 13:59:00', '2020-11-11 13:59:00'),
(2075, 'Si', 38, 78, '2020-11-11 13:59:00', '2020-11-11 13:59:00'),
(2076, 'Si', 39, 78, '2020-11-11 13:59:00', '2020-11-11 13:59:00'),
(2077, 'Lo ponen a hacer aseo', 37, 78, '2020-11-11 13:59:00', '2020-11-11 13:59:00'),
(2078, 'Si', 41, 78, '2020-11-11 13:59:00', '2020-11-11 13:59:00'),
(2079, 'Si', 42, 78, '2020-11-11 13:59:00', '2020-11-11 13:59:00'),
(2080, 'Si', 43, 78, '2020-11-11 13:59:00', '2020-11-11 13:59:00'),
(2081, 'Si', 45, 78, '2020-11-11 13:59:00', '2020-11-11 13:59:00'),
(2082, 'Si', 44, 78, '2020-11-11 13:59:00', '2020-11-11 13:59:00'),
(2083, 'Si', 46, 78, '2020-11-11 13:59:00', '2020-11-11 13:59:00'),
(2084, 'Si', 47, 78, '2020-11-11 13:59:01', '2020-11-11 13:59:01'),
(2085, 'Si', 51, 78, '2020-11-11 13:59:01', '2020-11-11 13:59:01'),
(2086, 'Si', 48, 78, '2020-11-11 13:59:01', '2020-11-11 13:59:01'),
(2087, 'Si', 50, 78, '2020-11-11 13:59:01', '2020-11-11 13:59:01'),
(2088, 'Ninguna', 49, 78, '2020-11-11 13:59:01', '2020-11-11 13:59:01'),
(2089, 'Si', 52, 78, '2020-11-11 13:59:01', '2020-11-11 13:59:01'),
(2090, 'Sucios', 1, 79, '2020-11-11 14:00:09', '2020-11-11 14:00:09'),
(2091, 'Inadecuado', 5, 79, '2020-11-11 14:00:09', '2020-11-11 14:00:09'),
(2092, 'Inadecuado', 3, 79, '2020-11-11 14:00:09', '2020-11-11 14:00:09'),
(2093, 'Inadecuado', 2, 79, '2020-11-11 14:00:09', '2020-11-11 14:00:09'),
(2094, 'Inadecuado', 4, 79, '2020-11-11 14:00:09', '2020-11-11 14:00:09'),
(2095, 'Inadecuado', 6, 79, '2020-11-11 14:00:09', '2020-11-11 14:00:09'),
(2096, 'Si', 7, 79, '2020-11-11 14:00:09', '2020-11-11 14:00:09'),
(2097, 'Casi nunca 1 o 2 das', 9, 79, '2020-11-11 14:00:09', '2020-11-11 14:00:09'),
(2098, 'Tos', 54, 79, '2020-11-11 14:00:09', '2020-11-11 14:00:09'),
(2099, 'Casi nunca 1 o 2 das', 10, 79, '2020-11-11 14:00:09', '2020-11-11 14:00:09'),
(2100, 'Lo llevan al rezandero', 53, 79, '2020-11-11 14:00:09', '2020-11-11 14:00:09'),
(2101, 'Casi nunca 1 o 2 das', 11, 79, '2020-11-11 14:00:09', '2020-11-11 14:00:09'),
(2102, 'Si', 8, 79, '2020-11-11 14:00:09', '2020-11-11 14:00:09'),
(2103, 'Casi nunca 1 o 2 das', 12, 79, '2020-11-11 14:00:09', '2020-11-11 14:00:09'),
(2104, 'Si', 14, 79, '2020-11-11 14:00:09', '2020-11-11 14:00:09'),
(2105, 'Si', 16, 79, '2020-11-11 14:00:09', '2020-11-11 14:00:09'),
(2106, 'Si', 17, 79, '2020-11-11 14:00:09', '2020-11-11 14:00:09'),
(2107, 'Casi nunca 1 o 2 das', 13, 79, '2020-11-11 14:00:09', '2020-11-11 14:00:09'),
(2108, 'Si', 15, 79, '2020-11-11 14:00:09', '2020-11-11 14:00:09'),
(2109, '6 veces', 18, 79, '2020-11-11 14:00:09', '2020-11-11 14:00:09'),
(2110, 'Sobrepeso grado I (Riesgo)', 58, 79, '2020-11-11 14:00:09', '2020-11-11 14:00:09'),
(2111, 'Si', 21, 79, '2020-11-11 14:00:09', '2020-11-11 14:00:09'),
(2112, 'Si', 22, 79, '2020-11-11 14:00:09', '2020-11-11 14:00:09'),
(2113, 'Si', 20, 79, '2020-11-11 14:00:09', '2020-11-11 14:00:09'),
(2114, 'Si', 19, 79, '2020-11-11 14:00:09', '2020-11-11 14:00:09'),
(2115, 'Si', 23, 79, '2020-11-11 14:00:10', '2020-11-11 14:00:10'),
(2116, 'Manualidades', 26, 79, '2020-11-11 14:00:10', '2020-11-11 14:00:10'),
(2117, 'Si', 24, 79, '2020-11-11 14:00:10', '2020-11-11 14:00:10'),
(2118, 'Leer', 26, 79, '2020-11-11 14:00:10', '2020-11-11 14:00:10'),
(2119, '8 Horas', 25, 79, '2020-11-11 14:00:10', '2020-11-11 14:00:10'),
(2120, 'Televisin', 26, 79, '2020-11-11 14:00:10', '2020-11-11 14:00:10'),
(2121, 'Escuchar msica', 26, 79, '2020-11-11 14:00:10', '2020-11-11 14:00:10'),
(2122, 'Baloncesto', 26, 79, '2020-11-11 14:00:10', '2020-11-11 14:00:10'),
(2123, 'Patinaje', 26, 79, '2020-11-11 14:00:10', '2020-11-11 14:00:10'),
(2124, 'Jugar', 26, 79, '2020-11-11 14:00:10', '2020-11-11 14:00:10'),
(2125, 'Estudiar', 26, 79, '2020-11-11 14:00:10', '2020-11-11 14:00:10'),
(2126, 'Ftbol', 26, 79, '2020-11-11 14:00:10', '2020-11-11 14:00:10'),
(2127, 'Celular', 26, 79, '2020-11-11 14:00:10', '2020-11-11 14:00:10'),
(2128, 'Bailar', 26, 79, '2020-11-11 14:00:10', '2020-11-11 14:00:10'),
(2129, 'Pintar', 26, 79, '2020-11-11 14:00:10', '2020-11-11 14:00:10'),
(2130, 'Si', 28, 79, '2020-11-11 14:00:10', '2020-11-11 14:00:10'),
(2131, 'Si', 27, 79, '2020-11-11 14:00:10', '2020-11-11 14:00:10'),
(2132, 'Si', 29, 79, '2020-11-11 14:00:10', '2020-11-11 14:00:10'),
(2133, 'Dibujar', 26, 79, '2020-11-11 14:00:10', '2020-11-11 14:00:10'),
(2134, 'Si', 30, 79, '2020-11-11 14:00:10', '2020-11-11 14:00:10'),
(2135, 'Si', 31, 79, '2020-11-11 14:00:10', '2020-11-11 14:00:10'),
(2136, 'Relata expresiones negativas hacia s mismo', 32, 79, '2020-11-11 14:00:10', '2020-11-11 14:00:10'),
(2137, 'soy alegre', 33, 79, '2020-11-11 14:00:10', '2020-11-11 14:00:10'),
(2138, 'amistosoa', 33, 79, '2020-11-11 14:00:10', '2020-11-11 14:00:10'),
(2139, 'me gusta como soy', 33, 79, '2020-11-11 14:00:10', '2020-11-11 14:00:10'),
(2140, 'feliz', 33, 79, '2020-11-11 14:00:10', '2020-11-11 14:00:10'),
(2141, 'amorosoa', 33, 79, '2020-11-11 14:00:10', '2020-11-11 14:00:10'),
(2142, 'Ninguna', 33, 79, '2020-11-11 14:00:10', '2020-11-11 14:00:10'),
(2143, 'Si', 34, 79, '2020-11-11 14:00:11', '2020-11-11 14:00:11'),
(2144, 'Otros', 35, 79, '2020-11-11 14:00:11', '2020-11-11 14:00:11'),
(2145, 'No los dejan salir o jugar', 37, 79, '2020-11-11 14:00:11', '2020-11-11 14:00:11'),
(2146, 'Si', 36, 79, '2020-11-11 14:00:11', '2020-11-11 14:00:11'),
(2147, 'Solo lo regaan', 37, 79, '2020-11-11 14:00:11', '2020-11-11 14:00:11'),
(2148, 'Lo reprenden con golpes', 37, 79, '2020-11-11 14:00:11', '2020-11-11 14:00:11'),
(2149, 'No lo dejan ver tv o utilizar el celular', 37, 79, '2020-11-11 14:00:11', '2020-11-11 14:00:11'),
(2150, 'Le quita lo que mas les gusta', 37, 79, '2020-11-11 14:00:11', '2020-11-11 14:00:11'),
(2151, 'Lo ponen a hacer aseo', 37, 79, '2020-11-11 14:00:11', '2020-11-11 14:00:11'),
(2152, 'No aplica', 37, 79, '2020-11-11 14:00:11', '2020-11-11 14:00:11'),
(2153, 'Si', 38, 79, '2020-11-11 14:00:11', '2020-11-11 14:00:11'),
(2154, 'Si', 39, 79, '2020-11-11 14:00:11', '2020-11-11 14:00:11'),
(2155, 'Si', 41, 79, '2020-11-11 14:00:11', '2020-11-11 14:00:11'),
(2156, 'Si', 40, 79, '2020-11-11 14:00:11', '2020-11-11 14:00:11'),
(2157, 'Si', 42, 79, '2020-11-11 14:00:11', '2020-11-11 14:00:11'),
(2158, 'Si', 43, 79, '2020-11-11 14:00:11', '2020-11-11 14:00:11'),
(2159, 'Si', 44, 79, '2020-11-11 14:00:11', '2020-11-11 14:00:11'),
(2160, 'Si', 45, 79, '2020-11-11 14:00:11', '2020-11-11 14:00:11'),
(2161, 'Si', 46, 79, '2020-11-11 14:00:11', '2020-11-11 14:00:11'),
(2162, 'Si', 47, 79, '2020-11-11 14:00:11', '2020-11-11 14:00:11'),
(2163, 'Si', 48, 79, '2020-11-11 14:00:11', '2020-11-11 14:00:11'),
(2164, 'Si', 51, 79, '2020-11-11 14:00:11', '2020-11-11 14:00:11'),
(2165, 'Si', 50, 79, '2020-11-11 14:00:11', '2020-11-11 14:00:11'),
(2166, 'Ninguna', 49, 79, '2020-11-11 14:00:11', '2020-11-11 14:00:11'),
(2167, 'Si', 52, 79, '2020-11-11 14:00:11', '2020-11-11 14:00:11'),
(2168, 'Sucios', 1, 80, '2020-11-11 14:12:57', '2020-11-11 14:12:57'),
(2169, 'Inadecuado', 3, 80, '2020-11-11 14:12:57', '2020-11-11 14:12:57'),
(2170, 'Inadecuado', 6, 80, '2020-11-11 14:12:57', '2020-11-11 14:12:57'),
(2171, 'Inadecuado', 4, 80, '2020-11-11 14:12:57', '2020-11-11 14:12:57'),
(2172, 'Inadecuado', 5, 80, '2020-11-11 14:12:57', '2020-11-11 14:12:57'),
(2173, 'Inadecuado', 2, 80, '2020-11-11 14:12:57', '2020-11-11 14:12:57'),
(2174, 'Si', 7, 80, '2020-11-11 14:12:57', '2020-11-11 14:12:57'),
(2175, 'Casi nunca 1 o 2 das', 9, 80, '2020-11-11 14:12:58', '2020-11-11 14:12:58'),
(2176, 'Tos', 54, 80, '2020-11-11 14:12:58', '2020-11-11 14:12:58'),
(2177, 'Lo llevan al rezandero', 53, 80, '2020-11-11 14:12:58', '2020-11-11 14:12:58'),
(2178, 'Si', 8, 80, '2020-11-11 14:12:58', '2020-11-11 14:12:58'),
(2179, 'Casi nunca 1 o 2 das', 10, 80, '2020-11-11 14:12:58', '2020-11-11 14:12:58'),
(2180, 'Casi nunca 1 o 2 das', 11, 80, '2020-11-11 14:12:58', '2020-11-11 14:12:58'),
(2181, 'Si', 16, 80, '2020-11-11 14:12:58', '2020-11-11 14:12:58'),
(2182, 'Si', 14, 80, '2020-11-11 14:12:58', '2020-11-11 14:12:58'),
(2183, 'Casi nunca 1 o 2 das', 12, 80, '2020-11-11 14:12:58', '2020-11-11 14:12:58'),
(2184, 'Si', 15, 80, '2020-11-11 14:12:58', '2020-11-11 14:12:58'),
(2185, 'Casi nunca 1 o 2 das', 13, 80, '2020-11-11 14:12:58', '2020-11-11 14:12:58'),
(2186, 'Si', 17, 80, '2020-11-11 14:12:58', '2020-11-11 14:12:58'),
(2187, 'Si', 19, 80, '2020-11-11 14:12:58', '2020-11-11 14:12:58'),
(2188, '6 veces', 18, 80, '2020-11-11 14:12:58', '2020-11-11 14:12:58'),
(2189, 'Si', 20, 80, '2020-11-11 14:12:58', '2020-11-11 14:12:58'),
(2190, 'Sobrepeso grado II (Riesgo)', 58, 80, '2020-11-11 14:12:58', '2020-11-11 14:12:58'),
(2191, 'Si', 21, 80, '2020-11-11 14:12:58', '2020-11-11 14:12:58'),
(2192, 'Manualidades', 26, 80, '2020-11-11 14:12:59', '2020-11-11 14:12:59'),
(2193, 'Si', 24, 80, '2020-11-11 14:12:59', '2020-11-11 14:12:59'),
(2194, '8 Horas', 25, 80, '2020-11-11 14:12:59', '2020-11-11 14:12:59'),
(2195, 'Si', 23, 80, '2020-11-11 14:12:59', '2020-11-11 14:12:59'),
(2196, 'Televisin', 26, 80, '2020-11-11 14:12:59', '2020-11-11 14:12:59'),
(2197, 'Si', 22, 80, '2020-11-11 14:12:59', '2020-11-11 14:12:59'),
(2198, 'Estudiar', 26, 80, '2020-11-11 14:12:59', '2020-11-11 14:12:59'),
(2199, 'Baloncesto', 26, 80, '2020-11-11 14:12:59', '2020-11-11 14:12:59'),
(2200, 'Escuchar msica', 26, 80, '2020-11-11 14:12:59', '2020-11-11 14:12:59'),
(2201, 'Jugar', 26, 80, '2020-11-11 14:12:59', '2020-11-11 14:12:59'),
(2202, 'Patinaje', 26, 80, '2020-11-11 14:12:59', '2020-11-11 14:12:59'),
(2203, 'Leer', 26, 80, '2020-11-11 14:12:59', '2020-11-11 14:12:59'),
(2204, 'Ftbol', 26, 80, '2020-11-11 14:12:59', '2020-11-11 14:12:59'),
(2205, 'Bailar', 26, 80, '2020-11-11 14:12:59', '2020-11-11 14:12:59'),
(2206, 'Si', 27, 80, '2020-11-11 14:12:59', '2020-11-11 14:12:59'),
(2207, 'Dibujar', 26, 80, '2020-11-11 14:12:59', '2020-11-11 14:12:59'),
(2208, 'Pintar', 26, 80, '2020-11-11 14:12:59', '2020-11-11 14:12:59'),
(2209, 'Celular', 26, 80, '2020-11-11 14:12:59', '2020-11-11 14:12:59'),
(2210, 'Si', 28, 80, '2020-11-11 14:12:59', '2020-11-11 14:12:59'),
(2211, 'soy alegre', 33, 80, '2020-11-11 14:12:59', '2020-11-11 14:12:59'),
(2212, 'Relata expresiones negativas hacia s mismo', 32, 80, '2020-11-11 14:12:59', '2020-11-11 14:12:59'),
(2213, 'Si', 31, 80, '2020-11-11 14:12:59', '2020-11-11 14:12:59'),
(2214, 'Si', 30, 80, '2020-11-11 14:12:59', '2020-11-11 14:12:59'),
(2215, 'Si', 29, 80, '2020-11-11 14:12:59', '2020-11-11 14:12:59'),
(2216, 'me gusta como soy', 33, 80, '2020-11-11 14:12:59', '2020-11-11 14:12:59'),
(2217, 'amorosoa', 33, 80, '2020-11-11 14:13:00', '2020-11-11 14:13:00'),
(2218, 'Ninguna', 33, 80, '2020-11-11 14:13:00', '2020-11-11 14:13:00'),
(2219, 'Si', 34, 80, '2020-11-11 14:13:00', '2020-11-11 14:13:00'),
(2220, 'amistosoa', 33, 80, '2020-11-11 14:13:00', '2020-11-11 14:13:00'),
(2221, 'feliz', 33, 80, '2020-11-11 14:13:00', '2020-11-11 14:13:00'),
(2222, 'Otros', 35, 80, '2020-11-11 14:13:00', '2020-11-11 14:13:00'),
(2223, 'Si', 36, 80, '2020-11-11 14:13:00', '2020-11-11 14:13:00'),
(2224, 'No los dejan salir o jugar', 37, 80, '2020-11-11 14:13:00', '2020-11-11 14:13:00'),
(2225, 'No lo dejan ver tv o utilizar el celular', 37, 80, '2020-11-11 14:13:00', '2020-11-11 14:13:00'),
(2226, 'Le quita lo que mas les gusta', 37, 80, '2020-11-11 14:13:00', '2020-11-11 14:13:00'),
(2227, 'Lo reprenden con golpes', 37, 80, '2020-11-11 14:13:00', '2020-11-11 14:13:00'),
(2228, 'Solo lo regaan', 37, 80, '2020-11-11 14:13:00', '2020-11-11 14:13:00'),
(2229, 'Lo ponen a hacer aseo', 37, 80, '2020-11-11 14:13:00', '2020-11-11 14:13:00'),
(2230, 'No aplica', 37, 80, '2020-11-11 14:13:00', '2020-11-11 14:13:00'),
(2231, 'Si', 38, 80, '2020-11-11 14:13:00', '2020-11-11 14:13:00'),
(2232, 'Si', 39, 80, '2020-11-11 14:13:00', '2020-11-11 14:13:00'),
(2233, 'Si', 40, 80, '2020-11-11 14:13:00', '2020-11-11 14:13:00'),
(2234, 'Si', 41, 80, '2020-11-11 14:13:00', '2020-11-11 14:13:00'),
(2235, 'Si', 42, 80, '2020-11-11 14:13:00', '2020-11-11 14:13:00'),
(2236, 'Si', 43, 80, '2020-11-11 14:13:00', '2020-11-11 14:13:00'),
(2237, 'Si', 44, 80, '2020-11-11 14:13:00', '2020-11-11 14:13:00'),
(2238, 'Si', 46, 80, '2020-11-11 14:13:00', '2020-11-11 14:13:00'),
(2239, 'Si', 45, 80, '2020-11-11 14:13:00', '2020-11-11 14:13:00'),
(2240, 'Si', 47, 80, '2020-11-11 14:13:00', '2020-11-11 14:13:00'),
(2241, 'Si', 51, 80, '2020-11-11 14:13:00', '2020-11-11 14:13:00'),
(2242, 'Si', 48, 80, '2020-11-11 14:13:00', '2020-11-11 14:13:00'),
(2243, 'Si', 52, 80, '2020-11-11 14:13:00', '2020-11-11 14:13:00'),
(2244, 'Si', 50, 80, '2020-11-11 14:13:00', '2020-11-11 14:13:00'),
(2245, 'Ninguna', 49, 80, '2020-11-11 14:13:00', '2020-11-11 14:13:00'),
(2246, 'Sucios', 1, 81, '2020-11-11 14:21:30', '2020-11-11 14:21:30'),
(2247, 'Inadecuado', 2, 81, '2020-11-11 14:21:36', '2020-11-11 14:21:36'),
(2248, 'Inadecuado', 3, 81, '2020-11-11 14:21:36', '2020-11-11 14:21:36'),
(2249, 'Inadecuado', 6, 81, '2020-11-11 14:21:37', '2020-11-11 14:21:37'),
(2250, 'Inadecuado', 4, 81, '2020-11-11 14:21:37', '2020-11-11 14:21:37'),
(2251, 'Si', 7, 81, '2020-11-11 14:21:37', '2020-11-11 14:21:37'),
(2252, 'Inadecuado', 5, 81, '2020-11-11 14:21:37', '2020-11-11 14:21:37'),
(2253, 'Si', 8, 81, '2020-11-11 14:21:41', '2020-11-11 14:21:41'),
(2254, 'Casi nunca 1 o 2 das', 11, 81, '2020-11-11 14:21:41', '2020-11-11 14:21:41'),
(2255, 'Casi nunca 1 o 2 das', 9, 81, '2020-11-11 14:21:41', '2020-11-11 14:21:41'),
(2256, 'Tos', 54, 81, '2020-11-11 14:21:41', '2020-11-11 14:21:41'),
(2257, 'Lo llevan al rezandero', 53, 81, '2020-11-11 14:21:41', '2020-11-11 14:21:41'),
(2258, 'Casi nunca 1 o 2 das', 10, 81, '2020-11-11 14:21:41', '2020-11-11 14:21:41'),
(2259, 'Casi nunca 1 o 2 das', 12, 81, '2020-11-11 14:21:41', '2020-11-11 14:21:41'),
(2260, 'Casi nunca 1 o 2 das', 13, 81, '2020-11-11 14:21:44', '2020-11-11 14:21:44'),
(2261, 'Si', 14, 81, '2020-11-11 14:21:44', '2020-11-11 14:21:44'),
(2262, '6 veces', 18, 81, '2020-11-11 14:21:44', '2020-11-11 14:21:44'),
(2263, 'Si', 16, 81, '2020-11-11 14:21:44', '2020-11-11 14:21:44'),
(2264, 'Si', 17, 81, '2020-11-11 14:21:44', '2020-11-11 14:21:44'),
(2265, 'Si', 15, 81, '2020-11-11 14:21:44', '2020-11-11 14:21:44'),
(2266, 'Obesidad de tipo II (Riesgo severo)', 58, 81, '2020-11-11 14:21:44', '2020-11-11 14:21:44'),
(2267, 'Si', 19, 81, '2020-11-11 14:21:44', '2020-11-11 14:21:44'),
(2268, 'Si', 22, 81, '2020-11-11 14:21:44', '2020-11-11 14:21:44'),
(2269, 'Si', 23, 81, '2020-11-11 14:21:44', '2020-11-11 14:21:44'),
(2270, 'Si', 20, 81, '2020-11-11 14:21:44', '2020-11-11 14:21:44'),
(2271, 'Si', 21, 81, '2020-11-11 14:21:44', '2020-11-11 14:21:44'),
(2272, 'Si', 24, 81, '2020-11-11 14:21:44', '2020-11-11 14:21:44'),
(2273, '8 Horas', 25, 81, '2020-11-11 14:21:45', '2020-11-11 14:21:45'),
(2274, 'Manualidades', 26, 81, '2020-11-11 14:21:45', '2020-11-11 14:21:45'),
(2275, 'Televisin', 26, 81, '2020-11-11 14:21:45', '2020-11-11 14:21:45'),
(2276, 'Escuchar msica', 26, 81, '2020-11-11 14:21:45', '2020-11-11 14:21:45'),
(2277, 'Leer', 26, 81, '2020-11-11 14:21:45', '2020-11-11 14:21:45'),
(2278, 'Patinaje', 26, 81, '2020-11-11 14:21:45', '2020-11-11 14:21:45'),
(2279, 'Baloncesto', 26, 81, '2020-11-11 14:21:45', '2020-11-11 14:21:45'),
(2280, 'Estudiar', 26, 81, '2020-11-11 14:21:45', '2020-11-11 14:21:45'),
(2281, 'Jugar', 26, 81, '2020-11-11 14:21:45', '2020-11-11 14:21:45'),
(2282, 'Celular', 26, 81, '2020-11-11 14:21:45', '2020-11-11 14:21:45'),
(2283, 'Pintar', 26, 81, '2020-11-11 14:21:45', '2020-11-11 14:21:45'),
(2284, 'Bailar', 26, 81, '2020-11-11 14:21:45', '2020-11-11 14:21:45'),
(2285, 'Ftbol', 26, 81, '2020-11-11 14:21:45', '2020-11-11 14:21:45'),
(2286, 'Dibujar', 26, 81, '2020-11-11 14:21:45', '2020-11-11 14:21:45'),
(2287, 'Si', 27, 81, '2020-11-11 14:21:45', '2020-11-11 14:21:45'),
(2288, 'Si', 28, 81, '2020-11-11 14:21:45', '2020-11-11 14:21:45'),
(2289, 'Si', 30, 81, '2020-11-11 14:21:45', '2020-11-11 14:21:45'),
(2290, 'Si', 29, 81, '2020-11-11 14:21:45', '2020-11-11 14:21:45'),
(2291, 'Si', 31, 81, '2020-11-11 14:21:45', '2020-11-11 14:21:45'),
(2292, 'Relata expresiones negativas hacia s mismo', 32, 81, '2020-11-11 14:21:45', '2020-11-11 14:21:45'),
(2293, 'soy alegre', 33, 81, '2020-11-11 14:21:45', '2020-11-11 14:21:45'),
(2294, 'amistosoa', 33, 81, '2020-11-11 14:21:45', '2020-11-11 14:21:45'),
(2295, 'me gusta como soy', 33, 81, '2020-11-11 14:21:45', '2020-11-11 14:21:45'),
(2296, 'amorosoa', 33, 81, '2020-11-11 14:21:45', '2020-11-11 14:21:45'),
(2297, 'feliz', 33, 81, '2020-11-11 14:21:46', '2020-11-11 14:21:46'),
(2298, 'Ninguna', 33, 81, '2020-11-11 14:21:46', '2020-11-11 14:21:46'),
(2299, 'Si', 34, 81, '2020-11-11 14:21:46', '2020-11-11 14:21:46'),
(2300, 'Otros', 35, 81, '2020-11-11 14:21:46', '2020-11-11 14:21:46'),
(2301, 'Si', 36, 81, '2020-11-11 14:21:46', '2020-11-11 14:21:46'),
(2302, 'No los dejan salir o jugar', 37, 81, '2020-11-11 14:21:46', '2020-11-11 14:21:46'),
(2303, 'Le quita lo que mas les gusta', 37, 81, '2020-11-11 14:21:46', '2020-11-11 14:21:46'),
(2304, 'Lo reprenden con golpes', 37, 81, '2020-11-11 14:21:46', '2020-11-11 14:21:46'),
(2305, 'Solo lo regaan', 37, 81, '2020-11-11 14:21:46', '2020-11-11 14:21:46'),
(2306, 'No lo dejan ver tv o utilizar el celular', 37, 81, '2020-11-11 14:21:46', '2020-11-11 14:21:46'),
(2307, 'Lo ponen a hacer aseo', 37, 81, '2020-11-11 14:21:46', '2020-11-11 14:21:46'),
(2308, 'Si', 38, 81, '2020-11-11 14:21:46', '2020-11-11 14:21:46'),
(2309, 'Si', 39, 81, '2020-11-11 14:21:46', '2020-11-11 14:21:46'),
(2310, 'Si', 40, 81, '2020-11-11 14:21:46', '2020-11-11 14:21:46'),
(2311, 'No aplica', 37, 81, '2020-11-11 14:21:46', '2020-11-11 14:21:46'),
(2312, 'Si', 41, 81, '2020-11-11 14:21:46', '2020-11-11 14:21:46'),
(2313, 'Si', 44, 81, '2020-11-11 14:21:46', '2020-11-11 14:21:46'),
(2314, 'Si', 45, 81, '2020-11-11 14:21:46', '2020-11-11 14:21:46'),
(2315, 'Si', 43, 81, '2020-11-11 14:21:46', '2020-11-11 14:21:46'),
(2316, 'Si', 42, 81, '2020-11-11 14:21:46', '2020-11-11 14:21:46'),
(2317, 'Si', 46, 81, '2020-11-11 14:21:46', '2020-11-11 14:21:46'),
(2318, 'Si', 47, 81, '2020-11-11 14:21:46', '2020-11-11 14:21:46'),
(2319, 'Si', 50, 81, '2020-11-11 14:21:46', '2020-11-11 14:21:46'),
(2320, 'Ninguna', 49, 81, '2020-11-11 14:21:46', '2020-11-11 14:21:46'),
(2321, 'Si', 48, 81, '2020-11-11 14:21:46', '2020-11-11 14:21:46'),
(2322, 'Si', 51, 81, '2020-11-11 14:21:46', '2020-11-11 14:21:46'),
(2323, 'Si', 52, 81, '2020-11-11 14:21:47', '2020-11-11 14:21:47'),
(2324, 'Sucios', 1, 82, '2020-11-11 14:28:30', '2020-11-11 14:28:30'),
(2325, 'Inadecuado', 2, 82, '2020-11-11 14:28:30', '2020-11-11 14:28:30'),
(2326, 'Inadecuado', 6, 82, '2020-11-11 14:28:30', '2020-11-11 14:28:30'),
(2327, 'Si', 7, 82, '2020-11-11 14:28:30', '2020-11-11 14:28:30'),
(2328, 'Inadecuado', 4, 82, '2020-11-11 14:28:30', '2020-11-11 14:28:30'),
(2329, 'Inadecuado', 5, 82, '2020-11-11 14:28:30', '2020-11-11 14:28:30'),
(2330, 'Inadecuado', 3, 82, '2020-11-11 14:28:30', '2020-11-11 14:28:30'),
(2331, 'Si', 8, 82, '2020-11-11 14:28:30', '2020-11-11 14:28:30'),
(2332, 'Lo llevan al rezandero', 53, 82, '2020-11-11 14:28:30', '2020-11-11 14:28:30'),
(2333, 'Tos', 54, 82, '2020-11-11 14:28:30', '2020-11-11 14:28:30');
INSERT INTO `respuestas` (`id`, `respuestas`, `id_preguntas`, `id_formulario_ficha_salud`, `created_at`, `updated_at`) VALUES
(2334, 'Casi nunca 1 o 2 das', 9, 82, '2020-11-11 14:28:31', '2020-11-11 14:28:31'),
(2335, 'Casi nunca 1 o 2 das', 11, 82, '2020-11-11 14:28:31', '2020-11-11 14:28:31'),
(2336, 'Casi nunca 1 o 2 das', 10, 82, '2020-11-11 14:28:31', '2020-11-11 14:28:31'),
(2337, 'Casi nunca 1 o 2 das', 13, 82, '2020-11-11 14:28:31', '2020-11-11 14:28:31'),
(2338, 'Casi nunca 1 o 2 das', 12, 82, '2020-11-11 14:28:31', '2020-11-11 14:28:31'),
(2339, 'Si', 14, 82, '2020-11-11 14:28:31', '2020-11-11 14:28:31'),
(2340, 'Si', 17, 82, '2020-11-11 14:28:31', '2020-11-11 14:28:31'),
(2341, 'Si', 15, 82, '2020-11-11 14:28:31', '2020-11-11 14:28:31'),
(2342, 'Si', 16, 82, '2020-11-11 14:28:31', '2020-11-11 14:28:31'),
(2343, '6 veces', 18, 82, '2020-11-11 14:28:31', '2020-11-11 14:28:31'),
(2344, 'Peso normal', 58, 82, '2020-11-11 14:28:31', '2020-11-11 14:28:31'),
(2345, 'Si', 19, 82, '2020-11-11 14:28:31', '2020-11-11 14:28:31'),
(2346, 'Si', 20, 82, '2020-11-11 14:28:31', '2020-11-11 14:28:31'),
(2347, 'Si', 21, 82, '2020-11-11 14:28:31', '2020-11-11 14:28:31'),
(2348, 'Si', 24, 82, '2020-11-11 14:28:31', '2020-11-11 14:28:31'),
(2349, 'Si', 23, 82, '2020-11-11 14:28:31', '2020-11-11 14:28:31'),
(2350, 'Si', 22, 82, '2020-11-11 14:28:31', '2020-11-11 14:28:31'),
(2351, 'Manualidades', 26, 82, '2020-11-11 14:28:31', '2020-11-11 14:28:31'),
(2352, '8 Horas', 25, 82, '2020-11-11 14:28:31', '2020-11-11 14:28:31'),
(2353, 'Televisin', 26, 82, '2020-11-11 14:28:31', '2020-11-11 14:28:31'),
(2354, 'Escuchar msica', 26, 82, '2020-11-11 14:28:31', '2020-11-11 14:28:31'),
(2355, 'Patinaje', 26, 82, '2020-11-11 14:28:31', '2020-11-11 14:28:31'),
(2356, 'Leer', 26, 82, '2020-11-11 14:28:31', '2020-11-11 14:28:31'),
(2357, 'Baloncesto', 26, 82, '2020-11-11 14:28:31', '2020-11-11 14:28:31'),
(2358, 'Jugar', 26, 82, '2020-11-11 14:28:31', '2020-11-11 14:28:31'),
(2359, 'Estudiar', 26, 82, '2020-11-11 14:28:31', '2020-11-11 14:28:31'),
(2360, 'Celular', 26, 82, '2020-11-11 14:28:32', '2020-11-11 14:28:32'),
(2361, 'Dibujar', 26, 82, '2020-11-11 14:28:32', '2020-11-11 14:28:32'),
(2362, 'Ftbol', 26, 82, '2020-11-11 14:28:32', '2020-11-11 14:28:32'),
(2363, 'Si', 27, 82, '2020-11-11 14:28:32', '2020-11-11 14:28:32'),
(2364, 'Bailar', 26, 82, '2020-11-11 14:28:32', '2020-11-11 14:28:32'),
(2365, 'Pintar', 26, 82, '2020-11-11 14:28:32', '2020-11-11 14:28:32'),
(2366, 'Si', 29, 82, '2020-11-11 14:28:32', '2020-11-11 14:28:32'),
(2367, 'Si', 28, 82, '2020-11-11 14:28:32', '2020-11-11 14:28:32'),
(2368, 'Relata expresiones negativas hacia s mismo', 32, 82, '2020-11-11 14:28:32', '2020-11-11 14:28:32'),
(2369, 'Si', 30, 82, '2020-11-11 14:28:32', '2020-11-11 14:28:32'),
(2370, 'Si', 31, 82, '2020-11-11 14:28:32', '2020-11-11 14:28:32'),
(2371, 'soy alegre', 33, 82, '2020-11-11 14:28:32', '2020-11-11 14:28:32'),
(2372, 'me gusta como soy', 33, 82, '2020-11-11 14:28:32', '2020-11-11 14:28:32'),
(2373, 'amistosoa', 33, 82, '2020-11-11 14:28:32', '2020-11-11 14:28:32'),
(2374, 'Si', 34, 82, '2020-11-11 14:28:32', '2020-11-11 14:28:32'),
(2375, 'Ninguna', 33, 82, '2020-11-11 14:28:32', '2020-11-11 14:28:32'),
(2376, 'amorosoa', 33, 82, '2020-11-11 14:28:32', '2020-11-11 14:28:32'),
(2377, 'Otros', 35, 82, '2020-11-11 14:28:32', '2020-11-11 14:28:32'),
(2378, 'feliz', 33, 82, '2020-11-11 14:28:32', '2020-11-11 14:28:32'),
(2379, 'Si', 36, 82, '2020-11-11 14:28:32', '2020-11-11 14:28:32'),
(2380, 'Solo lo regaan', 37, 82, '2020-11-11 14:28:32', '2020-11-11 14:28:32'),
(2381, 'Lo reprenden con golpes', 37, 82, '2020-11-11 14:28:32', '2020-11-11 14:28:32'),
(2382, 'No los dejan salir o jugar', 37, 82, '2020-11-11 14:28:32', '2020-11-11 14:28:32'),
(2383, 'Le quita lo que mas les gusta', 37, 82, '2020-11-11 14:28:32', '2020-11-11 14:28:32'),
(2384, 'No lo dejan ver tv o utilizar el celular', 37, 82, '2020-11-11 14:28:32', '2020-11-11 14:28:32'),
(2385, 'Lo ponen a hacer aseo', 37, 82, '2020-11-11 14:28:32', '2020-11-11 14:28:32'),
(2386, 'No aplica', 37, 82, '2020-11-11 14:28:33', '2020-11-11 14:28:33'),
(2387, 'Si', 42, 82, '2020-11-11 14:28:33', '2020-11-11 14:28:33'),
(2388, 'Si', 39, 82, '2020-11-11 14:28:33', '2020-11-11 14:28:33'),
(2389, 'Si', 41, 82, '2020-11-11 14:28:33', '2020-11-11 14:28:33'),
(2390, 'Si', 38, 82, '2020-11-11 14:28:33', '2020-11-11 14:28:33'),
(2391, 'Si', 40, 82, '2020-11-11 14:28:33', '2020-11-11 14:28:33'),
(2392, 'Si', 43, 82, '2020-11-11 14:28:33', '2020-11-11 14:28:33'),
(2393, 'Si', 46, 82, '2020-11-11 14:28:33', '2020-11-11 14:28:33'),
(2394, 'Si', 48, 82, '2020-11-11 14:28:33', '2020-11-11 14:28:33'),
(2395, 'Si', 45, 82, '2020-11-11 14:28:33', '2020-11-11 14:28:33'),
(2396, 'Si', 47, 82, '2020-11-11 14:28:33', '2020-11-11 14:28:33'),
(2397, 'Si', 44, 82, '2020-11-11 14:28:33', '2020-11-11 14:28:33'),
(2398, 'Ninguna', 49, 82, '2020-11-11 14:28:33', '2020-11-11 14:28:33'),
(2399, 'Si', 50, 82, '2020-11-11 14:28:33', '2020-11-11 14:28:33'),
(2400, 'Si', 51, 82, '2020-11-11 14:28:33', '2020-11-11 14:28:33'),
(2401, 'Si', 52, 82, '2020-11-11 14:28:33', '2020-11-11 14:28:33'),
(2402, 'Sucios', 1, 83, '2020-11-11 14:31:09', '2020-11-11 14:31:09'),
(2403, 'Inadecuado', 4, 83, '2020-11-11 14:31:09', '2020-11-11 14:31:09'),
(2404, 'Adecuado', 2, 83, '2020-11-11 14:31:09', '2020-11-11 14:31:09'),
(2405, 'Inadecuado', 3, 83, '2020-11-11 14:31:09', '2020-11-11 14:31:09'),
(2406, 'Inadecuado', 5, 83, '2020-11-11 14:31:09', '2020-11-11 14:31:09'),
(2407, 'Inadecuado', 6, 83, '2020-11-11 14:31:09', '2020-11-11 14:31:09'),
(2408, 'No', 7, 83, '2020-11-11 14:31:10', '2020-11-11 14:31:10'),
(2409, 'No', 8, 83, '2020-11-11 14:31:10', '2020-11-11 14:31:10'),
(2410, 'Casi nunca 1 o 2 das', 9, 83, '2020-11-11 14:31:10', '2020-11-11 14:31:10'),
(2411, 'Casi nunca 1 o 2 das', 10, 83, '2020-11-11 14:31:10', '2020-11-11 14:31:10'),
(2412, 'Cuidador', 54, 83, '2020-11-11 14:31:10', '2020-11-11 14:31:10'),
(2413, 'Acuden al mdico', 53, 83, '2020-11-11 14:31:10', '2020-11-11 14:31:10'),
(2414, 'Casi nunca 1 o 2 das', 11, 83, '2020-11-11 14:31:10', '2020-11-11 14:31:10'),
(2415, 'Casi nunca 1 o 2 das', 12, 83, '2020-11-11 14:31:10', '2020-11-11 14:31:10'),
(2416, 'Casi nunca 1 o 2 das', 13, 83, '2020-11-11 14:31:10', '2020-11-11 14:31:10'),
(2417, 'No', 14, 83, '2020-11-11 14:31:10', '2020-11-11 14:31:10'),
(2418, 'No', 16, 83, '2020-11-11 14:31:11', '2020-11-11 14:31:11'),
(2419, 'Si', 15, 83, '2020-11-11 14:31:11', '2020-11-11 14:31:11'),
(2420, 'No', 17, 83, '2020-11-11 14:31:11', '2020-11-11 14:31:11'),
(2421, '2 veces', 18, 83, '2020-11-11 14:31:11', '2020-11-11 14:31:11'),
(2422, 'Peso normal', 58, 83, '2020-11-11 14:31:11', '2020-11-11 14:31:11'),
(2423, 'Si', 19, 83, '2020-11-11 14:31:11', '2020-11-11 14:31:11'),
(2424, 'Si', 20, 83, '2020-11-11 14:31:11', '2020-11-11 14:31:11'),
(2425, 'Si', 21, 83, '2020-11-11 14:31:11', '2020-11-11 14:31:11'),
(2426, 'No', 22, 83, '2020-11-11 14:31:11', '2020-11-11 14:31:11'),
(2427, 'No', 24, 83, '2020-11-11 14:31:11', '2020-11-11 14:31:11'),
(2428, 'No', 23, 83, '2020-11-11 14:31:11', '2020-11-11 14:31:11'),
(2429, '7 Horas', 25, 83, '2020-11-11 14:31:11', '2020-11-11 14:31:11'),
(2430, 'Manualidades', 26, 83, '2020-11-11 14:31:11', '2020-11-11 14:31:11'),
(2431, 'Televisin', 26, 83, '2020-11-11 14:31:11', '2020-11-11 14:31:11'),
(2432, 'Leer', 26, 83, '2020-11-11 14:31:11', '2020-11-11 14:31:11'),
(2433, 'Escuchar msica', 26, 83, '2020-11-11 14:31:11', '2020-11-11 14:31:11'),
(2434, 'Patinaje', 26, 83, '2020-11-11 14:31:11', '2020-11-11 14:31:11'),
(2435, 'Baloncesto', 26, 83, '2020-11-11 14:31:11', '2020-11-11 14:31:11'),
(2436, 'Estudiar', 26, 83, '2020-11-11 14:31:11', '2020-11-11 14:31:11'),
(2437, 'Jugar', 26, 83, '2020-11-11 14:31:11', '2020-11-11 14:31:11'),
(2438, 'Ftbol', 26, 83, '2020-11-11 14:31:11', '2020-11-11 14:31:11'),
(2439, 'Pintar', 26, 83, '2020-11-11 14:31:11', '2020-11-11 14:31:11'),
(2440, 'Celular', 26, 83, '2020-11-11 14:31:11', '2020-11-11 14:31:11'),
(2441, 'Bailar', 26, 83, '2020-11-11 14:31:11', '2020-11-11 14:31:11'),
(2442, 'Dibujar', 26, 83, '2020-11-11 14:31:11', '2020-11-11 14:31:11'),
(2443, 'Si', 27, 83, '2020-11-11 14:31:11', '2020-11-11 14:31:11'),
(2444, 'Si', 28, 83, '2020-11-11 14:31:11', '2020-11-11 14:31:11'),
(2445, 'No', 29, 83, '2020-11-11 14:31:12', '2020-11-11 14:31:12'),
(2446, 'Si', 30, 83, '2020-11-11 14:31:12', '2020-11-11 14:31:12'),
(2447, 'Si', 31, 83, '2020-11-11 14:31:12', '2020-11-11 14:31:12'),
(2448, 'El nio es capaz de describirse a s mismo', 32, 83, '2020-11-11 14:31:12', '2020-11-11 14:31:12'),
(2449, 'me gusta como soy', 33, 83, '2020-11-11 14:31:12', '2020-11-11 14:31:12'),
(2450, 'soy alegre', 33, 83, '2020-11-11 14:31:12', '2020-11-11 14:31:12'),
(2451, 'amistosoa', 33, 83, '2020-11-11 14:31:12', '2020-11-11 14:31:12'),
(2452, 'Ninguna', 33, 83, '2020-11-11 14:31:12', '2020-11-11 14:31:12'),
(2453, 'feliz', 33, 83, '2020-11-11 14:31:12', '2020-11-11 14:31:12'),
(2454, 'Si', 34, 83, '2020-11-11 14:31:12', '2020-11-11 14:31:12'),
(2455, 'Abuelos', 35, 83, '2020-11-11 14:31:12', '2020-11-11 14:31:12'),
(2456, 'amorosoa', 33, 83, '2020-11-11 14:31:12', '2020-11-11 14:31:12'),
(2457, 'No', 36, 83, '2020-11-11 14:31:12', '2020-11-11 14:31:12'),
(2458, 'Solo lo regaan', 37, 83, '2020-11-11 14:31:12', '2020-11-11 14:31:12'),
(2459, 'Le quita lo que mas les gusta', 37, 83, '2020-11-11 14:31:12', '2020-11-11 14:31:12'),
(2460, 'No lo dejan ver tv o utilizar el celular', 37, 83, '2020-11-11 14:31:12', '2020-11-11 14:31:12'),
(2461, 'Lo reprenden con golpes', 37, 83, '2020-11-11 14:31:12', '2020-11-11 14:31:12'),
(2462, 'No los dejan salir o jugar', 37, 83, '2020-11-11 14:31:12', '2020-11-11 14:31:12'),
(2463, 'Lo ponen a hacer aseo', 37, 83, '2020-11-11 14:31:12', '2020-11-11 14:31:12'),
(2464, 'Si', 41, 83, '2020-11-11 14:31:12', '2020-11-11 14:31:12'),
(2465, 'Si', 40, 83, '2020-11-11 14:31:12', '2020-11-11 14:31:12'),
(2466, 'Si', 39, 83, '2020-11-11 14:31:12', '2020-11-11 14:31:12'),
(2467, 'No aplica', 37, 83, '2020-11-11 14:31:12', '2020-11-11 14:31:12'),
(2468, 'Si', 38, 83, '2020-11-11 14:31:12', '2020-11-11 14:31:12'),
(2469, 'No', 42, 83, '2020-11-11 14:31:13', '2020-11-11 14:31:13'),
(2470, 'Si', 44, 83, '2020-11-11 14:31:13', '2020-11-11 14:31:13'),
(2471, 'Si', 46, 83, '2020-11-11 14:31:13', '2020-11-11 14:31:13'),
(2472, 'Si', 45, 83, '2020-11-11 14:31:13', '2020-11-11 14:31:13'),
(2473, 'Si', 43, 83, '2020-11-11 14:31:13', '2020-11-11 14:31:13'),
(2474, 'Si', 48, 83, '2020-11-11 14:31:13', '2020-11-11 14:31:13'),
(2475, 'No', 47, 83, '2020-11-11 14:31:13', '2020-11-11 14:31:13'),
(2476, 'Ninguna', 49, 83, '2020-11-11 14:31:13', '2020-11-11 14:31:13'),
(2477, 'Si', 50, 83, '2020-11-11 14:31:13', '2020-11-11 14:31:13'),
(2478, 'Si', 51, 83, '2020-11-11 14:31:13', '2020-11-11 14:31:13'),
(2479, 'No', 52, 83, '2020-11-11 14:31:13', '2020-11-11 14:31:13'),
(2480, 'Sucios', 1, 84, '2020-11-11 14:35:52', '2020-11-11 14:35:52'),
(2481, 'Inadecuado', 3, 84, '2020-11-11 14:35:52', '2020-11-11 14:35:52'),
(2482, 'Inadecuado', 4, 84, '2020-11-11 14:35:52', '2020-11-11 14:35:52'),
(2483, 'Inadecuado', 2, 84, '2020-11-11 14:35:52', '2020-11-11 14:35:52'),
(2484, 'Inadecuado', 5, 84, '2020-11-11 14:35:52', '2020-11-11 14:35:52'),
(2485, 'Si', 7, 84, '2020-11-11 14:35:52', '2020-11-11 14:35:52'),
(2486, 'Inadecuado', 6, 84, '2020-11-11 14:35:52', '2020-11-11 14:35:52'),
(2487, 'Si', 8, 84, '2020-11-11 14:35:52', '2020-11-11 14:35:52'),
(2488, 'Tos', 54, 84, '2020-11-11 14:35:52', '2020-11-11 14:35:52'),
(2489, 'Casi nunca 1 o 2 das', 11, 84, '2020-11-11 14:35:52', '2020-11-11 14:35:52'),
(2490, 'Lo llevan al rezandero', 53, 84, '2020-11-11 14:35:52', '2020-11-11 14:35:52'),
(2491, 'Casi nunca 1 o 2 das', 10, 84, '2020-11-11 14:35:52', '2020-11-11 14:35:52'),
(2492, 'Casi nunca 1 o 2 das', 9, 84, '2020-11-11 14:35:52', '2020-11-11 14:35:52'),
(2493, 'Casi nunca 1 o 2 das', 12, 84, '2020-11-11 14:35:52', '2020-11-11 14:35:52'),
(2494, 'Si', 14, 84, '2020-11-11 14:35:52', '2020-11-11 14:35:52'),
(2495, 'Si', 16, 84, '2020-11-11 14:35:52', '2020-11-11 14:35:52'),
(2496, 'Casi nunca 1 o 2 das', 13, 84, '2020-11-11 14:35:52', '2020-11-11 14:35:52'),
(2497, 'Si', 15, 84, '2020-11-11 14:35:52', '2020-11-11 14:35:52'),
(2498, 'Si', 17, 84, '2020-11-11 14:35:52', '2020-11-11 14:35:52'),
(2499, 'Peso normal', 58, 84, '2020-11-11 14:35:53', '2020-11-11 14:35:53'),
(2500, '6 veces', 18, 84, '2020-11-11 14:35:53', '2020-11-11 14:35:53'),
(2501, 'Si', 20, 84, '2020-11-11 14:35:53', '2020-11-11 14:35:53'),
(2502, 'Si', 19, 84, '2020-11-11 14:35:53', '2020-11-11 14:35:53'),
(2503, 'Si', 23, 84, '2020-11-11 14:35:53', '2020-11-11 14:35:53'),
(2504, '8 Horas', 25, 84, '2020-11-11 14:35:53', '2020-11-11 14:35:53'),
(2505, 'Si', 22, 84, '2020-11-11 14:35:53', '2020-11-11 14:35:53'),
(2506, 'Manualidades', 26, 84, '2020-11-11 14:35:53', '2020-11-11 14:35:53'),
(2507, 'Si', 21, 84, '2020-11-11 14:35:53', '2020-11-11 14:35:53'),
(2508, 'Si', 24, 84, '2020-11-11 14:35:53', '2020-11-11 14:35:53'),
(2509, 'Escuchar msica', 26, 84, '2020-11-11 14:35:53', '2020-11-11 14:35:53'),
(2510, 'Televisin', 26, 84, '2020-11-11 14:35:53', '2020-11-11 14:35:53'),
(2511, 'Leer', 26, 84, '2020-11-11 14:35:53', '2020-11-11 14:35:53'),
(2512, 'Estudiar', 26, 84, '2020-11-11 14:35:53', '2020-11-11 14:35:53'),
(2513, 'Patinaje', 26, 84, '2020-11-11 14:35:53', '2020-11-11 14:35:53'),
(2514, 'Baloncesto', 26, 84, '2020-11-11 14:35:53', '2020-11-11 14:35:53'),
(2515, 'Jugar', 26, 84, '2020-11-11 14:35:53', '2020-11-11 14:35:53'),
(2516, 'Ftbol', 26, 84, '2020-11-11 14:35:53', '2020-11-11 14:35:53'),
(2517, 'Pintar', 26, 84, '2020-11-11 14:35:53', '2020-11-11 14:35:53'),
(2518, 'Bailar', 26, 84, '2020-11-11 14:35:53', '2020-11-11 14:35:53'),
(2519, 'Celular', 26, 84, '2020-11-11 14:35:53', '2020-11-11 14:35:53'),
(2520, 'Dibujar', 26, 84, '2020-11-11 14:35:53', '2020-11-11 14:35:53'),
(2521, 'Si', 27, 84, '2020-11-11 14:35:53', '2020-11-11 14:35:53'),
(2522, 'Si', 28, 84, '2020-11-11 14:35:53', '2020-11-11 14:35:53'),
(2523, 'Si', 29, 84, '2020-11-11 14:35:54', '2020-11-11 14:35:54'),
(2524, 'Si', 30, 84, '2020-11-11 14:35:54', '2020-11-11 14:35:54'),
(2525, 'Si', 31, 84, '2020-11-11 14:35:54', '2020-11-11 14:35:54'),
(2526, 'Relata expresiones negativas hacia s mismo', 32, 84, '2020-11-11 14:35:54', '2020-11-11 14:35:54'),
(2527, 'soy alegre', 33, 84, '2020-11-11 14:35:54', '2020-11-11 14:35:54'),
(2528, 'me gusta como soy', 33, 84, '2020-11-11 14:35:54', '2020-11-11 14:35:54'),
(2529, 'amistosoa', 33, 84, '2020-11-11 14:35:54', '2020-11-11 14:35:54'),
(2530, 'amorosoa', 33, 84, '2020-11-11 14:35:54', '2020-11-11 14:35:54'),
(2531, 'feliz', 33, 84, '2020-11-11 14:35:54', '2020-11-11 14:35:54'),
(2532, 'Ninguna', 33, 84, '2020-11-11 14:35:54', '2020-11-11 14:35:54'),
(2533, 'Si', 34, 84, '2020-11-11 14:35:54', '2020-11-11 14:35:54'),
(2534, 'Otros', 35, 84, '2020-11-11 14:35:54', '2020-11-11 14:35:54'),
(2535, 'No los dejan salir o jugar', 37, 84, '2020-11-11 14:35:54', '2020-11-11 14:35:54'),
(2536, 'Si', 36, 84, '2020-11-11 14:35:54', '2020-11-11 14:35:54'),
(2537, 'Lo reprenden con golpes', 37, 84, '2020-11-11 14:35:54', '2020-11-11 14:35:54'),
(2538, 'Solo lo regaan', 37, 84, '2020-11-11 14:35:54', '2020-11-11 14:35:54'),
(2539, 'No lo dejan ver tv o utilizar el celular', 37, 84, '2020-11-11 14:35:54', '2020-11-11 14:35:54'),
(2540, 'Le quita lo que mas les gusta', 37, 84, '2020-11-11 14:35:54', '2020-11-11 14:35:54'),
(2541, 'No aplica', 37, 84, '2020-11-11 14:35:54', '2020-11-11 14:35:54'),
(2542, 'Si', 38, 84, '2020-11-11 14:35:54', '2020-11-11 14:35:54'),
(2543, 'Lo ponen a hacer aseo', 37, 84, '2020-11-11 14:35:54', '2020-11-11 14:35:54'),
(2544, 'Si', 39, 84, '2020-11-11 14:35:54', '2020-11-11 14:35:54'),
(2545, 'Si', 40, 84, '2020-11-11 14:35:54', '2020-11-11 14:35:54'),
(2546, 'Si', 41, 84, '2020-11-11 14:35:54', '2020-11-11 14:35:54'),
(2547, 'Si', 45, 84, '2020-11-11 14:35:55', '2020-11-11 14:35:55'),
(2548, 'Si', 46, 84, '2020-11-11 14:35:55', '2020-11-11 14:35:55'),
(2549, 'Si', 43, 84, '2020-11-11 14:35:55', '2020-11-11 14:35:55'),
(2550, 'Si', 42, 84, '2020-11-11 14:35:55', '2020-11-11 14:35:55'),
(2551, 'Si', 47, 84, '2020-11-11 14:35:55', '2020-11-11 14:35:55'),
(2552, 'Si', 44, 84, '2020-11-11 14:35:55', '2020-11-11 14:35:55'),
(2553, 'Si', 48, 84, '2020-11-11 14:35:55', '2020-11-11 14:35:55'),
(2554, 'Si', 51, 84, '2020-11-11 14:35:55', '2020-11-11 14:35:55'),
(2555, 'Ninguna', 49, 84, '2020-11-11 14:35:55', '2020-11-11 14:35:55'),
(2556, 'Si', 52, 84, '2020-11-11 14:35:55', '2020-11-11 14:35:55'),
(2557, 'Si', 50, 84, '2020-11-11 14:35:55', '2020-11-11 14:35:55'),
(2558, 'Sucios', 1, 85, '2020-11-11 14:40:50', '2020-11-11 14:40:50'),
(2559, 'Inadecuado', 6, 85, '2020-11-11 14:40:50', '2020-11-11 14:40:50'),
(2560, 'Inadecuado', 5, 85, '2020-11-11 14:40:50', '2020-11-11 14:40:50'),
(2561, 'Inadecuado', 4, 85, '2020-11-11 14:40:50', '2020-11-11 14:40:50'),
(2562, 'Inadecuado', 2, 85, '2020-11-11 14:40:50', '2020-11-11 14:40:50'),
(2563, 'Si', 7, 85, '2020-11-11 14:40:50', '2020-11-11 14:40:50'),
(2564, 'Inadecuado', 3, 85, '2020-11-11 14:40:50', '2020-11-11 14:40:50'),
(2565, 'Lo llevan al rezandero', 53, 85, '2020-11-11 14:40:50', '2020-11-11 14:40:50'),
(2566, 'Si', 8, 85, '2020-11-11 14:40:50', '2020-11-11 14:40:50'),
(2567, 'Tos', 54, 85, '2020-11-11 14:40:50', '2020-11-11 14:40:50'),
(2568, 'Casi nunca 1 o 2 das', 10, 85, '2020-11-11 14:40:50', '2020-11-11 14:40:50'),
(2569, 'Casi nunca 1 o 2 das', 9, 85, '2020-11-11 14:40:50', '2020-11-11 14:40:50'),
(2570, 'Casi nunca 1 o 2 das', 11, 85, '2020-11-11 14:40:50', '2020-11-11 14:40:50'),
(2571, 'Casi nunca 1 o 2 das', 12, 85, '2020-11-11 14:40:50', '2020-11-11 14:40:50'),
(2572, 'Casi nunca 1 o 2 das', 13, 85, '2020-11-11 14:40:50', '2020-11-11 14:40:50'),
(2573, 'Si', 14, 85, '2020-11-11 14:40:50', '2020-11-11 14:40:50'),
(2574, 'Si', 16, 85, '2020-11-11 14:40:50', '2020-11-11 14:40:50'),
(2575, 'Si', 17, 85, '2020-11-11 14:40:50', '2020-11-11 14:40:50'),
(2576, 'Si', 15, 85, '2020-11-11 14:40:50', '2020-11-11 14:40:50'),
(2577, '6 veces', 18, 85, '2020-11-11 14:40:50', '2020-11-11 14:40:50'),
(2578, 'Peso normal', 58, 85, '2020-11-11 14:40:50', '2020-11-11 14:40:50'),
(2579, 'Si', 19, 85, '2020-11-11 14:40:50', '2020-11-11 14:40:50'),
(2580, 'Si', 20, 85, '2020-11-11 14:40:50', '2020-11-11 14:40:50'),
(2581, 'Si', 21, 85, '2020-11-11 14:40:51', '2020-11-11 14:40:51'),
(2582, 'Si', 22, 85, '2020-11-11 14:40:51', '2020-11-11 14:40:51'),
(2583, 'Si', 23, 85, '2020-11-11 14:40:51', '2020-11-11 14:40:51'),
(2584, 'Si', 24, 85, '2020-11-11 14:40:51', '2020-11-11 14:40:51'),
(2585, '8 Horas', 25, 85, '2020-11-11 14:40:51', '2020-11-11 14:40:51'),
(2586, 'Manualidades', 26, 85, '2020-11-11 14:40:51', '2020-11-11 14:40:51'),
(2587, 'Televisin', 26, 85, '2020-11-11 14:40:51', '2020-11-11 14:40:51'),
(2588, 'Leer', 26, 85, '2020-11-11 14:40:51', '2020-11-11 14:40:51'),
(2589, 'Escuchar msica', 26, 85, '2020-11-11 14:40:51', '2020-11-11 14:40:51'),
(2590, 'Patinaje', 26, 85, '2020-11-11 14:40:51', '2020-11-11 14:40:51'),
(2591, 'Baloncesto', 26, 85, '2020-11-11 14:40:51', '2020-11-11 14:40:51'),
(2592, 'Jugar', 26, 85, '2020-11-11 14:40:51', '2020-11-11 14:40:51'),
(2593, 'Estudiar', 26, 85, '2020-11-11 14:40:51', '2020-11-11 14:40:51'),
(2594, 'Ftbol', 26, 85, '2020-11-11 14:40:51', '2020-11-11 14:40:51'),
(2595, 'Celular', 26, 85, '2020-11-11 14:40:51', '2020-11-11 14:40:51'),
(2596, 'Bailar', 26, 85, '2020-11-11 14:40:51', '2020-11-11 14:40:51'),
(2597, 'Dibujar', 26, 85, '2020-11-11 14:40:51', '2020-11-11 14:40:51'),
(2598, 'Pintar', 26, 85, '2020-11-11 14:40:51', '2020-11-11 14:40:51'),
(2599, 'Si', 27, 85, '2020-11-11 14:40:51', '2020-11-11 14:40:51'),
(2600, 'Si', 29, 85, '2020-11-11 14:40:51', '2020-11-11 14:40:51'),
(2601, 'Si', 30, 85, '2020-11-11 14:40:51', '2020-11-11 14:40:51'),
(2602, 'Si', 28, 85, '2020-11-11 14:40:51', '2020-11-11 14:40:51'),
(2603, 'Si', 31, 85, '2020-11-11 14:40:51', '2020-11-11 14:40:51'),
(2604, 'soy alegre', 33, 85, '2020-11-11 14:40:51', '2020-11-11 14:40:51'),
(2605, 'Relata expresiones negativas hacia s mismo', 32, 85, '2020-11-11 14:40:51', '2020-11-11 14:40:51'),
(2606, 'me gusta como soy', 33, 85, '2020-11-11 14:40:51', '2020-11-11 14:40:51'),
(2607, 'feliz', 33, 85, '2020-11-11 14:40:51', '2020-11-11 14:40:51'),
(2608, 'amorosoa', 33, 85, '2020-11-11 14:40:51', '2020-11-11 14:40:51'),
(2609, 'amistosoa', 33, 85, '2020-11-11 14:40:51', '2020-11-11 14:40:51'),
(2610, 'Ninguna', 33, 85, '2020-11-11 14:40:51', '2020-11-11 14:40:51'),
(2611, 'Si', 34, 85, '2020-11-11 14:40:52', '2020-11-11 14:40:52'),
(2612, 'Otros', 35, 85, '2020-11-11 14:40:52', '2020-11-11 14:40:52'),
(2613, 'Solo lo regaan', 37, 85, '2020-11-11 14:40:52', '2020-11-11 14:40:52'),
(2614, 'No los dejan salir o jugar', 37, 85, '2020-11-11 14:40:52', '2020-11-11 14:40:52'),
(2615, 'Si', 36, 85, '2020-11-11 14:40:52', '2020-11-11 14:40:52'),
(2616, 'Lo reprenden con golpes', 37, 85, '2020-11-11 14:40:52', '2020-11-11 14:40:52'),
(2617, 'Le quita lo que mas les gusta', 37, 85, '2020-11-11 14:40:52', '2020-11-11 14:40:52'),
(2618, 'No lo dejan ver tv o utilizar el celular', 37, 85, '2020-11-11 14:40:52', '2020-11-11 14:40:52'),
(2619, 'Lo ponen a hacer aseo', 37, 85, '2020-11-11 14:40:52', '2020-11-11 14:40:52'),
(2620, 'Si', 40, 85, '2020-11-11 14:40:52', '2020-11-11 14:40:52'),
(2621, 'No aplica', 37, 85, '2020-11-11 14:40:52', '2020-11-11 14:40:52'),
(2622, 'Si', 39, 85, '2020-11-11 14:40:52', '2020-11-11 14:40:52'),
(2623, 'Si', 38, 85, '2020-11-11 14:40:52', '2020-11-11 14:40:52'),
(2624, 'Si', 41, 85, '2020-11-11 14:40:52', '2020-11-11 14:40:52'),
(2625, 'Si', 42, 85, '2020-11-11 14:40:52', '2020-11-11 14:40:52'),
(2626, 'Si', 43, 85, '2020-11-11 14:40:52', '2020-11-11 14:40:52'),
(2627, 'Si', 45, 85, '2020-11-11 14:40:52', '2020-11-11 14:40:52'),
(2628, 'Si', 47, 85, '2020-11-11 14:40:52', '2020-11-11 14:40:52'),
(2629, 'Si', 46, 85, '2020-11-11 14:40:52', '2020-11-11 14:40:52'),
(2630, 'Si', 44, 85, '2020-11-11 14:40:52', '2020-11-11 14:40:52'),
(2631, 'Si', 48, 85, '2020-11-11 14:40:52', '2020-11-11 14:40:52'),
(2632, 'Ninguna', 49, 85, '2020-11-11 14:40:52', '2020-11-11 14:40:52'),
(2633, 'Si', 50, 85, '2020-11-11 14:40:52', '2020-11-11 14:40:52'),
(2634, 'Si', 51, 85, '2020-11-11 14:40:52', '2020-11-11 14:40:52'),
(2635, 'Si', 52, 85, '2020-11-11 14:40:52', '2020-11-11 14:40:52'),
(2636, 'Sucios', 1, 86, '2020-11-11 14:44:12', '2020-11-11 14:44:12'),
(2637, 'Inadecuado', 6, 86, '2020-11-11 14:44:12', '2020-11-11 14:44:12'),
(2638, 'Inadecuado', 2, 86, '2020-11-11 14:44:12', '2020-11-11 14:44:12'),
(2639, 'Inadecuado', 5, 86, '2020-11-11 14:44:12', '2020-11-11 14:44:12'),
(2640, 'Inadecuado', 4, 86, '2020-11-11 14:44:12', '2020-11-11 14:44:12'),
(2641, 'Inadecuado', 3, 86, '2020-11-11 14:44:12', '2020-11-11 14:44:12'),
(2642, 'Si', 7, 86, '2020-11-11 14:44:12', '2020-11-11 14:44:12'),
(2643, 'Si', 8, 86, '2020-11-11 14:44:12', '2020-11-11 14:44:12'),
(2644, 'Tos', 54, 86, '2020-11-11 14:44:13', '2020-11-11 14:44:13'),
(2645, 'Lo llevan al rezandero', 53, 86, '2020-11-11 14:44:13', '2020-11-11 14:44:13'),
(2646, 'Casi nunca 1 o 2 das', 9, 86, '2020-11-11 14:44:13', '2020-11-11 14:44:13'),
(2647, 'Casi nunca 1 o 2 das', 11, 86, '2020-11-11 14:44:13', '2020-11-11 14:44:13'),
(2648, 'Casi nunca 1 o 2 das', 10, 86, '2020-11-11 14:44:13', '2020-11-11 14:44:13'),
(2649, 'Casi nunca 1 o 2 das', 12, 86, '2020-11-11 14:44:13', '2020-11-11 14:44:13'),
(2650, 'Casi nunca 1 o 2 das', 13, 86, '2020-11-11 14:44:13', '2020-11-11 14:44:13'),
(2651, 'Si', 14, 86, '2020-11-11 14:44:13', '2020-11-11 14:44:13'),
(2652, 'Si', 15, 86, '2020-11-11 14:44:13', '2020-11-11 14:44:13'),
(2653, 'Si', 17, 86, '2020-11-11 14:44:13', '2020-11-11 14:44:13'),
(2654, 'Si', 16, 86, '2020-11-11 14:44:13', '2020-11-11 14:44:13'),
(2655, '6 veces', 18, 86, '2020-11-11 14:44:13', '2020-11-11 14:44:13'),
(2656, 'Si', 19, 86, '2020-11-11 14:44:13', '2020-11-11 14:44:13'),
(2657, 'Si', 22, 86, '2020-11-11 14:44:13', '2020-11-11 14:44:13'),
(2658, 'Peso normal', 58, 86, '2020-11-11 14:44:13', '2020-11-11 14:44:13'),
(2659, 'Si', 20, 86, '2020-11-11 14:44:13', '2020-11-11 14:44:13'),
(2660, 'Si', 23, 86, '2020-11-11 14:44:13', '2020-11-11 14:44:13'),
(2661, 'Si', 21, 86, '2020-11-11 14:44:13', '2020-11-11 14:44:13'),
(2662, 'Si', 24, 86, '2020-11-11 14:44:13', '2020-11-11 14:44:13'),
(2663, 'Leer', 26, 86, '2020-11-11 14:44:13', '2020-11-11 14:44:13'),
(2664, '8 Horas', 25, 86, '2020-11-11 14:44:13', '2020-11-11 14:44:13'),
(2665, 'Manualidades', 26, 86, '2020-11-11 14:44:13', '2020-11-11 14:44:13'),
(2666, 'Televisin', 26, 86, '2020-11-11 14:44:13', '2020-11-11 14:44:13'),
(2667, 'Escuchar msica', 26, 86, '2020-11-11 14:44:13', '2020-11-11 14:44:13'),
(2668, 'Patinaje', 26, 86, '2020-11-11 14:44:14', '2020-11-11 14:44:14'),
(2669, 'Baloncesto', 26, 86, '2020-11-11 14:44:14', '2020-11-11 14:44:14'),
(2670, 'Estudiar', 26, 86, '2020-11-11 14:44:14', '2020-11-11 14:44:14'),
(2671, 'Celular', 26, 86, '2020-11-11 14:44:14', '2020-11-11 14:44:14'),
(2672, 'Ftbol', 26, 86, '2020-11-11 14:44:14', '2020-11-11 14:44:14'),
(2673, 'Jugar', 26, 86, '2020-11-11 14:44:14', '2020-11-11 14:44:14'),
(2674, 'Bailar', 26, 86, '2020-11-11 14:44:14', '2020-11-11 14:44:14'),
(2675, 'Pintar', 26, 86, '2020-11-11 14:44:14', '2020-11-11 14:44:14'),
(2676, 'Dibujar', 26, 86, '2020-11-11 14:44:14', '2020-11-11 14:44:14'),
(2677, 'Si', 27, 86, '2020-11-11 14:44:14', '2020-11-11 14:44:14'),
(2678, 'Si', 30, 86, '2020-11-11 14:44:14', '2020-11-11 14:44:14'),
(2679, 'Si', 29, 86, '2020-11-11 14:44:14', '2020-11-11 14:44:14'),
(2680, 'Si', 28, 86, '2020-11-11 14:44:14', '2020-11-11 14:44:14'),
(2681, 'Si', 31, 86, '2020-11-11 14:44:14', '2020-11-11 14:44:14'),
(2682, 'Relata expresiones negativas hacia s mismo', 32, 86, '2020-11-11 14:44:14', '2020-11-11 14:44:14'),
(2683, 'soy alegre', 33, 86, '2020-11-11 14:44:14', '2020-11-11 14:44:14'),
(2684, 'me gusta como soy', 33, 86, '2020-11-11 14:44:14', '2020-11-11 14:44:14'),
(2685, 'amorosoa', 33, 86, '2020-11-11 14:44:14', '2020-11-11 14:44:14'),
(2686, 'amistosoa', 33, 86, '2020-11-11 14:44:14', '2020-11-11 14:44:14'),
(2687, 'feliz', 33, 86, '2020-11-11 14:44:14', '2020-11-11 14:44:14'),
(2688, 'Ninguna', 33, 86, '2020-11-11 14:44:14', '2020-11-11 14:44:14'),
(2689, 'Si', 34, 86, '2020-11-11 14:44:14', '2020-11-11 14:44:14'),
(2690, 'Otros', 35, 86, '2020-11-11 14:44:14', '2020-11-11 14:44:14'),
(2691, 'Solo lo regaan', 37, 86, '2020-11-11 14:44:14', '2020-11-11 14:44:14'),
(2692, 'Si', 36, 86, '2020-11-11 14:44:14', '2020-11-11 14:44:14'),
(2693, 'No los dejan salir o jugar', 37, 86, '2020-11-11 14:44:14', '2020-11-11 14:44:14'),
(2694, 'Lo reprenden con golpes', 37, 86, '2020-11-11 14:44:14', '2020-11-11 14:44:14'),
(2695, 'Le quita lo que mas les gusta', 37, 86, '2020-11-11 14:44:14', '2020-11-11 14:44:14'),
(2696, 'No lo dejan ver tv o utilizar el celular', 37, 86, '2020-11-11 14:44:14', '2020-11-11 14:44:14'),
(2697, 'Lo ponen a hacer aseo', 37, 86, '2020-11-11 14:44:14', '2020-11-11 14:44:14'),
(2698, 'No aplica', 37, 86, '2020-11-11 14:44:14', '2020-11-11 14:44:14'),
(2699, 'Si', 39, 86, '2020-11-11 14:44:14', '2020-11-11 14:44:14'),
(2700, 'Si', 40, 86, '2020-11-11 14:44:14', '2020-11-11 14:44:14'),
(2701, 'Si', 38, 86, '2020-11-11 14:44:14', '2020-11-11 14:44:14'),
(2702, 'Si', 41, 86, '2020-11-11 14:44:14', '2020-11-11 14:44:14'),
(2703, 'Si', 42, 86, '2020-11-11 14:44:14', '2020-11-11 14:44:14'),
(2704, 'Si', 43, 86, '2020-11-11 14:44:15', '2020-11-11 14:44:15'),
(2705, 'Si', 46, 86, '2020-11-11 14:44:15', '2020-11-11 14:44:15'),
(2706, 'Si', 44, 86, '2020-11-11 14:44:15', '2020-11-11 14:44:15'),
(2707, 'Si', 45, 86, '2020-11-11 14:44:15', '2020-11-11 14:44:15'),
(2708, 'Si', 47, 86, '2020-11-11 14:44:15', '2020-11-11 14:44:15'),
(2709, 'Si', 48, 86, '2020-11-11 14:44:15', '2020-11-11 14:44:15'),
(2710, 'Ninguna', 49, 86, '2020-11-11 14:44:15', '2020-11-11 14:44:15'),
(2711, 'Si', 50, 86, '2020-11-11 14:44:15', '2020-11-11 14:44:15'),
(2712, 'Si', 52, 86, '2020-11-11 14:44:15', '2020-11-11 14:44:15'),
(2713, 'Si', 51, 86, '2020-11-11 14:44:15', '2020-11-11 14:44:15'),
(2714, 'Sucios', 1, 87, '2020-11-11 14:48:27', '2020-11-11 14:48:27'),
(2715, 'Inadecuado', 2, 87, '2020-11-11 14:48:27', '2020-11-11 14:48:27'),
(2716, 'Inadecuado', 5, 87, '2020-11-11 14:48:27', '2020-11-11 14:48:27'),
(2717, 'Inadecuado', 6, 87, '2020-11-11 14:48:27', '2020-11-11 14:48:27'),
(2718, 'Inadecuado', 3, 87, '2020-11-11 14:48:27', '2020-11-11 14:48:27'),
(2719, 'Inadecuado', 4, 87, '2020-11-11 14:48:27', '2020-11-11 14:48:27'),
(2720, 'Si', 7, 87, '2020-11-11 14:48:28', '2020-11-11 14:48:28'),
(2721, 'Si', 8, 87, '2020-11-11 14:48:28', '2020-11-11 14:48:28'),
(2722, 'Lo llevan al rezandero', 53, 87, '2020-11-11 14:48:28', '2020-11-11 14:48:28'),
(2723, 'Casi nunca 1 o 2 das', 9, 87, '2020-11-11 14:48:28', '2020-11-11 14:48:28'),
(2724, 'Tos', 54, 87, '2020-11-11 14:48:28', '2020-11-11 14:48:28'),
(2725, 'Casi nunca 1 o 2 das', 10, 87, '2020-11-11 14:48:28', '2020-11-11 14:48:28'),
(2726, 'Casi nunca 1 o 2 das', 11, 87, '2020-11-11 14:48:29', '2020-11-11 14:48:29'),
(2727, 'Casi nunca 1 o 2 das', 12, 87, '2020-11-11 14:48:29', '2020-11-11 14:48:29'),
(2728, 'Si', 15, 87, '2020-11-11 14:48:29', '2020-11-11 14:48:29'),
(2729, 'Si', 16, 87, '2020-11-11 14:48:29', '2020-11-11 14:48:29'),
(2730, 'Si', 14, 87, '2020-11-11 14:48:29', '2020-11-11 14:48:29'),
(2731, 'Casi nunca 1 o 2 das', 13, 87, '2020-11-11 14:48:29', '2020-11-11 14:48:29'),
(2732, 'Si', 17, 87, '2020-11-11 14:48:29', '2020-11-11 14:48:29'),
(2733, '6 veces', 18, 87, '2020-11-11 14:48:29', '2020-11-11 14:48:29'),
(2734, 'Sobrepeso grado II (Riesgo)', 58, 87, '2020-11-11 14:48:29', '2020-11-11 14:48:29'),
(2735, 'Si', 19, 87, '2020-11-11 14:48:29', '2020-11-11 14:48:29'),
(2736, 'Si', 20, 87, '2020-11-11 14:48:29', '2020-11-11 14:48:29'),
(2737, 'Si', 22, 87, '2020-11-11 14:48:29', '2020-11-11 14:48:29'),
(2738, 'Si', 21, 87, '2020-11-11 14:48:29', '2020-11-11 14:48:29'),
(2739, 'Si', 23, 87, '2020-11-11 14:48:29', '2020-11-11 14:48:29'),
(2740, 'Si', 24, 87, '2020-11-11 14:48:30', '2020-11-11 14:48:30'),
(2741, '8 Horas', 25, 87, '2020-11-11 14:48:30', '2020-11-11 14:48:30'),
(2742, 'Manualidades', 26, 87, '2020-11-11 14:48:30', '2020-11-11 14:48:30'),
(2743, 'Televisin', 26, 87, '2020-11-11 14:48:30', '2020-11-11 14:48:30'),
(2744, 'Leer', 26, 87, '2020-11-11 14:48:30', '2020-11-11 14:48:30'),
(2745, 'Escuchar msica', 26, 87, '2020-11-11 14:48:30', '2020-11-11 14:48:30'),
(2746, 'Jugar', 26, 87, '2020-11-11 14:48:30', '2020-11-11 14:48:30'),
(2747, 'Patinaje', 26, 87, '2020-11-11 14:48:30', '2020-11-11 14:48:30'),
(2748, 'Estudiar', 26, 87, '2020-11-11 14:48:30', '2020-11-11 14:48:30'),
(2749, 'Baloncesto', 26, 87, '2020-11-11 14:48:30', '2020-11-11 14:48:30'),
(2750, 'Ftbol', 26, 87, '2020-11-11 14:48:30', '2020-11-11 14:48:30'),
(2751, 'Celular', 26, 87, '2020-11-11 14:48:30', '2020-11-11 14:48:30'),
(2752, 'Bailar', 26, 87, '2020-11-11 14:48:30', '2020-11-11 14:48:30'),
(2753, 'Pintar', 26, 87, '2020-11-11 14:48:30', '2020-11-11 14:48:30'),
(2754, 'Dibujar', 26, 87, '2020-11-11 14:48:30', '2020-11-11 14:48:30'),
(2755, 'Si', 27, 87, '2020-11-11 14:48:30', '2020-11-11 14:48:30'),
(2756, 'Si', 28, 87, '2020-11-11 14:48:30', '2020-11-11 14:48:30'),
(2757, 'Si', 29, 87, '2020-11-11 14:48:30', '2020-11-11 14:48:30'),
(2758, 'Si', 30, 87, '2020-11-11 14:48:31', '2020-11-11 14:48:31'),
(2759, 'Si', 31, 87, '2020-11-11 14:48:31', '2020-11-11 14:48:31'),
(2760, 'soy alegre', 33, 87, '2020-11-11 14:48:31', '2020-11-11 14:48:31'),
(2761, 'Relata expresiones negativas hacia s mismo', 32, 87, '2020-11-11 14:48:31', '2020-11-11 14:48:31'),
(2762, 'amistosoa', 33, 87, '2020-11-11 14:48:31', '2020-11-11 14:48:31'),
(2763, 'me gusta como soy', 33, 87, '2020-11-11 14:48:31', '2020-11-11 14:48:31'),
(2764, 'Si', 34, 87, '2020-11-11 14:48:31', '2020-11-11 14:48:31'),
(2765, 'Ninguna', 33, 87, '2020-11-11 14:48:31', '2020-11-11 14:48:31'),
(2766, 'Otros', 35, 87, '2020-11-11 14:48:31', '2020-11-11 14:48:31'),
(2767, 'Si', 36, 87, '2020-11-11 14:48:31', '2020-11-11 14:48:31'),
(2768, 'amorosoa', 33, 87, '2020-11-11 14:48:31', '2020-11-11 14:48:31'),
(2769, 'feliz', 33, 87, '2020-11-11 14:48:31', '2020-11-11 14:48:31'),
(2770, 'No los dejan salir o jugar', 37, 87, '2020-11-11 14:48:31', '2020-11-11 14:48:31'),
(2771, 'Solo lo regaan', 37, 87, '2020-11-11 14:48:31', '2020-11-11 14:48:31'),
(2772, 'Lo reprenden con golpes', 37, 87, '2020-11-11 14:48:31', '2020-11-11 14:48:31'),
(2773, 'Lo ponen a hacer aseo', 37, 87, '2020-11-11 14:48:31', '2020-11-11 14:48:31'),
(2774, 'No lo dejan ver tv o utilizar el celular', 37, 87, '2020-11-11 14:48:31', '2020-11-11 14:48:31'),
(2775, 'Le quita lo que mas les gusta', 37, 87, '2020-11-11 14:48:31', '2020-11-11 14:48:31'),
(2776, 'No aplica', 37, 87, '2020-11-11 14:48:31', '2020-11-11 14:48:31'),
(2777, 'Si', 38, 87, '2020-11-11 14:48:31', '2020-11-11 14:48:31'),
(2778, 'Si', 42, 87, '2020-11-11 14:48:31', '2020-11-11 14:48:31'),
(2779, 'Si', 39, 87, '2020-11-11 14:48:31', '2020-11-11 14:48:31'),
(2780, 'Si', 40, 87, '2020-11-11 14:48:31', '2020-11-11 14:48:31'),
(2781, 'Si', 41, 87, '2020-11-11 14:48:31', '2020-11-11 14:48:31'),
(2782, 'Si', 43, 87, '2020-11-11 14:48:31', '2020-11-11 14:48:31'),
(2783, 'Si', 44, 87, '2020-11-11 14:48:31', '2020-11-11 14:48:31'),
(2784, 'Si', 46, 87, '2020-11-11 14:48:32', '2020-11-11 14:48:32'),
(2785, 'Si', 45, 87, '2020-11-11 14:48:32', '2020-11-11 14:48:32'),
(2786, 'Si', 50, 87, '2020-11-11 14:48:32', '2020-11-11 14:48:32'),
(2787, 'Si', 48, 87, '2020-11-11 14:48:32', '2020-11-11 14:48:32'),
(2788, 'Ninguna', 49, 87, '2020-11-11 14:48:32', '2020-11-11 14:48:32'),
(2789, 'Si', 47, 87, '2020-11-11 14:48:32', '2020-11-11 14:48:32'),
(2790, 'Si', 51, 87, '2020-11-11 14:48:32', '2020-11-11 14:48:32'),
(2791, 'Si', 52, 87, '2020-11-11 14:48:32', '2020-11-11 14:48:32'),
(2792, 'Inadecuado', 4, 88, '2020-11-11 15:00:53', '2020-11-11 15:00:53'),
(2793, 'Inadecuado', 6, 88, '2020-11-11 15:00:53', '2020-11-11 15:00:53'),
(2794, 'Adecuado', 1, 88, '2020-11-11 15:00:53', '2020-11-11 15:00:53'),
(2795, 'Inadecuado', 2, 88, '2020-11-11 15:00:53', '2020-11-11 15:00:53'),
(2796, 'Si', 7, 88, '2020-11-11 15:00:53', '2020-11-11 15:00:53'),
(2797, 'Inadecuado', 5, 88, '2020-11-11 15:00:53', '2020-11-11 15:00:53'),
(2798, 'Casi nunca 1 o 2 das', 9, 88, '2020-11-11 15:00:53', '2020-11-11 15:00:53'),
(2799, 'Lo llevan al rezandero', 53, 88, '2020-11-11 15:00:53', '2020-11-11 15:00:53'),
(2800, 'Todos los das', 11, 88, '2020-11-11 15:00:53', '2020-11-11 15:00:53'),
(2801, 'Si', 8, 88, '2020-11-11 15:00:53', '2020-11-11 15:00:53'),
(2802, 'Cuidador', 54, 88, '2020-11-11 15:00:53', '2020-11-11 15:00:53'),
(2803, 'Adecuado', 3, 88, '2020-11-11 15:00:54', '2020-11-11 15:00:54'),
(2804, 'Casi nunca 1 o 2 das', 13, 88, '2020-11-11 15:00:54', '2020-11-11 15:00:54'),
(2805, 'Casi nunca 1 o 2 das', 10, 88, '2020-11-11 15:00:54', '2020-11-11 15:00:54'),
(2806, 'No', 14, 88, '2020-11-11 15:00:54', '2020-11-11 15:00:54'),
(2807, 'Si', 17, 88, '2020-11-11 15:00:54', '2020-11-11 15:00:54'),
(2808, '6 veces', 18, 88, '2020-11-11 15:00:54', '2020-11-11 15:00:54'),
(2809, 'Casi nunca 1 o 2 das', 12, 88, '2020-11-11 15:00:54', '2020-11-11 15:00:54'),
(2810, 'No', 15, 88, '2020-11-11 15:00:54', '2020-11-11 15:00:54'),
(2811, 'Si', 19, 88, '2020-11-11 15:00:54', '2020-11-11 15:00:54'),
(2812, 'Si', 16, 88, '2020-11-11 15:00:54', '2020-11-11 15:00:54'),
(2813, 'Peso normal', 58, 88, '2020-11-11 15:00:54', '2020-11-11 15:00:54'),
(2814, 'Si', 22, 88, '2020-11-11 15:00:54', '2020-11-11 15:00:54'),
(2815, 'Si', 24, 88, '2020-11-11 15:00:54', '2020-11-11 15:00:54'),
(2816, 'Si', 20, 88, '2020-11-11 15:00:54', '2020-11-11 15:00:54'),
(2817, 'Manualidades', 26, 88, '2020-11-11 15:00:54', '2020-11-11 15:00:54'),
(2818, 'Si', 21, 88, '2020-11-11 15:00:54', '2020-11-11 15:00:54'),
(2819, 'Televisin', 26, 88, '2020-11-11 15:00:54', '2020-11-11 15:00:54'),
(2820, 'Escuchar msica', 26, 88, '2020-11-11 15:00:54', '2020-11-11 15:00:54'),
(2821, 'Si', 23, 88, '2020-11-11 15:00:54', '2020-11-11 15:00:54'),
(2822, 'Baloncesto', 26, 88, '2020-11-11 15:00:54', '2020-11-11 15:00:54'),
(2823, '8 Horas', 25, 88, '2020-11-11 15:00:54', '2020-11-11 15:00:54'),
(2824, 'Jugar', 26, 88, '2020-11-11 15:00:54', '2020-11-11 15:00:54'),
(2825, 'Ftbol', 26, 88, '2020-11-11 15:00:54', '2020-11-11 15:00:54'),
(2826, 'Leer', 26, 88, '2020-11-11 15:00:54', '2020-11-11 15:00:54'),
(2827, 'Patinaje', 26, 88, '2020-11-11 15:00:54', '2020-11-11 15:00:54'),
(2828, 'Bailar', 26, 88, '2020-11-11 15:00:54', '2020-11-11 15:00:54'),
(2829, 'Pintar', 26, 88, '2020-11-11 15:00:54', '2020-11-11 15:00:54'),
(2830, 'Estudiar', 26, 88, '2020-11-11 15:00:54', '2020-11-11 15:00:54'),
(2831, 'Celular', 26, 88, '2020-11-11 15:00:54', '2020-11-11 15:00:54'),
(2832, 'Si', 28, 88, '2020-11-11 15:00:54', '2020-11-11 15:00:54'),
(2833, 'Si', 29, 88, '2020-11-11 15:00:54', '2020-11-11 15:00:54'),
(2834, 'Relata expresiones negativas hacia s mismo', 32, 88, '2020-11-11 15:00:55', '2020-11-11 15:00:55'),
(2835, 'Si', 27, 88, '2020-11-11 15:00:55', '2020-11-11 15:00:55'),
(2836, 'Dibujar', 26, 88, '2020-11-11 15:00:55', '2020-11-11 15:00:55'),
(2837, 'soy alegre', 33, 88, '2020-11-11 15:00:55', '2020-11-11 15:00:55'),
(2838, 'No', 30, 88, '2020-11-11 15:00:55', '2020-11-11 15:00:55'),
(2839, 'me gusta como soy', 33, 88, '2020-11-11 15:00:55', '2020-11-11 15:00:55'),
(2840, 'amorosoa', 33, 88, '2020-11-11 15:00:55', '2020-11-11 15:00:55'),
(2841, 'No', 31, 88, '2020-11-11 15:00:55', '2020-11-11 15:00:55'),
(2842, 'Si', 34, 88, '2020-11-11 15:00:55', '2020-11-11 15:00:55'),
(2843, 'Otros', 35, 88, '2020-11-11 15:00:55', '2020-11-11 15:00:55'),
(2844, 'amistosoa', 33, 88, '2020-11-11 15:00:55', '2020-11-11 15:00:55'),
(2845, 'feliz', 33, 88, '2020-11-11 15:00:55', '2020-11-11 15:00:55'),
(2846, 'No los dejan salir o jugar', 37, 88, '2020-11-11 15:00:55', '2020-11-11 15:00:55'),
(2847, 'Ninguna', 33, 88, '2020-11-11 15:00:55', '2020-11-11 15:00:55'),
(2848, 'Si', 36, 88, '2020-11-11 15:00:55', '2020-11-11 15:00:55'),
(2849, 'Le quita lo que mas les gusta', 37, 88, '2020-11-11 15:00:55', '2020-11-11 15:00:55'),
(2850, 'No aplica', 37, 88, '2020-11-11 15:00:55', '2020-11-11 15:00:55'),
(2851, 'Lo reprenden con golpes', 37, 88, '2020-11-11 15:00:55', '2020-11-11 15:00:55'),
(2852, 'Solo lo regaan', 37, 88, '2020-11-11 15:00:55', '2020-11-11 15:00:55'),
(2853, 'No lo dejan ver tv o utilizar el celular', 37, 88, '2020-11-11 15:00:55', '2020-11-11 15:00:55'),
(2854, 'Lo ponen a hacer aseo', 37, 88, '2020-11-11 15:00:56', '2020-11-11 15:00:56'),
(2855, 'Si', 38, 88, '2020-11-11 15:00:56', '2020-11-11 15:00:56'),
(2856, 'Si', 43, 88, '2020-11-11 15:00:56', '2020-11-11 15:00:56'),
(2857, 'Si', 39, 88, '2020-11-11 15:00:56', '2020-11-11 15:00:56'),
(2858, 'Si', 40, 88, '2020-11-11 15:00:56', '2020-11-11 15:00:56'),
(2859, 'Si', 42, 88, '2020-11-11 15:00:56', '2020-11-11 15:00:56'),
(2860, 'Si', 41, 88, '2020-11-11 15:00:56', '2020-11-11 15:00:56'),
(2861, 'Sucios', 1, 89, '2020-11-11 15:02:02', '2020-11-11 15:02:02'),
(2862, 'Inadecuado', 3, 89, '2020-11-11 15:02:02', '2020-11-11 15:02:02'),
(2863, 'Inadecuado', 4, 89, '2020-11-11 15:02:02', '2020-11-11 15:02:02'),
(2864, 'Si', 7, 89, '2020-11-11 15:02:02', '2020-11-11 15:02:02'),
(2865, 'Inadecuado', 6, 89, '2020-11-11 15:02:02', '2020-11-11 15:02:02'),
(2866, 'Inadecuado', 2, 89, '2020-11-11 15:02:02', '2020-11-11 15:02:02'),
(2867, 'Inadecuado', 5, 89, '2020-11-11 15:02:02', '2020-11-11 15:02:02'),
(2868, 'Si', 8, 89, '2020-11-11 15:02:02', '2020-11-11 15:02:02'),
(2869, 'Lo llevan al rezandero', 53, 89, '2020-11-11 15:02:02', '2020-11-11 15:02:02'),
(2870, 'Tos', 54, 89, '2020-11-11 15:02:02', '2020-11-11 15:02:02'),
(2871, 'Si', 14, 89, '2020-11-11 15:02:03', '2020-11-11 15:02:03'),
(2872, 'Casi nunca 1 o 2 das', 12, 89, '2020-11-11 15:02:03', '2020-11-11 15:02:03'),
(2873, 'Casi nunca 1 o 2 das', 9, 89, '2020-11-11 15:02:03', '2020-11-11 15:02:03'),
(2874, 'Casi nunca 1 o 2 das', 11, 89, '2020-11-11 15:02:03', '2020-11-11 15:02:03'),
(2875, 'Casi nunca 1 o 2 das', 13, 89, '2020-11-11 15:02:03', '2020-11-11 15:02:03'),
(2876, 'Casi nunca 1 o 2 das', 10, 89, '2020-11-11 15:02:03', '2020-11-11 15:02:03'),
(2877, 'Si', 15, 89, '2020-11-11 15:02:03', '2020-11-11 15:02:03'),
(2878, 'Si', 17, 89, '2020-11-11 15:02:03', '2020-11-11 15:02:03'),
(2879, 'Sobrepeso grado I (Riesgo)', 58, 89, '2020-11-11 15:02:03', '2020-11-11 15:02:03'),
(2880, 'Si', 19, 89, '2020-11-11 15:02:03', '2020-11-11 15:02:03'),
(2881, 'Si', 20, 89, '2020-11-11 15:02:03', '2020-11-11 15:02:03'),
(2882, 'Si', 16, 89, '2020-11-11 15:02:03', '2020-11-11 15:02:03'),
(2883, '6 veces', 18, 89, '2020-11-11 15:02:03', '2020-11-11 15:02:03'),
(2884, 'Si', 22, 89, '2020-11-11 15:02:03', '2020-11-11 15:02:03'),
(2885, 'Si', 21, 89, '2020-11-11 15:02:03', '2020-11-11 15:02:03'),
(2886, 'Si', 23, 89, '2020-11-11 15:02:03', '2020-11-11 15:02:03'),
(2887, 'Televisin', 26, 89, '2020-11-11 15:02:03', '2020-11-11 15:02:03'),
(2888, 'Leer', 26, 89, '2020-11-11 15:02:03', '2020-11-11 15:02:03'),
(2889, 'Manualidades', 26, 89, '2020-11-11 15:02:03', '2020-11-11 15:02:03'),
(2890, '8 Horas', 25, 89, '2020-11-11 15:02:03', '2020-11-11 15:02:03'),
(2891, 'Si', 24, 89, '2020-11-11 15:02:03', '2020-11-11 15:02:03'),
(2892, 'Escuchar msica', 26, 89, '2020-11-11 15:02:04', '2020-11-11 15:02:04'),
(2893, 'Baloncesto', 26, 89, '2020-11-11 15:02:04', '2020-11-11 15:02:04'),
(2894, 'Estudiar', 26, 89, '2020-11-11 15:02:04', '2020-11-11 15:02:04'),
(2895, 'Patinaje', 26, 89, '2020-11-11 15:02:04', '2020-11-11 15:02:04'),
(2896, 'Pintar', 26, 89, '2020-11-11 15:02:04', '2020-11-11 15:02:04'),
(2897, 'Bailar', 26, 89, '2020-11-11 15:02:04', '2020-11-11 15:02:04'),
(2898, 'Celular', 26, 89, '2020-11-11 15:02:04', '2020-11-11 15:02:04'),
(2899, 'Jugar', 26, 89, '2020-11-11 15:02:04', '2020-11-11 15:02:04'),
(2900, 'Ftbol', 26, 89, '2020-11-11 15:02:04', '2020-11-11 15:02:04'),
(2901, 'Si', 29, 89, '2020-11-11 15:02:04', '2020-11-11 15:02:04'),
(2902, 'Si', 28, 89, '2020-11-11 15:02:04', '2020-11-11 15:02:04'),
(2903, 'Si', 27, 89, '2020-11-11 15:02:04', '2020-11-11 15:02:04'),
(2904, 'Dibujar', 26, 89, '2020-11-11 15:02:04', '2020-11-11 15:02:04'),
(2905, 'Si', 30, 89, '2020-11-11 15:02:04', '2020-11-11 15:02:04'),
(2906, 'Relata expresiones negativas hacia s mismo', 32, 89, '2020-11-11 15:02:04', '2020-11-11 15:02:04'),
(2907, 'soy alegre', 33, 89, '2020-11-11 15:02:04', '2020-11-11 15:02:04'),
(2908, 'me gusta como soy', 33, 89, '2020-11-11 15:02:04', '2020-11-11 15:02:04'),
(2909, 'amorosoa', 33, 89, '2020-11-11 15:02:04', '2020-11-11 15:02:04'),
(2910, 'amistosoa', 33, 89, '2020-11-11 15:02:04', '2020-11-11 15:02:04'),
(2911, 'Si', 31, 89, '2020-11-11 15:02:04', '2020-11-11 15:02:04'),
(2912, 'feliz', 33, 89, '2020-11-11 15:02:04', '2020-11-11 15:02:04'),
(2913, 'Ninguna', 33, 89, '2020-11-11 15:02:04', '2020-11-11 15:02:04'),
(2914, 'Si', 34, 89, '2020-11-11 15:02:04', '2020-11-11 15:02:04'),
(2915, 'Si', 36, 89, '2020-11-11 15:02:04', '2020-11-11 15:02:04'),
(2916, 'No los dejan salir o jugar', 37, 89, '2020-11-11 15:02:04', '2020-11-11 15:02:04'),
(2917, 'Solo lo regaan', 37, 89, '2020-11-11 15:02:04', '2020-11-11 15:02:04'),
(2918, 'Otros', 35, 89, '2020-11-11 15:02:04', '2020-11-11 15:02:04'),
(2919, 'Lo reprenden con golpes', 37, 89, '2020-11-11 15:02:05', '2020-11-11 15:02:05'),
(2920, 'Le quita lo que mas les gusta', 37, 89, '2020-11-11 15:02:05', '2020-11-11 15:02:05'),
(2921, 'No lo dejan ver tv o utilizar el celular', 37, 89, '2020-11-11 15:02:05', '2020-11-11 15:02:05'),
(2922, 'Si', 40, 89, '2020-11-11 15:02:05', '2020-11-11 15:02:05'),
(2923, 'Si', 39, 89, '2020-11-11 15:02:05', '2020-11-11 15:02:05'),
(2924, 'Si', 38, 89, '2020-11-11 15:02:05', '2020-11-11 15:02:05'),
(2925, 'No aplica', 37, 89, '2020-11-11 15:02:05', '2020-11-11 15:02:05'),
(2926, 'Lo ponen a hacer aseo', 37, 89, '2020-11-11 15:02:05', '2020-11-11 15:02:05'),
(2927, 'Si', 41, 89, '2020-11-11 15:02:05', '2020-11-11 15:02:05'),
(2928, 'Si', 43, 89, '2020-11-11 15:02:05', '2020-11-11 15:02:05'),
(2929, 'Si', 42, 89, '2020-11-11 15:02:05', '2020-11-11 15:02:05'),
(2930, 'Si', 47, 89, '2020-11-11 15:02:05', '2020-11-11 15:02:05'),
(2931, 'Si', 46, 89, '2020-11-11 15:02:05', '2020-11-11 15:02:05'),
(2932, 'Si', 48, 89, '2020-11-11 15:02:05', '2020-11-11 15:02:05'),
(2933, 'Si', 44, 89, '2020-11-11 15:02:05', '2020-11-11 15:02:05'),
(2934, 'Si', 45, 89, '2020-11-11 15:02:05', '2020-11-11 15:02:05'),
(2935, 'Si', 50, 89, '2020-11-11 15:02:05', '2020-11-11 15:02:05'),
(2936, 'Si', 51, 89, '2020-11-11 15:02:05', '2020-11-11 15:02:05'),
(2937, 'Ninguna', 49, 89, '2020-11-11 15:02:05', '2020-11-11 15:02:05'),
(2938, 'Si', 52, 89, '2020-11-11 15:02:06', '2020-11-11 15:02:06'),
(2939, 'Adecuado', 4, 90, '2020-11-11 15:11:29', '2020-11-11 15:11:29'),
(2940, 'Inadecuado', 6, 90, '2020-11-11 15:11:29', '2020-11-11 15:11:29'),
(2941, 'Adecuado', 3, 90, '2020-11-11 15:11:29', '2020-11-11 15:11:29'),
(2942, 'Inadecuado', 5, 90, '2020-11-11 15:11:29', '2020-11-11 15:11:29'),
(2943, 'Inadecuado', 2, 90, '2020-11-11 15:11:29', '2020-11-11 15:11:29'),
(2944, 'Inadecuado', 1, 90, '2020-11-11 15:11:29', '2020-11-11 15:11:29'),
(2945, 'Si', 7, 90, '2020-11-11 15:11:29', '2020-11-11 15:11:29'),
(2946, 'Si', 8, 90, '2020-11-11 15:11:30', '2020-11-11 15:11:30'),
(2947, 'Mam', 54, 90, '2020-11-11 15:11:30', '2020-11-11 15:11:30'),
(2948, 'Lo llevan al rezandero', 53, 90, '2020-11-11 15:11:30', '2020-11-11 15:11:30'),
(2949, 'Casi nunca 1 o 2 das', 9, 90, '2020-11-11 15:11:31', '2020-11-11 15:11:31'),
(2950, 'Si', 14, 90, '2020-11-11 15:11:31', '2020-11-11 15:11:31'),
(2951, 'Casi nunca 1 o 2 das', 10, 90, '2020-11-11 15:11:31', '2020-11-11 15:11:31'),
(2952, 'Casi nunca 1 o 2 das', 11, 90, '2020-11-11 15:11:31', '2020-11-11 15:11:31'),
(2953, 'Algunos das menos de 6 das', 12, 90, '2020-11-11 15:11:31', '2020-11-11 15:11:31'),
(2954, 'Todos los das', 13, 90, '2020-11-11 15:11:31', '2020-11-11 15:11:31'),
(2955, 'Si', 15, 90, '2020-11-11 15:11:31', '2020-11-11 15:11:31'),
(2956, 'Si', 16, 90, '2020-11-11 15:11:31', '2020-11-11 15:11:31'),
(2957, 'Si', 17, 90, '2020-11-11 15:11:31', '2020-11-11 15:11:31'),
(2958, '6 veces', 18, 90, '2020-11-11 15:11:31', '2020-11-11 15:11:31'),
(2959, 'Peso normal', 58, 90, '2020-11-11 15:11:31', '2020-11-11 15:11:31'),
(2960, 'Si', 21, 90, '2020-11-11 15:11:32', '2020-11-11 15:11:32'),
(2961, 'Si', 19, 90, '2020-11-11 15:11:32', '2020-11-11 15:11:32'),
(2962, 'Si', 20, 90, '2020-11-11 15:11:32', '2020-11-11 15:11:32'),
(2963, 'Si', 23, 90, '2020-11-11 15:11:32', '2020-11-11 15:11:32'),
(2964, 'Si', 22, 90, '2020-11-11 15:11:32', '2020-11-11 15:11:32'),
(2965, 'Si', 24, 90, '2020-11-11 15:11:32', '2020-11-11 15:11:32'),
(2966, 'Televisin', 26, 90, '2020-11-11 15:11:33', '2020-11-11 15:11:33'),
(2967, '6 Horas', 25, 90, '2020-11-11 15:11:33', '2020-11-11 15:11:33'),
(2968, 'Patinaje', 26, 90, '2020-11-11 15:11:33', '2020-11-11 15:11:33'),
(2969, 'Escuchar msica', 26, 90, '2020-11-11 15:11:33', '2020-11-11 15:11:33'),
(2970, 'Manualidades', 26, 90, '2020-11-11 15:11:33', '2020-11-11 15:11:33'),
(2971, 'Leer', 26, 90, '2020-11-11 15:11:33', '2020-11-11 15:11:33'),
(2972, 'Baloncesto', 26, 90, '2020-11-11 15:11:33', '2020-11-11 15:11:33'),
(2973, 'Estudiar', 26, 90, '2020-11-11 15:11:34', '2020-11-11 15:11:34'),
(2974, 'Ftbol', 26, 90, '2020-11-11 15:11:34', '2020-11-11 15:11:34'),
(2975, 'Bailar', 26, 90, '2020-11-11 15:11:34', '2020-11-11 15:11:34'),
(2976, 'Celular', 26, 90, '2020-11-11 15:11:34', '2020-11-11 15:11:34'),
(2977, 'Jugar', 26, 90, '2020-11-11 15:11:34', '2020-11-11 15:11:34'),
(2978, 'Pintar', 26, 90, '2020-11-11 15:11:34', '2020-11-11 15:11:34'),
(2979, 'Si', 27, 90, '2020-11-11 15:11:34', '2020-11-11 15:11:34'),
(2980, 'Si', 28, 90, '2020-11-11 15:11:34', '2020-11-11 15:11:34'),
(2981, 'Si', 29, 90, '2020-11-11 15:11:34', '2020-11-11 15:11:34'),
(2982, 'Dibujar', 26, 90, '2020-11-11 15:11:34', '2020-11-11 15:11:34'),
(2983, 'Si', 30, 90, '2020-11-11 15:11:34', '2020-11-11 15:11:34'),
(2984, 'Si', 31, 90, '2020-11-11 15:11:35', '2020-11-11 15:11:35'),
(2985, 'amistosoa', 33, 90, '2020-11-11 15:11:35', '2020-11-11 15:11:35'),
(2986, 'Relata expresiones negativas hacia s mismo', 32, 90, '2020-11-11 15:11:35', '2020-11-11 15:11:35'),
(2987, 'me gusta como soy', 33, 90, '2020-11-11 15:11:35', '2020-11-11 15:11:35'),
(2988, 'soy alegre', 33, 90, '2020-11-11 15:11:35', '2020-11-11 15:11:35'),
(2989, 'Si', 34, 90, '2020-11-11 15:11:35', '2020-11-11 15:11:35'),
(2990, 'Otros', 35, 90, '2020-11-11 15:11:35', '2020-11-11 15:11:35'),
(2991, 'feliz', 33, 90, '2020-11-11 15:11:35', '2020-11-11 15:11:35'),
(2992, 'amorosoa', 33, 90, '2020-11-11 15:11:35', '2020-11-11 15:11:35'),
(2993, 'Ninguna', 33, 90, '2020-11-11 15:11:35', '2020-11-11 15:11:35'),
(2994, 'Si', 36, 90, '2020-11-11 15:11:35', '2020-11-11 15:11:35'),
(2995, 'No los dejan salir o jugar', 37, 90, '2020-11-11 15:11:35', '2020-11-11 15:11:35'),
(2996, 'Lo reprenden con golpes', 37, 90, '2020-11-11 15:11:35', '2020-11-11 15:11:35'),
(2997, 'Solo lo regaan', 37, 90, '2020-11-11 15:11:35', '2020-11-11 15:11:35'),
(2998, 'Le quita lo que mas les gusta', 37, 90, '2020-11-11 15:11:36', '2020-11-11 15:11:36'),
(2999, 'No lo dejan ver tv o utilizar el celular', 37, 90, '2020-11-11 15:11:36', '2020-11-11 15:11:36'),
(3000, 'No aplica', 37, 90, '2020-11-11 15:11:36', '2020-11-11 15:11:36'),
(3001, 'Lo ponen a hacer aseo', 37, 90, '2020-11-11 15:11:36', '2020-11-11 15:11:36'),
(3002, 'Si', 42, 90, '2020-11-11 15:11:36', '2020-11-11 15:11:36'),
(3003, 'Si', 43, 90, '2020-11-11 15:11:36', '2020-11-11 15:11:36'),
(3004, 'Si', 38, 90, '2020-11-11 15:11:36', '2020-11-11 15:11:36'),
(3005, 'Si', 41, 90, '2020-11-11 15:11:36', '2020-11-11 15:11:36'),
(3006, 'Si', 40, 90, '2020-11-11 15:11:36', '2020-11-11 15:11:36'),
(3007, 'Si', 39, 90, '2020-11-11 15:11:36', '2020-11-11 15:11:36'),
(3008, 'Si', 47, 90, '2020-11-11 15:11:37', '2020-11-11 15:11:37'),
(3009, 'Si', 48, 90, '2020-11-11 15:11:37', '2020-11-11 15:11:37'),
(3010, 'Si', 44, 90, '2020-11-11 15:11:37', '2020-11-11 15:11:37'),
(3011, 'Si', 45, 90, '2020-11-11 15:11:37', '2020-11-11 15:11:37'),
(3012, 'Ninguna', 49, 90, '2020-11-11 15:11:37', '2020-11-11 15:11:37'),
(3013, 'Si', 46, 90, '2020-11-11 15:11:37', '2020-11-11 15:11:37'),
(3014, 'Si', 50, 90, '2020-11-11 15:11:38', '2020-11-11 15:11:38'),
(3015, 'Si', 51, 90, '2020-11-11 15:11:38', '2020-11-11 15:11:38'),
(3016, 'Si', 52, 90, '2020-11-11 15:11:38', '2020-11-11 15:11:38'),
(3017, 'Sucios', 1, 91, '2020-11-11 15:23:09', '2020-11-11 15:23:09'),
(3018, 'Inadecuado', 2, 91, '2020-11-11 15:23:09', '2020-11-11 15:23:09'),
(3019, 'Inadecuado', 5, 91, '2020-11-11 15:23:10', '2020-11-11 15:23:10'),
(3020, 'Inadecuado', 6, 91, '2020-11-11 15:23:10', '2020-11-11 15:23:10'),
(3021, 'Inadecuado', 4, 91, '2020-11-11 15:23:10', '2020-11-11 15:23:10'),
(3022, 'Inadecuado', 3, 91, '2020-11-11 15:23:10', '2020-11-11 15:23:10'),
(3023, 'Si', 7, 91, '2020-11-11 15:23:10', '2020-11-11 15:23:10');
INSERT INTO `respuestas` (`id`, `respuestas`, `id_preguntas`, `id_formulario_ficha_salud`, `created_at`, `updated_at`) VALUES
(3024, 'Si', 8, 91, '2020-11-11 15:23:10', '2020-11-11 15:23:10'),
(3025, 'Casi nunca 1 o 2 das', 10, 91, '2020-11-11 15:23:21', '2020-11-11 15:23:21'),
(3026, 'Lo llevan al rezandero', 53, 91, '2020-11-11 15:23:21', '2020-11-11 15:23:21'),
(3027, 'Casi nunca 1 o 2 das', 11, 91, '2020-11-11 15:23:21', '2020-11-11 15:23:21'),
(3028, 'Tos', 54, 91, '2020-11-11 15:23:21', '2020-11-11 15:23:21'),
(3029, 'Casi nunca 1 o 2 das', 12, 91, '2020-11-11 15:23:21', '2020-11-11 15:23:21'),
(3030, 'Casi nunca 1 o 2 das', 9, 91, '2020-11-11 15:23:21', '2020-11-11 15:23:21'),
(3031, 'Casi nunca 1 o 2 das', 13, 91, '2020-11-11 15:23:21', '2020-11-11 15:23:21'),
(3032, 'Si', 15, 91, '2020-11-11 15:23:21', '2020-11-11 15:23:21'),
(3033, '6 veces', 18, 91, '2020-11-11 15:23:21', '2020-11-11 15:23:21'),
(3034, 'Si', 16, 91, '2020-11-11 15:23:21', '2020-11-11 15:23:21'),
(3035, 'Si', 17, 91, '2020-11-11 15:23:21', '2020-11-11 15:23:21'),
(3036, 'Si', 14, 91, '2020-11-11 15:23:22', '2020-11-11 15:23:22'),
(3037, 'Si', 20, 91, '2020-11-11 15:23:28', '2020-11-11 15:23:28'),
(3038, 'Si', 21, 91, '2020-11-11 15:23:28', '2020-11-11 15:23:28'),
(3039, 'Si', 19, 91, '2020-11-11 15:23:28', '2020-11-11 15:23:28'),
(3040, 'Peso normal', 58, 91, '2020-11-11 15:23:28', '2020-11-11 15:23:28'),
(3041, 'Si', 24, 91, '2020-11-11 15:23:28', '2020-11-11 15:23:28'),
(3042, '8 Horas', 25, 91, '2020-11-11 15:23:28', '2020-11-11 15:23:28'),
(3043, 'Si', 23, 91, '2020-11-11 15:23:28', '2020-11-11 15:23:28'),
(3044, 'Si', 22, 91, '2020-11-11 15:23:28', '2020-11-11 15:23:28'),
(3045, 'Manualidades', 26, 91, '2020-11-11 15:23:28', '2020-11-11 15:23:28'),
(3046, 'Leer', 26, 91, '2020-11-11 15:23:28', '2020-11-11 15:23:28'),
(3047, 'Patinaje', 26, 91, '2020-11-11 15:23:28', '2020-11-11 15:23:28'),
(3048, 'Baloncesto', 26, 91, '2020-11-11 15:23:28', '2020-11-11 15:23:28'),
(3049, 'Televisin', 26, 91, '2020-11-11 15:23:28', '2020-11-11 15:23:28'),
(3050, 'Escuchar msica', 26, 91, '2020-11-11 15:23:28', '2020-11-11 15:23:28'),
(3051, 'Estudiar', 26, 91, '2020-11-11 15:23:29', '2020-11-11 15:23:29'),
(3052, 'Celular', 26, 91, '2020-11-11 15:23:29', '2020-11-11 15:23:29'),
(3053, 'Ftbol', 26, 91, '2020-11-11 15:23:29', '2020-11-11 15:23:29'),
(3054, 'Bailar', 26, 91, '2020-11-11 15:23:29', '2020-11-11 15:23:29'),
(3055, 'Jugar', 26, 91, '2020-11-11 15:23:29', '2020-11-11 15:23:29'),
(3056, 'Pintar', 26, 91, '2020-11-11 15:23:29', '2020-11-11 15:23:29'),
(3057, 'Dibujar', 26, 91, '2020-11-11 15:23:29', '2020-11-11 15:23:29'),
(3058, 'Si', 27, 91, '2020-11-11 15:23:29', '2020-11-11 15:23:29'),
(3059, 'Si', 28, 91, '2020-11-11 15:23:29', '2020-11-11 15:23:29'),
(3060, 'Si', 29, 91, '2020-11-11 15:23:29', '2020-11-11 15:23:29'),
(3061, 'Si', 30, 91, '2020-11-11 15:23:29', '2020-11-11 15:23:29'),
(3062, 'Si', 31, 91, '2020-11-11 15:23:29', '2020-11-11 15:23:29'),
(3063, 'Relata expresiones negativas hacia s mismo', 32, 91, '2020-11-11 15:23:29', '2020-11-11 15:23:29'),
(3064, 'amistosoa', 33, 91, '2020-11-11 15:23:29', '2020-11-11 15:23:29'),
(3065, 'soy alegre', 33, 91, '2020-11-11 15:23:29', '2020-11-11 15:23:29'),
(3066, 'amorosoa', 33, 91, '2020-11-11 15:23:29', '2020-11-11 15:23:29'),
(3067, 'me gusta como soy', 33, 91, '2020-11-11 15:23:29', '2020-11-11 15:23:29'),
(3068, 'feliz', 33, 91, '2020-11-11 15:23:29', '2020-11-11 15:23:29'),
(3069, 'Ninguna', 33, 91, '2020-11-11 15:23:29', '2020-11-11 15:23:29'),
(3070, 'Si', 34, 91, '2020-11-11 15:23:29', '2020-11-11 15:23:29'),
(3071, 'Si', 36, 91, '2020-11-11 15:23:29', '2020-11-11 15:23:29'),
(3072, 'Otros', 35, 91, '2020-11-11 15:23:29', '2020-11-11 15:23:29'),
(3073, 'No los dejan salir o jugar', 37, 91, '2020-11-11 15:23:29', '2020-11-11 15:23:29'),
(3074, 'Solo lo regaan', 37, 91, '2020-11-11 15:23:29', '2020-11-11 15:23:29'),
(3075, 'Lo reprenden con golpes', 37, 91, '2020-11-11 15:23:29', '2020-11-11 15:23:29'),
(3076, 'Le quita lo que mas les gusta', 37, 91, '2020-11-11 15:23:30', '2020-11-11 15:23:30'),
(3077, 'No lo dejan ver tv o utilizar el celular', 37, 91, '2020-11-11 15:23:30', '2020-11-11 15:23:30'),
(3078, 'No aplica', 37, 91, '2020-11-11 15:23:30', '2020-11-11 15:23:30'),
(3079, 'Lo ponen a hacer aseo', 37, 91, '2020-11-11 15:23:30', '2020-11-11 15:23:30'),
(3080, 'Si', 38, 91, '2020-11-11 15:23:30', '2020-11-11 15:23:30'),
(3081, 'Si', 39, 91, '2020-11-11 15:23:30', '2020-11-11 15:23:30'),
(3082, 'Si', 42, 91, '2020-11-11 15:23:30', '2020-11-11 15:23:30'),
(3083, 'Si', 40, 91, '2020-11-11 15:23:30', '2020-11-11 15:23:30'),
(3084, 'Si', 43, 91, '2020-11-11 15:23:30', '2020-11-11 15:23:30'),
(3085, 'Si', 44, 91, '2020-11-11 15:23:30', '2020-11-11 15:23:30'),
(3086, 'Si', 41, 91, '2020-11-11 15:23:30', '2020-11-11 15:23:30'),
(3087, 'Si', 45, 91, '2020-11-11 15:23:30', '2020-11-11 15:23:30'),
(3088, 'Si', 46, 91, '2020-11-11 15:23:30', '2020-11-11 15:23:30'),
(3089, 'Si', 47, 91, '2020-11-11 15:23:30', '2020-11-11 15:23:30'),
(3090, 'Si', 51, 91, '2020-11-11 15:23:30', '2020-11-11 15:23:30'),
(3091, 'Ninguna', 49, 91, '2020-11-11 15:23:30', '2020-11-11 15:23:30'),
(3092, 'Si', 50, 91, '2020-11-11 15:23:30', '2020-11-11 15:23:30'),
(3093, 'Si', 48, 91, '2020-11-11 15:23:30', '2020-11-11 15:23:30'),
(3094, 'Si', 52, 91, '2020-11-11 15:23:30', '2020-11-11 15:23:30'),
(3095, 'Inadecuado', 1, 92, '2020-11-11 15:48:13', '2020-11-11 15:48:13'),
(3096, 'Inadecuado', 2, 92, '2020-11-11 15:48:13', '2020-11-11 15:48:13'),
(3097, 'Adecuado', 5, 92, '2020-11-11 15:48:13', '2020-11-11 15:48:13'),
(3098, 'Si', 7, 92, '2020-11-11 15:48:13', '2020-11-11 15:48:13'),
(3099, 'Inadecuado', 6, 92, '2020-11-11 15:48:13', '2020-11-11 15:48:13'),
(3100, 'Adecuado', 3, 92, '2020-11-11 15:48:13', '2020-11-11 15:48:13'),
(3101, 'Inadecuado', 4, 92, '2020-11-11 15:48:13', '2020-11-11 15:48:13'),
(3102, 'No', 8, 92, '2020-11-11 15:48:13', '2020-11-11 15:48:13'),
(3103, 'Acuden al mdico', 53, 92, '2020-11-11 15:48:14', '2020-11-11 15:48:14'),
(3104, 'Todos los das', 9, 92, '2020-11-11 15:48:14', '2020-11-11 15:48:14'),
(3105, 'Todos los das', 10, 92, '2020-11-11 15:48:14', '2020-11-11 15:48:14'),
(3106, 'Pap', 54, 92, '2020-11-11 15:48:14', '2020-11-11 15:48:14'),
(3107, 'Casi nunca 1 o 2 das', 11, 92, '2020-11-11 15:48:14', '2020-11-11 15:48:14'),
(3108, 'Todos los das', 12, 92, '2020-11-11 15:48:14', '2020-11-11 15:48:14'),
(3109, 'Todos los das', 13, 92, '2020-11-11 15:48:14', '2020-11-11 15:48:14'),
(3110, 'Si', 14, 92, '2020-11-11 15:48:14', '2020-11-11 15:48:14'),
(3111, 'Si', 15, 92, '2020-11-11 15:48:14', '2020-11-11 15:48:14'),
(3112, 'Si', 16, 92, '2020-11-11 15:48:14', '2020-11-11 15:48:14'),
(3113, 'Si', 17, 92, '2020-11-11 15:48:14', '2020-11-11 15:48:14'),
(3114, '6 veces', 18, 92, '2020-11-11 15:48:14', '2020-11-11 15:48:14'),
(3115, 'Peso normal', 58, 92, '2020-11-11 15:48:14', '2020-11-11 15:48:14'),
(3116, 'Si', 21, 92, '2020-11-11 15:48:14', '2020-11-11 15:48:14'),
(3117, 'Si', 20, 92, '2020-11-11 15:48:14', '2020-11-11 15:48:14'),
(3118, 'Si', 19, 92, '2020-11-11 15:48:14', '2020-11-11 15:48:14'),
(3119, 'Si', 22, 92, '2020-11-11 15:48:14', '2020-11-11 15:48:14'),
(3120, 'Si', 23, 92, '2020-11-11 15:48:14', '2020-11-11 15:48:14'),
(3121, 'Si', 24, 92, '2020-11-11 15:48:14', '2020-11-11 15:48:14'),
(3122, 'Televisin', 26, 92, '2020-11-11 15:48:14', '2020-11-11 15:48:14'),
(3123, 'Leer', 26, 92, '2020-11-11 15:48:14', '2020-11-11 15:48:14'),
(3124, 'Manualidades', 26, 92, '2020-11-11 15:48:14', '2020-11-11 15:48:14'),
(3125, '8 Horas', 25, 92, '2020-11-11 15:48:14', '2020-11-11 15:48:14'),
(3126, 'Escuchar msica', 26, 92, '2020-11-11 15:48:14', '2020-11-11 15:48:14'),
(3127, 'Patinaje', 26, 92, '2020-11-11 15:48:14', '2020-11-11 15:48:14'),
(3128, 'Estudiar', 26, 92, '2020-11-11 15:48:14', '2020-11-11 15:48:14'),
(3129, 'Baloncesto', 26, 92, '2020-11-11 15:48:14', '2020-11-11 15:48:14'),
(3130, 'Jugar', 26, 92, '2020-11-11 15:48:14', '2020-11-11 15:48:14'),
(3131, 'Ftbol', 26, 92, '2020-11-11 15:48:14', '2020-11-11 15:48:14'),
(3132, 'Celular', 26, 92, '2020-11-11 15:48:14', '2020-11-11 15:48:14'),
(3133, 'Bailar', 26, 92, '2020-11-11 15:48:14', '2020-11-11 15:48:14'),
(3134, 'Pintar', 26, 92, '2020-11-11 15:48:15', '2020-11-11 15:48:15'),
(3135, 'Si', 27, 92, '2020-11-11 15:48:15', '2020-11-11 15:48:15'),
(3136, 'Si', 29, 92, '2020-11-11 15:48:15', '2020-11-11 15:48:15'),
(3137, 'Si', 28, 92, '2020-11-11 15:48:15', '2020-11-11 15:48:15'),
(3138, 'Dibujar', 26, 92, '2020-11-11 15:48:15', '2020-11-11 15:48:15'),
(3139, 'Si', 30, 92, '2020-11-11 15:48:15', '2020-11-11 15:48:15'),
(3140, 'amistosoa', 33, 92, '2020-11-11 15:48:16', '2020-11-11 15:48:16'),
(3141, 'Relata expresiones negativas hacia s mismo', 32, 92, '2020-11-11 15:48:16', '2020-11-11 15:48:16'),
(3142, 'soy alegre', 33, 92, '2020-11-11 15:48:16', '2020-11-11 15:48:16'),
(3143, 'amorosoa', 33, 92, '2020-11-11 15:48:16', '2020-11-11 15:48:16'),
(3144, 'Si', 31, 92, '2020-11-11 15:48:16', '2020-11-11 15:48:16'),
(3145, 'me gusta como soy', 33, 92, '2020-11-11 15:48:16', '2020-11-11 15:48:16'),
(3146, 'Si', 34, 92, '2020-11-11 15:48:16', '2020-11-11 15:48:16'),
(3147, 'Si', 36, 92, '2020-11-11 15:48:16', '2020-11-11 15:48:16'),
(3148, 'feliz', 33, 92, '2020-11-11 15:48:16', '2020-11-11 15:48:16'),
(3149, 'Ninguna', 33, 92, '2020-11-11 15:48:16', '2020-11-11 15:48:16'),
(3150, 'Otros', 35, 92, '2020-11-11 15:48:16', '2020-11-11 15:48:16'),
(3151, 'No los dejan salir o jugar', 37, 92, '2020-11-11 15:48:16', '2020-11-11 15:48:16'),
(3152, 'Solo lo regaan', 37, 92, '2020-11-11 15:48:16', '2020-11-11 15:48:16'),
(3153, 'Le quita lo que mas les gusta', 37, 92, '2020-11-11 15:48:16', '2020-11-11 15:48:16'),
(3154, 'Lo reprenden con golpes', 37, 92, '2020-11-11 15:48:16', '2020-11-11 15:48:16'),
(3155, 'No lo dejan ver tv o utilizar el celular', 37, 92, '2020-11-11 15:48:16', '2020-11-11 15:48:16'),
(3156, 'Lo ponen a hacer aseo', 37, 92, '2020-11-11 15:48:16', '2020-11-11 15:48:16'),
(3157, 'No aplica', 37, 92, '2020-11-11 15:48:16', '2020-11-11 15:48:16'),
(3158, 'Si', 38, 92, '2020-11-11 15:48:16', '2020-11-11 15:48:16'),
(3159, 'Si', 40, 92, '2020-11-11 15:48:16', '2020-11-11 15:48:16'),
(3160, 'Si', 39, 92, '2020-11-11 15:48:16', '2020-11-11 15:48:16'),
(3161, 'Si', 41, 92, '2020-11-11 15:48:16', '2020-11-11 15:48:16'),
(3162, 'No', 43, 92, '2020-11-11 15:48:16', '2020-11-11 15:48:16'),
(3163, 'Si', 42, 92, '2020-11-11 15:48:16', '2020-11-11 15:48:16'),
(3164, 'No', 44, 92, '2020-11-11 15:48:16', '2020-11-11 15:48:16'),
(3165, 'No', 45, 92, '2020-11-11 15:48:16', '2020-11-11 15:48:16'),
(3166, 'Ninguna', 49, 92, '2020-11-11 15:48:16', '2020-11-11 15:48:16'),
(3167, 'Si', 48, 92, '2020-11-11 15:48:17', '2020-11-11 15:48:17'),
(3168, 'No', 46, 92, '2020-11-11 15:48:17', '2020-11-11 15:48:17'),
(3169, 'Si', 47, 92, '2020-11-11 15:48:17', '2020-11-11 15:48:17'),
(3170, 'Si', 50, 92, '2020-11-11 15:48:17', '2020-11-11 15:48:17'),
(3171, 'Si', 51, 92, '2020-11-11 15:48:17', '2020-11-11 15:48:17'),
(3172, 'Si', 52, 92, '2020-11-11 15:48:17', '2020-11-11 15:48:17'),
(3173, 'Adecuado', 1, 93, '2020-11-11 15:49:42', '2020-11-11 15:49:42'),
(3174, 'Adecuado', 3, 93, '2020-11-11 15:49:42', '2020-11-11 15:49:42'),
(3175, 'Inadecuado', 2, 93, '2020-11-11 15:49:42', '2020-11-11 15:49:42'),
(3176, 'Inadecuado', 4, 93, '2020-11-11 15:49:42', '2020-11-11 15:49:42'),
(3177, 'No', 7, 93, '2020-11-11 15:49:42', '2020-11-11 15:49:42'),
(3178, 'Adecuado', 6, 93, '2020-11-11 15:49:42', '2020-11-11 15:49:42'),
(3179, 'Adecuado', 5, 93, '2020-11-11 15:49:43', '2020-11-11 15:49:43'),
(3180, 'Lo llevan al rezandero', 53, 93, '2020-11-11 15:49:43', '2020-11-11 15:49:43'),
(3181, 'Si', 8, 93, '2020-11-11 15:49:43', '2020-11-11 15:49:43'),
(3182, 'Cuidador', 54, 93, '2020-11-11 15:49:43', '2020-11-11 15:49:43'),
(3183, 'Todos los das', 9, 93, '2020-11-11 15:49:43', '2020-11-11 15:49:43'),
(3184, 'Casi nunca 1 o 2 das', 10, 93, '2020-11-11 15:49:43', '2020-11-11 15:49:43'),
(3185, 'Todos los das', 11, 93, '2020-11-11 15:49:43', '2020-11-11 15:49:43'),
(3186, 'Casi nunca 1 o 2 das', 12, 93, '2020-11-11 15:49:43', '2020-11-11 15:49:43'),
(3187, 'Todos los das', 13, 93, '2020-11-11 15:49:43', '2020-11-11 15:49:43'),
(3188, 'No', 14, 93, '2020-11-11 15:49:43', '2020-11-11 15:49:43'),
(3189, 'No', 16, 93, '2020-11-11 15:49:43', '2020-11-11 15:49:43'),
(3190, 'Si', 17, 93, '2020-11-11 15:49:43', '2020-11-11 15:49:43'),
(3191, 'No', 15, 93, '2020-11-11 15:49:43', '2020-11-11 15:49:43'),
(3192, '6 veces', 18, 93, '2020-11-11 15:49:43', '2020-11-11 15:49:43'),
(3193, 'Sobrepeso grado I (Riesgo)', 58, 93, '2020-11-11 15:49:43', '2020-11-11 15:49:43'),
(3194, 'Si', 22, 93, '2020-11-11 15:49:43', '2020-11-11 15:49:43'),
(3195, 'Si', 20, 93, '2020-11-11 15:49:43', '2020-11-11 15:49:43'),
(3196, 'Si', 19, 93, '2020-11-11 15:49:43', '2020-11-11 15:49:43'),
(3197, 'Si', 21, 93, '2020-11-11 15:49:43', '2020-11-11 15:49:43'),
(3198, 'Si', 23, 93, '2020-11-11 15:49:43', '2020-11-11 15:49:43'),
(3199, 'Si', 24, 93, '2020-11-11 15:49:43', '2020-11-11 15:49:43'),
(3200, '7 Horas', 25, 93, '2020-11-11 15:49:43', '2020-11-11 15:49:43'),
(3201, 'Manualidades', 26, 93, '2020-11-11 15:49:43', '2020-11-11 15:49:43'),
(3202, 'Leer', 26, 93, '2020-11-11 15:49:44', '2020-11-11 15:49:44'),
(3203, 'Televisin', 26, 93, '2020-11-11 15:49:44', '2020-11-11 15:49:44'),
(3204, 'Escuchar msica', 26, 93, '2020-11-11 15:49:44', '2020-11-11 15:49:44'),
(3205, 'Patinaje', 26, 93, '2020-11-11 15:49:44', '2020-11-11 15:49:44'),
(3206, 'Baloncesto', 26, 93, '2020-11-11 15:49:44', '2020-11-11 15:49:44'),
(3207, 'Estudiar', 26, 93, '2020-11-11 15:49:44', '2020-11-11 15:49:44'),
(3208, 'Ftbol', 26, 93, '2020-11-11 15:49:44', '2020-11-11 15:49:44'),
(3209, 'Jugar', 26, 93, '2020-11-11 15:49:44', '2020-11-11 15:49:44'),
(3210, 'Celular', 26, 93, '2020-11-11 15:49:44', '2020-11-11 15:49:44'),
(3211, 'Dibujar', 26, 93, '2020-11-11 15:49:44', '2020-11-11 15:49:44'),
(3212, 'Bailar', 26, 93, '2020-11-11 15:49:44', '2020-11-11 15:49:44'),
(3213, 'Pintar', 26, 93, '2020-11-11 15:49:44', '2020-11-11 15:49:44'),
(3214, 'Si', 27, 93, '2020-11-11 15:49:44', '2020-11-11 15:49:44'),
(3215, 'Si', 28, 93, '2020-11-11 15:49:44', '2020-11-11 15:49:44'),
(3216, 'Si', 29, 93, '2020-11-11 15:49:44', '2020-11-11 15:49:44'),
(3217, 'Si', 30, 93, '2020-11-11 15:49:44', '2020-11-11 15:49:44'),
(3218, 'Relata expresiones negativas hacia s mismo', 32, 93, '2020-11-11 15:49:44', '2020-11-11 15:49:44'),
(3219, 'Si', 31, 93, '2020-11-11 15:49:44', '2020-11-11 15:49:44'),
(3220, 'soy alegre', 33, 93, '2020-11-11 15:49:44', '2020-11-11 15:49:44'),
(3221, 'me gusta como soy', 33, 93, '2020-11-11 15:49:44', '2020-11-11 15:49:44'),
(3222, 'amistosoa', 33, 93, '2020-11-11 15:49:44', '2020-11-11 15:49:44'),
(3223, 'amorosoa', 33, 93, '2020-11-11 15:49:44', '2020-11-11 15:49:44'),
(3224, 'Ninguna', 33, 93, '2020-11-11 15:49:44', '2020-11-11 15:49:44'),
(3225, 'feliz', 33, 93, '2020-11-11 15:49:44', '2020-11-11 15:49:44'),
(3226, 'Otros', 35, 93, '2020-11-11 15:49:44', '2020-11-11 15:49:44'),
(3227, 'Si', 36, 93, '2020-11-11 15:49:44', '2020-11-11 15:49:44'),
(3228, 'Si', 34, 93, '2020-11-11 15:49:44', '2020-11-11 15:49:44'),
(3229, 'No los dejan salir o jugar', 37, 93, '2020-11-11 15:49:44', '2020-11-11 15:49:44'),
(3230, 'Solo lo regaan', 37, 93, '2020-11-11 15:49:44', '2020-11-11 15:49:44'),
(3231, 'Lo reprenden con golpes', 37, 93, '2020-11-11 15:49:44', '2020-11-11 15:49:44'),
(3232, 'No lo dejan ver tv o utilizar el celular', 37, 93, '2020-11-11 15:49:44', '2020-11-11 15:49:44'),
(3233, 'Lo ponen a hacer aseo', 37, 93, '2020-11-11 15:49:44', '2020-11-11 15:49:44'),
(3234, 'Le quita lo que mas les gusta', 37, 93, '2020-11-11 15:49:44', '2020-11-11 15:49:44'),
(3235, 'No aplica', 37, 93, '2020-11-11 15:49:44', '2020-11-11 15:49:44'),
(3236, 'Si', 38, 93, '2020-11-11 15:49:45', '2020-11-11 15:49:45'),
(3237, 'Si', 39, 93, '2020-11-11 15:49:45', '2020-11-11 15:49:45'),
(3238, 'Si', 45, 93, '2020-11-11 15:49:45', '2020-11-11 15:49:45'),
(3239, 'Si', 41, 93, '2020-11-11 15:49:45', '2020-11-11 15:49:45'),
(3240, 'Si', 43, 93, '2020-11-11 15:49:45', '2020-11-11 15:49:45'),
(3241, 'Si', 42, 93, '2020-11-11 15:49:45', '2020-11-11 15:49:45'),
(3242, 'Si', 44, 93, '2020-11-11 15:49:45', '2020-11-11 15:49:45'),
(3243, 'Si', 40, 93, '2020-11-11 15:49:45', '2020-11-11 15:49:45'),
(3244, 'Si', 48, 93, '2020-11-11 15:49:45', '2020-11-11 15:49:45'),
(3245, 'Si', 47, 93, '2020-11-11 15:49:45', '2020-11-11 15:49:45'),
(3246, 'Si', 50, 93, '2020-11-11 15:49:45', '2020-11-11 15:49:45'),
(3247, 'Si', 46, 93, '2020-11-11 15:49:45', '2020-11-11 15:49:45'),
(3248, 'Ninguna', 49, 93, '2020-11-11 15:49:45', '2020-11-11 15:49:45'),
(3249, 'Si', 51, 93, '2020-11-11 15:49:45', '2020-11-11 15:49:45'),
(3250, 'Si', 52, 93, '2020-11-11 15:49:45', '2020-11-11 15:49:45'),
(3251, 'Adecuado', 1, 94, '2020-11-11 15:53:17', '2020-11-11 15:53:17'),
(3252, 'Inadecuado', 4, 94, '2020-11-11 15:53:18', '2020-11-11 15:53:18'),
(3253, 'Adecuado', 3, 94, '2020-11-11 15:53:18', '2020-11-11 15:53:18'),
(3254, 'Adecuado', 5, 94, '2020-11-11 15:53:18', '2020-11-11 15:53:18'),
(3255, 'Inadecuado', 2, 94, '2020-11-11 15:53:18', '2020-11-11 15:53:18'),
(3256, 'No', 7, 94, '2020-11-11 15:53:18', '2020-11-11 15:53:18'),
(3257, 'Adecuado', 6, 94, '2020-11-11 15:53:18', '2020-11-11 15:53:18'),
(3258, 'Casi nunca 1 o 2 das', 10, 94, '2020-11-11 15:53:18', '2020-11-11 15:53:18'),
(3259, 'Lo llevan al rezandero', 53, 94, '2020-11-11 15:53:18', '2020-11-11 15:53:18'),
(3260, 'Cuidador', 54, 94, '2020-11-11 15:53:18', '2020-11-11 15:53:18'),
(3261, 'Si', 8, 94, '2020-11-11 15:53:18', '2020-11-11 15:53:18'),
(3262, 'Todos los das', 11, 94, '2020-11-11 15:53:18', '2020-11-11 15:53:18'),
(3263, 'Todos los das', 9, 94, '2020-11-11 15:53:18', '2020-11-11 15:53:18'),
(3264, 'Casi nunca 1 o 2 das', 12, 94, '2020-11-11 15:53:19', '2020-11-11 15:53:19'),
(3265, 'No', 15, 94, '2020-11-11 15:53:19', '2020-11-11 15:53:19'),
(3266, 'No', 16, 94, '2020-11-11 15:53:19', '2020-11-11 15:53:19'),
(3267, 'No', 14, 94, '2020-11-11 15:53:19', '2020-11-11 15:53:19'),
(3268, 'Si', 17, 94, '2020-11-11 15:53:19', '2020-11-11 15:53:19'),
(3269, 'Todos los das', 13, 94, '2020-11-11 15:53:19', '2020-11-11 15:53:19'),
(3270, 'Si', 19, 94, '2020-11-11 15:53:20', '2020-11-11 15:53:20'),
(3271, 'Si', 20, 94, '2020-11-11 15:53:20', '2020-11-11 15:53:20'),
(3272, 'Si', 21, 94, '2020-11-11 15:53:20', '2020-11-11 15:53:20'),
(3273, '6 veces', 18, 94, '2020-11-11 15:53:20', '2020-11-11 15:53:20'),
(3274, 'Sobrepeso grado I (Riesgo)', 58, 94, '2020-11-11 15:53:20', '2020-11-11 15:53:20'),
(3275, 'Si', 23, 94, '2020-11-11 15:53:20', '2020-11-11 15:53:20'),
(3276, 'Televisin', 26, 94, '2020-11-11 15:53:20', '2020-11-11 15:53:20'),
(3277, 'Manualidades', 26, 94, '2020-11-11 15:53:20', '2020-11-11 15:53:20'),
(3278, 'Si', 22, 94, '2020-11-11 15:53:20', '2020-11-11 15:53:20'),
(3279, 'Si', 24, 94, '2020-11-11 15:53:20', '2020-11-11 15:53:20'),
(3280, '7 Horas', 25, 94, '2020-11-11 15:53:20', '2020-11-11 15:53:20'),
(3281, 'Escuchar msica', 26, 94, '2020-11-11 15:53:21', '2020-11-11 15:53:21'),
(3282, 'Patinaje', 26, 94, '2020-11-11 15:53:21', '2020-11-11 15:53:21'),
(3283, 'Baloncesto', 26, 94, '2020-11-11 15:53:21', '2020-11-11 15:53:21'),
(3284, 'Jugar', 26, 94, '2020-11-11 15:53:21', '2020-11-11 15:53:21'),
(3285, 'Estudiar', 26, 94, '2020-11-11 15:53:21', '2020-11-11 15:53:21'),
(3286, 'Leer', 26, 94, '2020-11-11 15:53:21', '2020-11-11 15:53:21'),
(3287, 'Dibujar', 26, 94, '2020-11-11 15:53:21', '2020-11-11 15:53:21'),
(3288, 'Bailar', 26, 94, '2020-11-11 15:53:21', '2020-11-11 15:53:21'),
(3289, 'Ftbol', 26, 94, '2020-11-11 15:53:21', '2020-11-11 15:53:21'),
(3290, 'Pintar', 26, 94, '2020-11-11 15:53:21', '2020-11-11 15:53:21'),
(3291, 'Si', 27, 94, '2020-11-11 15:53:21', '2020-11-11 15:53:21'),
(3292, 'Celular', 26, 94, '2020-11-11 15:53:22', '2020-11-11 15:53:22'),
(3293, 'soy alegre', 33, 94, '2020-11-11 15:53:22', '2020-11-11 15:53:22'),
(3294, 'Relata expresiones negativas hacia s mismo', 32, 94, '2020-11-11 15:53:22', '2020-11-11 15:53:22'),
(3295, 'Si', 28, 94, '2020-11-11 15:53:22', '2020-11-11 15:53:22'),
(3296, 'Si', 31, 94, '2020-11-11 15:53:22', '2020-11-11 15:53:22'),
(3297, 'Si', 29, 94, '2020-11-11 15:53:22', '2020-11-11 15:53:22'),
(3298, 'Si', 30, 94, '2020-11-11 15:53:22', '2020-11-11 15:53:22'),
(3299, 'Ninguna', 33, 94, '2020-11-11 15:53:23', '2020-11-11 15:53:23'),
(3300, 'feliz', 33, 94, '2020-11-11 15:53:23', '2020-11-11 15:53:23'),
(3301, 'amorosoa', 33, 94, '2020-11-11 15:53:23', '2020-11-11 15:53:23'),
(3302, 'amistosoa', 33, 94, '2020-11-11 15:53:23', '2020-11-11 15:53:23'),
(3303, 'me gusta como soy', 33, 94, '2020-11-11 15:53:23', '2020-11-11 15:53:23'),
(3304, 'Otros', 35, 94, '2020-11-11 15:53:24', '2020-11-11 15:53:24'),
(3305, 'Si', 34, 94, '2020-11-11 15:53:24', '2020-11-11 15:53:24'),
(3306, 'Solo lo regaan', 37, 94, '2020-11-11 15:53:24', '2020-11-11 15:53:24'),
(3307, 'No los dejan salir o jugar', 37, 94, '2020-11-11 15:53:24', '2020-11-11 15:53:24'),
(3308, 'Si', 36, 94, '2020-11-11 15:53:24', '2020-11-11 15:53:24'),
(3309, 'Le quita lo que mas les gusta', 37, 94, '2020-11-11 15:53:25', '2020-11-11 15:53:25'),
(3310, 'Lo ponen a hacer aseo', 37, 94, '2020-11-11 15:53:25', '2020-11-11 15:53:25'),
(3311, 'Lo reprenden con golpes', 37, 94, '2020-11-11 15:53:25', '2020-11-11 15:53:25'),
(3312, 'No lo dejan ver tv o utilizar el celular', 37, 94, '2020-11-11 15:53:25', '2020-11-11 15:53:25'),
(3313, 'No aplica', 37, 94, '2020-11-11 15:53:25', '2020-11-11 15:53:25'),
(3314, 'Si', 39, 94, '2020-11-11 15:53:26', '2020-11-11 15:53:26'),
(3315, 'Si', 40, 94, '2020-11-11 15:53:26', '2020-11-11 15:53:26'),
(3316, 'Si', 38, 94, '2020-11-11 15:53:26', '2020-11-11 15:53:26'),
(3317, 'Si', 41, 94, '2020-11-11 15:53:26', '2020-11-11 15:53:26'),
(3318, 'Si', 42, 94, '2020-11-11 15:53:26', '2020-11-11 15:53:26'),
(3319, 'Si', 47, 94, '2020-11-11 15:53:27', '2020-11-11 15:53:27'),
(3320, 'Si', 46, 94, '2020-11-11 15:53:27', '2020-11-11 15:53:27'),
(3321, 'Si', 43, 94, '2020-11-11 15:53:27', '2020-11-11 15:53:27'),
(3322, 'Si', 45, 94, '2020-11-11 15:53:27', '2020-11-11 15:53:27'),
(3323, 'Si', 44, 94, '2020-11-11 15:53:27', '2020-11-11 15:53:27'),
(3324, 'Si', 50, 94, '2020-11-11 15:53:27', '2020-11-11 15:53:27'),
(3325, 'Si', 48, 94, '2020-11-11 15:53:27', '2020-11-11 15:53:27'),
(3326, 'Ninguna', 49, 94, '2020-11-11 15:53:27', '2020-11-11 15:53:27'),
(3327, 'Si', 52, 94, '2020-11-11 15:53:27', '2020-11-11 15:53:27'),
(3328, 'Si', 51, 94, '2020-11-11 15:53:27', '2020-11-11 15:53:27'),
(3367, 'Sucios', 1, 96, '2020-11-12 00:22:31', '2020-11-12 00:22:31'),
(3368, 'Inadecuado', 5, 96, '2020-11-12 00:22:32', '2020-11-12 00:22:32'),
(3369, 'Inadecuado', 6, 96, '2020-11-12 00:22:32', '2020-11-12 00:22:32'),
(3370, 'Inadecuado', 4, 96, '2020-11-12 00:22:32', '2020-11-12 00:22:32'),
(3371, 'Si', 7, 96, '2020-11-12 00:22:32', '2020-11-12 00:22:32'),
(3372, 'Inadecuado', 2, 96, '2020-11-12 00:22:32', '2020-11-12 00:22:32'),
(3373, 'Inadecuado', 3, 96, '2020-11-12 00:22:32', '2020-11-12 00:22:32'),
(3374, 'Si', 8, 96, '2020-11-12 00:22:32', '2020-11-12 00:22:32'),
(3375, 'Lo llevan al rezandero', 53, 96, '2020-11-12 00:22:32', '2020-11-12 00:22:32'),
(3376, 'Tos', 54, 96, '2020-11-12 00:22:32', '2020-11-12 00:22:32'),
(3377, 'Casi nunca 1 o 2 das', 9, 96, '2020-11-12 00:22:32', '2020-11-12 00:22:32'),
(3378, 'Casi nunca 1 o 2 das', 11, 96, '2020-11-12 00:22:32', '2020-11-12 00:22:32'),
(3379, 'Casi nunca 1 o 2 das', 10, 96, '2020-11-12 00:22:32', '2020-11-12 00:22:32'),
(3380, 'Si', 14, 96, '2020-11-12 00:22:32', '2020-11-12 00:22:32'),
(3381, 'Casi nunca 1 o 2 das', 12, 96, '2020-11-12 00:22:32', '2020-11-12 00:22:32'),
(3382, 'Casi nunca 1 o 2 das', 13, 96, '2020-11-12 00:22:32', '2020-11-12 00:22:32'),
(3383, 'Si', 15, 96, '2020-11-12 00:22:32', '2020-11-12 00:22:32'),
(3384, 'Si', 16, 96, '2020-11-12 00:22:32', '2020-11-12 00:22:32'),
(3385, 'Si', 17, 96, '2020-11-12 00:22:32', '2020-11-12 00:22:32'),
(3386, 'Si', 20, 96, '2020-11-12 00:22:33', '2020-11-12 00:22:33'),
(3387, 'Si', 21, 96, '2020-11-12 00:22:33', '2020-11-12 00:22:33'),
(3388, 'Sobrepeso grado I (Riesgo)', 58, 96, '2020-11-12 00:22:33', '2020-11-12 00:22:33'),
(3389, '6 veces', 18, 96, '2020-11-12 00:22:33', '2020-11-12 00:22:33'),
(3390, 'Si', 19, 96, '2020-11-12 00:22:33', '2020-11-12 00:22:33'),
(3391, 'Televisin', 26, 96, '2020-11-12 00:22:33', '2020-11-12 00:22:33'),
(3392, '8 Horas', 25, 96, '2020-11-12 00:22:33', '2020-11-12 00:22:33'),
(3393, 'Si', 24, 96, '2020-11-12 00:22:33', '2020-11-12 00:22:33'),
(3394, 'Manualidades', 26, 96, '2020-11-12 00:22:33', '2020-11-12 00:22:33'),
(3395, 'Si', 23, 96, '2020-11-12 00:22:33', '2020-11-12 00:22:33'),
(3396, 'Si', 22, 96, '2020-11-12 00:22:33', '2020-11-12 00:22:33'),
(3397, 'Patinaje', 26, 96, '2020-11-12 00:22:33', '2020-11-12 00:22:33'),
(3398, 'Leer', 26, 96, '2020-11-12 00:22:33', '2020-11-12 00:22:33'),
(3399, 'Baloncesto', 26, 96, '2020-11-12 00:22:33', '2020-11-12 00:22:33'),
(3400, 'Escuchar msica', 26, 96, '2020-11-12 00:22:33', '2020-11-12 00:22:33'),
(3401, 'Jugar', 26, 96, '2020-11-12 00:22:33', '2020-11-12 00:22:33'),
(3402, 'Estudiar', 26, 96, '2020-11-12 00:22:33', '2020-11-12 00:22:33'),
(3403, 'Ftbol', 26, 96, '2020-11-12 00:22:34', '2020-11-12 00:22:34'),
(3404, 'Si', 27, 96, '2020-11-12 00:22:34', '2020-11-12 00:22:34'),
(3405, 'Dibujar', 26, 96, '2020-11-12 00:22:34', '2020-11-12 00:22:34'),
(3406, 'Bailar', 26, 96, '2020-11-12 00:22:34', '2020-11-12 00:22:34'),
(3407, 'Celular', 26, 96, '2020-11-12 00:22:34', '2020-11-12 00:22:34'),
(3408, 'Pintar', 26, 96, '2020-11-12 00:22:34', '2020-11-12 00:22:34'),
(3409, 'Si', 28, 96, '2020-11-12 00:22:34', '2020-11-12 00:22:34'),
(3410, 'Si', 30, 96, '2020-11-12 00:22:34', '2020-11-12 00:22:34'),
(3411, 'Relata expresiones negativas hacia s mismo', 32, 96, '2020-11-12 00:22:34', '2020-11-12 00:22:34'),
(3412, 'soy alegre', 33, 96, '2020-11-12 00:22:34', '2020-11-12 00:22:34'),
(3413, 'Si', 29, 96, '2020-11-12 00:22:34', '2020-11-12 00:22:34'),
(3414, 'me gusta como soy', 33, 96, '2020-11-12 00:22:34', '2020-11-12 00:22:34'),
(3415, 'Si', 31, 96, '2020-11-12 00:22:34', '2020-11-12 00:22:34'),
(3416, 'feliz', 33, 96, '2020-11-12 00:22:34', '2020-11-12 00:22:34'),
(3417, 'Ninguna', 33, 96, '2020-11-12 00:22:34', '2020-11-12 00:22:34'),
(3418, 'Si', 34, 96, '2020-11-12 00:22:34', '2020-11-12 00:22:34'),
(3419, 'amistosoa', 33, 96, '2020-11-12 00:22:34', '2020-11-12 00:22:34'),
(3420, 'amorosoa', 33, 96, '2020-11-12 00:22:34', '2020-11-12 00:22:34'),
(3421, 'Otros', 35, 96, '2020-11-12 00:22:34', '2020-11-12 00:22:34'),
(3422, 'Lo reprenden con golpes', 37, 96, '2020-11-12 00:22:35', '2020-11-12 00:22:35'),
(3423, 'Le quita lo que mas les gusta', 37, 96, '2020-11-12 00:22:35', '2020-11-12 00:22:35'),
(3424, 'No los dejan salir o jugar', 37, 96, '2020-11-12 00:22:35', '2020-11-12 00:22:35'),
(3425, 'Solo lo regaan', 37, 96, '2020-11-12 00:22:35', '2020-11-12 00:22:35'),
(3426, 'Si', 36, 96, '2020-11-12 00:22:35', '2020-11-12 00:22:35'),
(3427, 'No lo dejan ver tv o utilizar el celular', 37, 96, '2020-11-12 00:22:35', '2020-11-12 00:22:35'),
(3428, 'Lo ponen a hacer aseo', 37, 96, '2020-11-12 00:22:35', '2020-11-12 00:22:35'),
(3429, 'No aplica', 37, 96, '2020-11-12 00:22:35', '2020-11-12 00:22:35'),
(3430, 'Si', 38, 96, '2020-11-12 00:22:35', '2020-11-12 00:22:35'),
(3431, 'Si', 42, 96, '2020-11-12 00:22:35', '2020-11-12 00:22:35'),
(3432, 'Si', 40, 96, '2020-11-12 00:22:35', '2020-11-12 00:22:35'),
(3433, 'Si', 39, 96, '2020-11-12 00:22:35', '2020-11-12 00:22:35'),
(3434, 'Si', 43, 96, '2020-11-12 00:22:35', '2020-11-12 00:22:35'),
(3435, 'Si', 41, 96, '2020-11-12 00:22:35', '2020-11-12 00:22:35'),
(3436, 'Si', 46, 96, '2020-11-12 00:22:35', '2020-11-12 00:22:35'),
(3437, 'Si', 45, 96, '2020-11-12 00:22:35', '2020-11-12 00:22:35'),
(3438, 'Si', 44, 96, '2020-11-12 00:22:35', '2020-11-12 00:22:35'),
(3439, 'Si', 47, 96, '2020-11-12 00:22:35', '2020-11-12 00:22:35'),
(3440, 'Si', 48, 96, '2020-11-12 00:22:35', '2020-11-12 00:22:35'),
(3441, 'Ninguna', 49, 96, '2020-11-12 00:22:35', '2020-11-12 00:22:35'),
(3442, 'Si', 51, 96, '2020-11-12 00:22:36', '2020-11-12 00:22:36'),
(3443, 'Si', 52, 96, '2020-11-12 00:22:36', '2020-11-12 00:22:36'),
(3444, 'Si', 50, 96, '2020-11-12 00:22:36', '2020-11-12 00:22:36');

-- --------------------------------------------------------

--
-- Estructura de tabla para la tabla `respuestas_select_dinamico`
--

CREATE TABLE `respuestas_select_dinamico` (
  `id` int(11) NOT NULL,
  `respuesta` varchar(255) NOT NULL,
  `id_preguntas` int(11) NOT NULL,
  `riesgo` tinyint(1) NOT NULL DEFAULT '0',
  `created_at` timestamp NOT NULL DEFAULT CURRENT_TIMESTAMP,
  `update_at` timestamp NOT NULL DEFAULT CURRENT_TIMESTAMP
) ENGINE=InnoDB DEFAULT CHARSET=utf8;

--
-- Volcado de datos para la tabla `respuestas_select_dinamico`
--

INSERT INTO `respuestas_select_dinamico` (`id`, `respuesta`, `id_preguntas`, `riesgo`, `created_at`, `update_at`) VALUES
(1, 'Acuden al médico', 53, 0, '2020-09-08 13:34:08', '2020-09-08 13:34:08'),
(2, 'Lo cuidan en la casa', 53, 0, '2020-09-08 13:34:08', '2020-09-08 13:34:08'),
(3, 'Lo llevan al rezandero', 53, 0, '2020-09-08 13:34:08', '2020-09-08 13:34:08'),
(4, 'Cuidador', 54, 0, '2020-09-08 13:37:14', '2020-09-08 13:37:14'),
(5, 'Papá', 54, 0, '2020-09-08 13:37:14', '2020-09-08 13:37:14'),
(6, 'Mamá', 54, 0, '2020-09-08 13:37:14', '2020-09-08 13:37:14'),
(7, 'Abuelos', 54, 0, '2020-09-08 13:37:14', '2020-09-08 13:37:14'),
(8, 'Tíos', 54, 0, '2020-09-08 13:37:14', '2020-09-08 13:37:14'),
(9, 'Todos los días', 9, 0, '2020-09-08 13:43:59', '2020-09-08 13:43:59'),
(10, 'Algunos días (menos de 6 días)', 9, 0, '2020-09-08 13:43:59', '2020-09-08 13:43:59'),
(11, 'Casi nunca (1 o 2 días)', 9, 0, '2020-09-08 13:43:59', '2020-09-08 13:43:59'),
(12, 'Todos los días', 10, 0, '2020-09-08 13:43:59', '2020-09-08 13:43:59'),
(13, 'Algunos días (menos de 6 días)', 10, 0, '2020-09-08 13:43:59', '2020-09-08 13:43:59'),
(14, 'Casi nunca (1 o 2 días)', 10, 0, '2020-09-08 13:43:59', '2020-09-08 13:43:59'),
(15, 'Todos los días', 11, 0, '2020-09-08 13:43:59', '2020-09-08 13:43:59'),
(16, 'Algunos días (menos de 6 días)', 11, 0, '2020-09-08 13:43:59', '2020-09-08 13:43:59'),
(17, 'Casi nunca (1 o 2 días)', 11, 0, '2020-09-08 13:43:59', '2020-09-08 13:43:59'),
(18, 'Todos los días', 12, 0, '2020-09-08 13:43:59', '2020-09-08 13:43:59'),
(19, 'Algunos días (menos de 6 días)', 12, 0, '2020-09-08 13:43:59', '2020-09-08 13:43:59'),
(20, 'Casi nunca (1 o 2 días)', 12, 0, '2020-09-08 13:43:59', '2020-09-08 13:43:59'),
(21, 'Todos los días', 13, 0, '2020-09-08 13:43:59', '2020-09-08 13:43:59'),
(22, 'Algunos días (menos de 6 días)', 13, 0, '2020-09-08 13:43:59', '2020-09-08 13:43:59'),
(23, 'Casi nunca (1 o 2 días)', 13, 0, '2020-09-08 13:43:59', '2020-09-08 13:43:59'),
(24, '1 vez', 18, 0, '2020-09-08 14:00:30', '2020-09-08 14:00:30'),
(25, '2 veces', 18, 0, '2020-09-08 14:00:30', '2020-09-08 14:00:30'),
(26, '3 veces', 18, 0, '2020-09-08 14:00:30', '2020-09-08 14:00:30'),
(27, '4 veces', 18, 0, '2020-09-08 14:00:30', '2020-09-08 14:00:30'),
(28, '5 veces', 18, 0, '2020-09-08 14:00:30', '2020-09-08 14:00:30'),
(29, '6 veces', 18, 0, '2020-09-08 14:00:30', '2020-09-08 14:00:30'),
(30, '3 Horas', 25, 0, '2020-09-08 14:08:12', '2020-09-08 14:08:12'),
(31, '6 Horas', 25, 0, '2020-09-08 14:08:12', '2020-09-08 14:08:12'),
(32, '7 Horas', 25, 0, '2020-09-08 14:08:12', '2020-09-08 14:08:12'),
(33, '8 Horas', 25, 0, '2020-09-08 14:08:12', '2020-09-08 14:08:12'),
(34, 'Manualidades', 26, 0, '2020-09-08 14:11:04', '2020-09-08 14:11:04'),
(35, 'Televisión', 26, 0, '2020-09-08 14:11:04', '2020-09-08 14:11:04'),
(36, 'Leer', 26, 0, '2020-09-08 14:11:04', '2020-09-08 14:11:04'),
(37, 'Escuchar música', 26, 0, '2020-09-08 14:11:04', '2020-09-08 14:11:04'),
(38, 'Patinaje', 26, 0, '2020-09-08 14:11:04', '2020-09-08 14:11:04'),
(39, 'Baloncesto', 26, 0, '2020-09-08 14:11:04', '2020-09-08 14:11:04'),
(40, 'Estudiar', 26, 0, '2020-09-08 14:11:04', '2020-09-08 14:11:04'),
(41, 'Jugar', 26, 0, '2020-09-08 14:12:25', '2020-09-08 14:12:25'),
(42, 'Fútbol', 26, 0, '2020-09-08 14:12:25', '2020-09-08 14:12:25'),
(43, 'Celular', 26, 0, '2020-09-08 14:12:25', '2020-09-08 14:12:25'),
(44, 'Bailar', 26, 0, '2020-09-08 14:12:25', '2020-09-08 14:12:25'),
(45, 'Pintar', 26, 0, '2020-09-08 14:12:25', '2020-09-08 14:12:25'),
(46, 'Dibujar', 26, 0, '2020-09-08 14:12:25', '2020-09-08 14:12:25'),
(47, 'El niño es capaz de describirse a sí mismo', 32, 0, '2020-09-08 14:35:22', '2020-09-08 14:35:22'),
(48, 'Relata expresiones negativas hacia sí mismo', 32, 0, '2020-09-08 14:35:22', '2020-09-08 14:35:22'),
(49, 'soy alegre', 33, 0, '2020-09-08 14:37:24', '2020-09-08 14:37:24'),
(50, 'me gusta como soy', 33, 0, '2020-09-08 14:37:24', '2020-09-08 14:37:24'),
(51, 'amistoso(a)', 33, 0, '2020-09-08 14:37:24', '2020-09-08 14:37:24'),
(52, 'amoroso(a)', 33, 0, '2020-09-08 14:37:24', '2020-09-08 14:37:24'),
(53, 'feliz', 33, 0, '2020-09-08 14:37:24', '2020-09-08 14:37:24'),
(54, 'Ninguna', 33, 0, '2020-09-08 14:37:24', '2020-09-08 14:37:24'),
(55, 'Padres', 35, 0, '2020-09-08 14:44:39', '2020-09-08 14:44:39'),
(56, 'Abuelos', 35, 0, '2020-09-08 14:44:39', '2020-09-08 14:44:39'),
(57, 'Tios', 35, 0, '2020-09-08 14:44:39', '2020-09-08 14:44:39'),
(58, 'Otros', 35, 0, '2020-09-08 14:44:39', '2020-09-08 14:44:39'),
(59, 'No los dejan salir o jugar', 37, 0, '2020-09-08 14:59:31', '2020-09-08 14:59:31'),
(60, 'Solo lo regañan', 37, 0, '2020-09-08 14:59:31', '2020-09-08 14:59:31'),
(61, 'Lo reprenden con golpes', 37, 0, '2020-09-08 14:59:31', '2020-09-08 14:59:31'),
(62, 'Le quita lo que mas les gusta', 37, 0, '2020-09-08 14:59:31', '2020-09-08 14:59:31'),
(63, 'No lo dejan ver tv o utilizar el celular', 37, 0, '2020-09-08 14:59:31', '2020-09-08 14:59:31'),
(64, 'Lo ponen a hacer aseo', 37, 0, '2020-09-08 14:59:31', '2020-09-08 14:59:31'),
(65, 'No aplica', 37, 0, '2020-09-08 14:59:31', '2020-09-08 14:59:31'),
(66, 'Catolico', 49, 0, '2020-09-08 15:03:19', '2020-09-08 15:03:19'),
(67, 'Cristiano', 49, 0, '2020-09-08 15:03:19', '2020-09-08 15:03:19'),
(68, 'Testigo de Jeova', 49, 0, '2020-09-08 15:03:19', '2020-09-08 15:03:19'),
(69, 'Ninguna', 49, 0, '2020-09-08 15:03:19', '2020-09-08 15:03:19'),
(71, 'Adecuado', 1, 0, '2020-09-08 18:19:50', '2020-09-08 18:19:50'),
(72, 'Inadecuado', 1, 1, '2020-09-08 18:19:50', '2020-09-08 18:19:50'),
(73, 'Adecuado', 2, 0, '2020-09-08 18:20:04', '2020-09-08 18:20:04'),
(74, 'Inadecuado', 2, 1, '2020-09-08 18:20:04', '2020-09-08 18:20:04'),
(75, 'Adecuado', 3, 0, '2020-09-08 18:20:21', '2020-09-08 18:20:21'),
(76, 'Inadecuado', 3, 1, '2020-09-08 18:20:21', '2020-09-08 18:20:21'),
(77, 'Adecuado', 4, 0, '2020-09-08 18:20:30', '2020-09-08 18:20:30'),
(78, 'Inadecuado', 4, 1, '2020-09-08 18:20:30', '2020-09-08 18:20:30'),
(79, 'Adecuado', 5, 0, '2020-09-08 18:20:37', '2020-09-08 18:20:37'),
(80, 'Inadecuado', 5, 1, '2020-09-08 18:20:37', '2020-09-08 18:20:37'),
(81, 'Adecuado', 6, 0, '2020-09-08 18:20:44', '2020-09-08 18:20:44'),
(82, 'Inadecuado', 6, 1, '2020-09-08 18:20:44', '2020-09-08 18:20:44'),
(83, 'Sucios', 1, 0, '2020-09-13 03:02:12', '2020-09-13 03:02:12'),
(86, 'Cada dos dias', 12, 0, '2020-11-18 20:57:55', '2020-11-18 20:57:55'),
(87, 'Si', 59, 0, '2020-11-27 20:48:12', '2020-11-27 20:48:12'),
(88, 'Si', 1, 0, '2020-11-27 20:48:17', '2020-11-27 20:48:17'),
(89, 'No', 1, 0, '2020-11-27 20:53:06', '2020-11-27 20:53:06'),
(90, 'No', 1, 0, '2020-12-01 15:38:25', '2020-12-01 15:38:25'),
(91, 'No', 1, 0, '2020-12-01 15:39:37', '2020-12-01 15:39:37'),
(92, 'si', 59, 0, '2020-12-07 15:12:08', '2020-12-07 15:12:08'),
(93, 'No', 59, 0, '2020-12-07 15:12:13', '2020-12-07 15:12:13'),
(94, 'No', 59, 0, '2020-12-07 15:12:51', '2020-12-07 15:12:51'),
(95, 'No', 59, 0, '2020-12-07 15:12:53', '2020-12-07 15:12:53'),
(96, 'No', 4, 0, '2020-12-07 15:13:03', '2020-12-07 15:13:03'),
(97, 'No', 4, 0, '2020-12-07 15:13:10', '2020-12-07 15:13:10'),
(98, 'No', 4, 0, '2020-12-07 15:13:25', '2020-12-07 15:13:25'),
(104, 'si', 61, 0, '2021-01-12 16:27:34', '2021-01-12 16:27:34'),
(105, 'no', 61, 0, '2021-01-12 16:27:43', '2021-01-12 16:27:43');

-- --------------------------------------------------------

--
-- Estructura de tabla para la tabla `rols`
--

CREATE TABLE `rols` (
  `id` int(11) NOT NULL,
  `descripcion` varchar(20) NOT NULL
) ENGINE=InnoDB DEFAULT CHARSET=utf8;

--
-- Volcado de datos para la tabla `rols`
--

INSERT INTO `rols` (`id`, `descripcion`) VALUES
(1, 'super_administrador'),
(2, 'profesor'),
(3, 'rector'),
(4, 'evaluador'),
(5, 'autoridad'),
(6, 'acudiente'),
(7, 'administrador');

-- --------------------------------------------------------

--
-- Estructura de tabla para la tabla `slides`
--

CREATE TABLE `slides` (
  `id` int(11) NOT NULL,
  `ruta` varchar(200) DEFAULT NULL,
  `titulo` varchar(200) DEFAULT NULL,
  `descripcion` varchar(200) DEFAULT NULL,
  `url` varchar(255) DEFAULT NULL,
  `orden` int(11) DEFAULT NULL,
  `id_user` int(11) NOT NULL,
  `updated_at` timestamp NULL DEFAULT NULL,
  `created_at` timestamp NULL DEFAULT NULL
) ENGINE=InnoDB DEFAULT CHARSET=utf8;

--
-- Volcado de datos para la tabla `slides`
--

INSERT INTO `slides` (`id`, `ruta`, `titulo`, `descripcion`, `url`, `orden`, `id_user`, `updated_at`, `created_at`) VALUES
(1, 'slider1.jpg', '', 'SARDINATA', 'https://weather.com/es-US/coronavirus/l/Sardinata+Norte+de+Santander+Colombia?canonicalCityId=8afdba3b7c0305ea450a199997be8cc769f916456cfb96f05ff319a031aa6f7d', NULL, 0, '2020-03-22 05:49:14', '2020-03-22 05:49:14'),
(2, 'slider2.jpg', 'Sardinata', 'Lorem ipsum dolor sit amet, consectetur adipiscing elit, sed do eiusmod tempor incididunt ut labore et dolore magna aliqua. Ut enim ad minim veniam, quis nostrud exercitation ullamco laboris nisi ut a', 'https://colnumersa.edu.co/web/nuestro-colegio/', NULL, 0, '2020-03-22 05:49:23', '2020-03-22 05:49:23'),
(3, 'slider3.png', 'Sardinata', 'Lorem ipsum dolor sit amet, consectetur adipiscing elit, sed do eiusmod tempor incididunt ut labore et dolore magna aliqua. Ut enim ad minim veniam, quis nostrud exercitation ullamco laboris nisi ut a', 'http://www.sednortedesantander.gov.co/images/documentos/normatividad/Cobertura/2020/Anexo2%20Circular%20No.10%20Circular%20Externa.pdf', NULL, 0, '2020-03-22 05:49:32', '2020-03-22 05:49:32'),
(4, 'slider4.jpg', 'Sardinata', 'Neque porro quisquam est qui dolorem ipsum quia dolor sit amet, consectetur, adipisci velit.', 'https://covid19.minsalud.gov.co/', NULL, 0, '2020-03-22 05:49:41', '2020-03-22 05:49:41');

-- --------------------------------------------------------

--
-- Estructura de tabla para la tabla `users`
--

CREATE TABLE `users` (
  `id` int(11) NOT NULL,
  `nombre` varchar(255) NOT NULL,
  `apellidos` varchar(255) DEFAULT NULL,
  `email` varchar(255) NOT NULL,
  `password` varchar(255) NOT NULL,
  `documento` varchar(11) NOT NULL,
  `celular` varchar(50) NOT NULL,
  `id_rol` int(11) NOT NULL,
  `id_estudiante` int(11) DEFAULT NULL,
  `id_institucion` int(11) DEFAULT NULL,
  `remember_token` varchar(100) DEFAULT NULL,
  `created_at` timestamp NULL DEFAULT NULL,
  `updated_at` timestamp NULL DEFAULT NULL,
  `online` tinyint(4) DEFAULT NULL
) ENGINE=InnoDB DEFAULT CHARSET=utf8;

--
-- Volcado de datos para la tabla `users`
--

INSERT INTO `users` (`id`, `nombre`, `apellidos`, `email`, `password`, `documento`, `celular`, `id_rol`, `id_estudiante`, `id_institucion`, `remember_token`, `created_at`, `updated_at`, `online`) VALUES
(0, 'Laura Daniela', 'Buitrago', 'superadmin@gmail.com', '$2y$10$ZvJ.H2eZk2prB88Spi0hPuR58LUZNS3RDtqcv7wW/BMtlxWTR73La', '1090502664', '3003842569', 1, NULL, NULL, 'hfJUDajjWLCo8OSiQnU3yQdWVa4JfTePaBetNLTcUoMPwFMK8QdEfCe8lTOC', NULL, '2020-11-23 00:34:13', 1),
(28, 'Daniela', 'Espitia', 'lauridani1@gmail.com', '$2y$10$vcMU71EKowCpd3ZEwSPFZOg1n.qJjYpSsALa.G6JxAteb.aj9Y35u', '1645641', '2156516', 1, NULL, NULL, 'jeqT5C5yUeUFMSTA7MBCYLAdPrfMngRJzAFbJbI9609WA4ljvEimCkokJAjc', NULL, '2021-01-12 16:23:26', 1),
(29, 'Felipe', 'Bueno', 'felipe@gmail.com', '$2y$10$Ssj5S13PYh4HL8dq.o1kCO8GtWyXsQ9T3n1lq9xSEJaW4Nm7rRGz2', '656565232', '3112454685', 6, NULL, 1, NULL, NULL, NULL, NULL),
(30, 'Naydu', 'Perez', 'naydu@ufps.edu.co', '$2y$10$ALpK/CzWDD62A9Hme1AYFextUPYrOFWs9c.i1FxpY6bHfRrqd/sCy', '2147483647', '315484565', 2, NULL, 2, NULL, NULL, NULL, NULL),
(31, 'Pedro', 'Lemus', 'pedrolemus@gmail.com', '$2y$10$fYpzuNp1ceH6hNWbMR5QyOtHhCvYAnN.WBL7bu494BAsZeuakVCUe', '1649845646', '311587771', 3, NULL, 2, 'qZSGlpaZcp2cxelUQjpn19IpSWC7Vs9GkqVwNeGzvZ1D76UMmm8rd3NNMLZ1', NULL, '2020-12-10 17:36:53', 0),
(34, 'Daniel', 'Guitarrero', 'pablo@gmail.com', '$2y$10$Piem./8nD/1c.jrhMAMIc.lnU3skZA.ZPDftXiNuTxX.GfXlvLNLO', '78545546', '2147483647', 2, NULL, 1, 'TqajW3qCfTPi1tszlE7NdSP1CDepauTcWAu0FSJJTEgBir5HJPUJlL9Y8VdZ', NULL, '2020-11-09 01:42:56', 1),
(35, 'Felipe', 'ufps', 'felipe@gmail.com', '$2y$10$2kBcjF3PCnQ3eKAGvyOcD.GahMAJY/syb//tQDkenAWQ3P4Q1EfBC', '4985483647', '3515154848', 6, NULL, 1, NULL, NULL, NULL, NULL),
(36, 'Julian', 'Bueno', 'juli@hotmail.com', '$2y$10$cNc1H6kx19Jhms8mY2tMY.LMftVCTdMj1klqkgfKMTLdLJHXnjk.S', '1093154545', '3159898595', 6, NULL, 1, NULL, NULL, NULL, NULL),
(37, 'Esteban', 'Espina', 'esteban@gmail.com', '$2y$10$2eb4i9ASyj9hWWaWHwvPWe3Wk6IBO6px5KQOFkn7WpwsGOCpdsamu', '1095562626', '3158974984', 6, NULL, 1, NULL, NULL, NULL, NULL),
(38, 'Daniela', 'Zamora', 'daniela@wposs.com', '$2y$10$nKlDUFw5mm1OxCOKHHY.VuQBzTIgavXeyophwOvuGfoCUzE1yh3RW', '2147483647', '2147483647', 2, NULL, 1, NULL, NULL, NULL, NULL),
(39, 'Juliana', 'ufps', 'julia@hotmail.com', '$2y$10$A1xnvZ3EuleknzHSOUna..QNv74n3HB/tjXMkSEfFcXco/ERb5goO', '576786', '3213456', 2, NULL, 2, NULL, NULL, NULL, NULL),
(40, 'Felipe ', 'ramses', 'ramses@gmail.com', '$2y$10$KU0x3AWn9bkRX.krIjIFeeCmaltrmsuv95J.3kj4fk6A.cG9jB7/u', '2147483647', '2131', 2, NULL, 1, NULL, NULL, NULL, NULL),
(41, 'sergio', 'buitrago', 'sebuitrago@gmail.com', '$2y$10$S.l8oE3vIhJBNOAH0L1UgOhZm1COIZ.TepsVaKvgaDaix385KCVTi', '46564556', '456', 2, NULL, 1, NULL, NULL, NULL, NULL),
(42, 'Julia', 'ramona', 'juliaramona@hotmail.com', '$2y$10$bYuNzVpkVP4MBTU5j/AHvO/J6hEkLHdYRJ/xV6Ag2xak6R0tbs1JK', '54546', '546412', 2, NULL, 1, NULL, NULL, NULL, NULL),
(43, 'dany', 'contreras', 'dany@ufps.edu.co', '$2y$10$hqPWye4r17QlPj/VttvCd.YekOB2aKqxNbHPh1zUnfgkQM0lE7jmK', '2147483647', '5754', 2, NULL, 1, NULL, NULL, NULL, NULL),
(44, 'Laura', 'Moros', 'lauramoros@gmail.com', '$2y$10$HIPLqEmGmZ/FigvZlRc4MOiPGDizWVh8c/P/FgB0Hmc4WQl5bHXNS', '544645654', '546546', 2, NULL, 1, NULL, NULL, NULL, NULL),
(45, 'Argelio', 'Espina', 'argelio@gmail.com', '$2y$10$HIPLqEmGmZ/FigvZlRc4MOiPGDizWVh8c/P/FgB0Hmc4WQl5bHXNS', '2147483647', '2147483647', 2, NULL, 1, NULL, NULL, NULL, NULL),
(46, 'Felipe', 'Ramos', 'feliperamos@gmail.com', '$2y$10$HIPLqEmGmZ/FigvZlRc4MOiPGDizWVh8c/P/FgB0Hmc4WQl5bHXNS', '454556', '54632', 2, NULL, 1, NULL, NULL, NULL, NULL),
(47, 'Jaime', 'Rosa', 'jaime@gmail.com', '123456', '123456789', '12345675', 2, NULL, 1, NULL, NULL, NULL, NULL),
(48, 'Mario ', 'Granado', 'rector@gmail.com', '$2y$10$bb7pWyffMWiZIwFQBKQ18OFPJ1h3L/y2xfWxYkcGKaLsikBkxjS7m', '000000000', '3147483644', 3, NULL, 1, 'j08Jwit1kydikqyyklI45DCpA7jTlShZsuhyAohfKnWFDC7Xzju90w9Kx2LH', NULL, '2020-12-12 19:22:47', 0),
(49, 'Camilo', 'Echeverria', 'evaluador@gmail.com', '$2y$10$2Mo1wreKMdCQ59bzf9Z8mO4QnVz2RDvHBjkRKv3rk.iHzBAmIXSxu', '1147483647', '314525258', 4, NULL, 1, '5ezxDQ7fkjVSa1JRajpQ4VPN1Vk34fYvIsq0P498dV5AM1Lzg2wPX81Y4eSa', NULL, '2021-01-12 16:28:40', 1),
(50, 'Evaluador2', 'Sardinata', 'evaluador2@gmail.com', '$2y$10$2Mo1wreKMdCQ59bzf9Z8mO4QnVz2RDvHBjkRKv3rk.iHzBAmIXSxu', '1235467800', '3157483647', 4, NULL, 2, '', NULL, '2020-12-10 18:06:13', 1),
(51, 'Fundacion', 'Sardinata', 'autoridad@gmail.com', '$2y$10$UKXqk9KitGWVDH/u7E5jsO.uVE79OGpJEZZ0h58Y6t3cwHMftMn9G', '1090548485', '3145896959', 5, NULL, 1, 'k31R1oPBNt7m2DsYeJjzKEkIOg72yw9zpco5bBBa9jBkb73byFsvfVQAPfIg', NULL, '2020-11-30 12:53:24', 0),
(52, 'Autoridad2', 'Sardinata', 'autoridad2@gmail.com', '$2y$10$3Csp6YZyYe7rSHyc0t9aOOK1OETnrLBVftUVPFed8nervpkUtv4c6', '1098955512', '3156585599', 5, NULL, 1, NULL, NULL, NULL, NULL),
(53, 'sami yahir', 'arevalo montes', 'samiyahiram@ufps.edu.co', '$2y$10$0f8je.aalBR29/YTmeRAy.rUHXg5FEHFBwU3sMHTobkFhIRZmChvm', '1111111111', '1111111111', 2, NULL, 2, NULL, NULL, NULL, NULL),
(54, 'Alcaldia Sardinata', NULL, 'admin@ufps.edu.co', '$2y$10$ZvJ.H2eZk2prB88Spi0hPuR58LUZNS3RDtqcv7wW/BMtlxWTR73La', '0000000000', '00000002', 1, NULL, 1, 'PeLM7VeTSZBMfCVNyvm8ZHu14k8YQGfKZGrG7FkQVRkoktsC2CmoLEbk70RR', NULL, '2020-12-01 18:09:13', 0),
(55, 'juan', 'perez', 'juan@ufps.edu.co', '$2y$10$6DbNSrzZLCfgXxKZXY1KyOM9GaJ0OC8vPEdIH2W4YlDKJnwNrFnU2', '0000000001', '000000000', 4, NULL, 3, '76kQrDD4bOij0qzauYCciLZoqsZ6JE1q8aGQHFqD6Pdrl6kXAwI1W086W2XQ', NULL, '2020-10-28 20:55:45', 0),
(56, 'ICBF', 'Ninguno', 'icbf@gmail.com', '$2y$10$hh2KHpJlcdELQiuI/JN8c.i7fyAJY99LXDtFuWNlZnzsipfygtGFe', '1000000000', '6572391', 5, NULL, NULL, NULL, NULL, NULL, NULL),
(57, 'Juan', 'Perez', 'adminpilar@ufps.edu.co', '$2y$10$h7VIPgDUmSnXLLWytxeYJen5gOYQlg.bNlbO1LZjen0cpVdVEPYaO', '6352656656', '3216549879', 7, NULL, 1, 'w1SDXBBzd4xDHITb5PEq5jgvZQyZ1qcgk78kL5PGxf7MuICECotwdRCvuI0g', NULL, '2020-10-11 08:54:01', 0),
(58, 'Maria Jose', 'Peña', 'acudiente@gmail.com', '$2y$10$7v6ImAVNzGpyLex3XZzNluGoCRiVaNYIoHXdkqv5fQFQaTWTE5BTW', '1654165465', '3123165465', 6, 1, NULL, 'TBgGTcP29Hh8hGWpJILK6heQ4sdYUWNJwVMdRszM8BWpoRfoXkZamXRX4C6Z', NULL, '2020-12-09 20:35:23', 0),
(59, 'Pedro', 'Perez', 'acudiente2@gmail.com', '$2y$10$zxdWqhCfk.fh7F9KAT3nd.h35Ykl2HL4Mlqw7zNwvDkbF3pVbbZtK', '3216546546', '3216549874', 6, 4, NULL, NULL, NULL, NULL, NULL),
(60, 'pedro', 'Granado', 'pedro@gmail.com', '$2y$10$6DQGYPyZej8AMp4P/2NVNu3Mes3X8JDzhAHpa6oi0ZujkvqTFTTGu', '111112222', '111222222', 2, NULL, 1, NULL, NULL, NULL, NULL),
(62, 'Pedro', 'Pezotti Lemus', 'administrador@gmail.com', '$2y$10$YJI2TxQ2tYZAKSPenZtVYuK7y9qKRIQlJ0glnCBs7wkNK4yKUHS0y', '21654654', '3216546546', 7, NULL, 1, 'HFBEyfgNYkI9JTmKSfUpaxbvGJcvyqsy4SxGF4nMx2EynhjUCInTPamSFcTH', NULL, '2020-11-30 12:51:03', 0),
(63, 'sami', 'arevalo', 'samiarevalo85@gmail.com', '$2y$10$wA8Bx3rdkYgJ4sJJjDgwGOxbkcLhqenrfYMj0QVhlsDMLB5.Fiuwa', '1093796165', '3134047439', 4, NULL, 1, 'cFggQECuXrU7RxX7oQbwLTQr4ImPK8t18EX1ofs5hac5MV8yzfzV2GVWmZ5F', NULL, '2020-11-09 02:48:30', 0),
(64, 'Monica Daniela ', 'Espitia', 'administrador@gmail.com', '$2y$10$AaAJbxZtdiFD4CZUUB5N2ui0MXAtrXa90oaZhDD7Ata37Ja6gXNx2', '123456222', '2321312', 7, NULL, 2, 'fEwgpIlZSWu1Vh1tv45pvH6zv8hbDUC1hQjhjxn72ONdRKMmSmG4Zcihq8dD', NULL, '2020-10-28 19:30:48', 0),
(65, 'admin3', 'colegio3', 'admin3@gmail.co', '$2y$10$MabMzzckKJkjtc6sEnr7dOzduDx6QlQjdEopoavwWOr31CLkUlhDu', '123123123', '1231234123', 7, NULL, 3, 'SWswAMaMzyvSL756aiVnI3crqZim8nWKGbmmoFqUENHZ5UZjx9duCtA6Sxbr', NULL, '2020-10-28 19:40:23', 0),
(66, 'PABLO ', 'BUITRAGO', 'pablobuitrago@gmail.com', '$2y$10$2TUUv2EFSgrfeLg8ItuTJOWQA/yyzrg/hPU2mXOJjw4cKgcNop5f2', '12345646', '3123215645', 5, NULL, NULL, NULL, NULL, NULL, NULL),
(68, 'Claudia', 'Gomez', 'claudiayamilegomez@gmail.com', '$2y$10$LnlIkv26Pmt22VS71vaa6.pTJH8I7T/qsmGSegcu.wRU7Uu3poJC6', '1111111', '3156677777', 5, NULL, NULL, NULL, NULL, NULL, NULL),
(69, 'Claudia', 'Gomez', 'preubas@gmail.com', '$2y$10$PzrRcyEHKl/G0.o7qI5LD.G4b/7y3HC/176OVwOIzK4.A2/dU2f2O', '131313131', '12312312', 4, NULL, 2, NULL, NULL, NULL, NULL),
(71, 'Jaime', 'Pedraza', 'profesor@gmail.com', '$2y$10$5qD9RDq2xTM3qnEv9A8kbeh3OFsj8ey3hKCw22zYfy8IuK1TUwOTO', '5465465432', '3231654654', 2, NULL, 1, 'YcWdNReG87Y76nR3JB8El4oW2XpWnE29cyJrTYtEjLxMzpCOS9zDOc85Najm', NULL, '2020-12-09 20:11:22', 0),
(72, 'Daniela', 'Buitrago', 'evaluador3@gmail.com', '$2y$10$W9676JN39cbB8m2k5F/.YOz0T0fglCvwmY44fgNigwQUiMoNplDiS', '354654654', '3216546546', 4, NULL, 2, 'JapFjHdSXzVovYbttZGvpjPCECQepNATVCdtpU5KzFsxjBVw9RcHA27c627L', NULL, '2020-12-10 18:14:33', 0);

-- --------------------------------------------------------

--
-- Estructura de tabla para la tabla `valorizacion`
--

CREATE TABLE `valorizacion` (
  `id` int(11) NOT NULL,
  `id_estudiante` int(11) NOT NULL,
  `fecha` date NOT NULL,
  `descripcion` mediumtext,
  `updated_at` timestamp NULL DEFAULT NULL,
  `created_at` timestamp NULL DEFAULT NULL
) ENGINE=InnoDB DEFAULT CHARSET=utf8;

-- --------------------------------------------------------

--
-- Estructura de tabla para la tabla `visitas`
--

CREATE TABLE `visitas` (
  `id` int(11) NOT NULL,
  `created_at` timestamp NULL DEFAULT NULL,
  `updated_at` timestamp NULL DEFAULT NULL,
  `cantidad` int(11) NOT NULL,
  `fecha` date DEFAULT NULL
) ENGINE=InnoDB DEFAULT CHARSET=utf8;

--
-- Volcado de datos para la tabla `visitas`
--

INSERT INTO `visitas` (`id`, `created_at`, `updated_at`, `cantidad`, `fecha`) VALUES
(8, '2020-03-30 23:59:56', '2020-03-31 01:01:47', 40, '2020-03-30'),
(9, '2020-03-31 22:14:29', '2020-03-31 22:14:29', 10, '2020-03-03'),
(10, '2020-09-08 01:10:11', '2020-09-09 01:10:17', 100, '2020-02-11'),
(11, '2020-03-31 22:14:29', '2020-03-31 23:01:15', 10, '2020-03-31'),
(12, '2020-04-02 20:43:10', '2020-04-03 03:15:29', 19, '2020-04-02'),
(13, '2020-04-08 05:11:18', '2020-04-08 05:23:35', 9, '2020-04-08'),
(14, '2020-04-09 20:58:19', '2020-04-10 01:26:10', 3, '2020-04-09'),
(15, '2020-04-11 19:17:41', '2020-04-11 22:42:41', 11, '2020-04-11'),
(16, '2020-04-13 21:01:37', '2020-04-13 21:15:09', 5, '2020-04-13'),
(17, '2020-04-18 00:15:18', '2020-04-18 00:15:26', 2, '2020-04-17'),
(18, '2020-04-19 01:18:22', '2020-04-19 03:37:39', 32, '2020-04-18'),
(19, '2020-04-20 23:03:42', '2020-04-21 04:16:55', 24, '2020-04-20'),
(20, '2020-04-21 06:40:11', '2020-04-21 06:40:18', 2, '2020-04-21'),
(21, '2020-05-01 00:51:46', '2020-05-01 01:06:25', 11, '2020-04-30'),
(22, '2020-05-06 07:35:40', '2020-05-06 08:38:20', 6, '2020-05-06'),
(23, '2020-05-07 06:37:17', '2020-05-07 07:02:23', 12, '2020-05-07'),
(24, '2020-05-08 07:06:53', '2020-05-08 08:03:01', 15, '2020-05-08'),
(25, '2020-05-09 05:03:33', '2020-05-09 06:48:27', 78, '2020-05-09'),
(26, '2020-05-10 06:19:38', '2020-05-10 22:43:18', 19, '2020-05-10'),
(27, '2020-05-11 21:58:30', '2020-05-11 21:58:30', 1, '2020-05-11'),
(28, '2020-05-17 19:38:33', '2020-05-17 23:21:23', 132, '2020-05-17'),
(29, '2020-05-18 18:39:11', '2020-05-18 20:35:37', 3, '2020-05-18'),
(30, '2020-05-19 07:29:22', '2020-05-19 07:29:22', 1, '2020-05-19'),
(31, '2020-05-21 07:54:16', '2020-05-21 20:50:02', 2, '2020-05-21'),
(32, '2020-05-22 06:38:21', '2020-05-22 23:40:14', 3, '2020-05-22'),
(33, '2020-05-23 07:09:56', '2020-05-24 02:21:51', 2, '2020-05-23'),
(34, '2020-05-27 09:16:38', '2020-05-27 10:02:25', 2, '2020-05-27'),
(35, '2020-05-28 09:37:30', '2020-05-28 22:02:16', 4, '2020-05-28'),
(36, '2020-05-29 06:00:44', '2020-05-29 06:00:44', 1, '2020-05-29'),
(37, '2020-05-30 05:55:03', '2020-05-30 05:55:36', 2, '2020-05-30'),
(38, '2020-06-02 07:40:39', '2020-06-02 10:51:38', 2, '2020-06-02'),
(39, '2020-06-05 06:35:20', '2020-06-05 06:35:20', 1, '2020-06-05'),
(40, '2020-06-12 08:44:45', '2020-06-12 09:44:58', 3, '2020-06-12'),
(41, '2020-07-02 08:58:22', '2020-07-02 08:58:22', 1, '2020-07-02'),
(42, '2020-07-17 20:31:12', '2020-07-17 20:31:12', 1, '2020-07-17'),
(43, '2020-07-23 00:17:19', '2020-07-23 00:17:19', 1, '2020-07-22'),
(44, '2020-07-24 08:16:56', '2020-07-24 11:08:17', 8, '2020-07-24'),
(45, '2020-07-28 19:25:24', '2020-07-28 19:26:21', 3, '2020-07-28'),
(46, '2020-07-30 23:49:45', '2020-07-31 00:46:18', 3, '2020-07-30'),
(47, '2020-07-31 21:39:57', '2020-07-31 21:39:59', 2, '2020-07-31'),
(48, '2020-08-01 13:31:04', '2020-08-01 15:26:15', 2, '2020-08-01'),
(49, '2020-08-04 11:58:45', '2020-08-05 08:45:18', 7, '2020-08-04'),
(50, '2020-08-05 12:55:30', '2020-08-05 12:55:30', 1, '2020-08-05'),
(51, '2020-08-06 12:17:32', '2020-08-07 08:26:09', 8, '2020-08-06'),
(52, '2020-08-07 19:49:10', '2020-08-07 20:28:50', 3, '2020-08-07'),
(53, '2020-08-09 09:02:58', '2020-08-09 09:11:48', 3, '2020-08-08'),
(54, '2020-08-09 13:06:40', '2020-08-10 08:41:05', 2, '2020-08-09'),
(55, '2020-08-11 06:32:15', '2020-08-11 08:23:02', 2, '2020-08-10'),
(56, '2020-08-11 11:32:12', '2020-08-11 18:59:37', 3, '2020-08-11'),
(57, '2020-08-12 15:51:07', '2020-08-13 05:38:41', 2, '2020-08-12'),
(58, '2020-08-14 08:38:29', '2020-08-14 10:07:11', 3, '2020-08-13'),
(59, '2020-08-14 18:45:13', '2020-08-14 19:07:32', 2, '2020-08-14'),
(60, '2020-08-15 12:54:56', '2020-08-16 10:46:07', 4, '2020-08-15'),
(61, '2020-08-16 12:11:00', '2020-08-16 17:49:32', 6, '2020-08-16'),
(62, '2020-08-17 11:47:09', '2020-08-18 08:21:47', 2, '2020-08-17'),
(63, '2020-08-18 12:11:57', '2020-08-18 12:11:57', 1, '2020-08-18'),
(64, '2020-08-19 11:56:45', '2020-08-19 11:56:45', 1, '2020-08-19'),
(65, '2020-09-05 01:46:45', '2020-09-05 02:01:48', 2, '2020-09-04'),
(66, '2020-09-05 19:14:21', '2020-09-06 02:51:28', 6, '2020-09-05'),
(67, '2020-09-06 17:51:06', '2020-09-06 17:51:06', 1, '2020-09-06'),
(68, '2020-09-08 05:26:47', '2020-09-09 00:08:31', 3, '2020-09-08'),
(69, '2020-09-09 18:31:18', '2020-09-09 18:31:18', 1, '2020-09-09'),
(70, '2020-09-10 17:56:17', '2020-09-10 19:54:09', 2, '2020-09-10'),
(71, '2020-09-11 06:42:17', '2020-09-12 00:11:24', 5, '2020-09-11'),
(72, '2020-09-12 07:45:18', '2020-09-12 17:49:18', 4, '2020-09-12'),
(73, '2020-09-13 07:18:25', '2020-09-13 07:18:25', 1, '2020-09-13'),
(74, '2020-09-15 05:56:44', '2020-09-16 01:05:48', 7, '2020-09-15'),
(75, '2020-09-16 06:15:38', '2020-09-17 01:28:44', 4, '2020-09-16'),
(76, '2020-09-17 18:57:09', '2020-09-17 23:32:29', 2, '2020-09-17'),
(77, '2020-09-18 06:37:38', '2020-09-19 03:51:27', 5, '2020-09-18'),
(78, '2020-09-22 07:03:40', '2020-09-22 07:03:40', 1, '2020-09-22'),
(79, '2020-09-27 21:33:01', '2020-09-27 21:42:49', 2, '2020-09-27'),
(80, '2020-09-29 21:24:18', '2020-09-30 01:56:42', 10, '2020-09-29'),
(81, '2020-09-30 18:35:15', '2020-10-01 01:40:54', 45, '2020-09-30'),
(82, '2020-10-01 08:09:31', '2020-10-02 01:31:39', 11, '2020-10-01'),
(83, '2020-10-02 07:17:23', '2020-10-02 23:22:54', 18, '2020-10-02'),
(84, '2020-10-04 01:44:42', '2020-10-04 02:03:12', 8, '2020-10-03'),
(85, '2020-10-04 07:44:14', '2020-10-05 00:18:33', 5, '2020-10-04'),
(86, '2020-10-05 18:39:49', '2020-10-06 02:08:04', 25, '2020-10-05'),
(87, '2020-10-07 17:52:24', '2020-10-07 18:08:25', 3, '2020-10-07'),
(88, '2020-10-11 06:09:33', '2020-10-11 21:41:59', 14, '2020-10-11'),
(89, '2020-10-14 00:55:03', '2020-10-14 00:55:03', 1, '2020-10-13'),
(90, '2020-10-14 20:19:00', '2020-10-15 02:04:38', 12, '2020-10-14'),
(91, '2020-10-15 07:26:42', '2020-10-16 02:07:11', 10, '2020-10-15'),
(92, '2020-10-16 19:51:26', '2020-10-17 02:14:25', 4, '2020-10-16'),
(93, '2020-10-17 07:01:15', '2020-10-18 01:52:56', 26, '2020-10-17'),
(94, '2020-10-27 14:10:20', '2020-10-27 19:42:59', 42, '2020-10-27'),
(95, '2020-10-28 02:32:09', '2020-10-28 21:22:38', 26, '2020-10-28'),
(96, '2020-10-30 19:46:29', '2020-10-30 21:54:10', 2, '2020-10-30'),
(97, '2020-10-31 18:50:21', '2020-10-31 18:50:21', 1, '2020-10-31'),
(98, '2020-11-01 03:31:53', '2020-11-01 03:31:53', 1, '2020-11-01'),
(99, '2020-11-05 03:42:38', '2020-11-05 03:42:38', 1, '2020-11-05'),
(100, '2020-11-09 01:03:36', '2020-11-09 15:46:30', 57, '2020-11-09'),
(101, '2020-11-10 02:12:17', '2020-11-10 23:56:23', 30, '2020-11-10'),
(102, '2020-11-11 12:37:45', '2020-11-11 23:59:04', 72, '2020-11-11'),
(103, '2020-11-12 00:00:45', '2020-11-12 20:33:00', 24, '2020-11-12'),
(104, '2020-11-13 13:09:37', '2020-11-13 16:14:05', 3, '2020-11-13'),
(105, '2020-11-14 13:51:14', '2020-11-14 13:51:14', 1, '2020-11-14'),
(106, '2020-11-15 01:44:34', '2020-11-15 01:44:34', 1, '2020-11-15'),
(107, '2020-11-17 16:00:54', '2020-11-17 16:38:34', 7, '2020-11-17'),
(108, '2020-11-18 18:43:44', '2020-11-18 22:29:30', 7, '2020-11-18'),
(109, '2020-11-19 14:04:44', '2020-11-19 21:57:56', 33, '2020-11-19'),
(110, '2020-11-20 13:43:53', '2020-11-20 20:24:22', 7, '2020-11-20'),
(111, '2020-11-21 01:29:45', '2020-11-21 01:29:58', 2, '2020-11-21'),
(112, '2020-11-23 00:33:58', '2020-11-23 14:14:24', 2, '2020-11-23'),
(113, '2020-11-24 15:32:02', '2020-11-24 16:50:27', 4, '2020-11-24'),
(114, '2020-11-26 13:56:23', '2020-11-26 13:56:23', 1, '2020-11-26'),
(115, '2020-11-27 17:08:23', '2020-11-27 21:09:04', 7, '2020-11-27'),
(116, '2020-11-28 03:27:16', '2020-11-28 18:11:00', 7, '2020-11-28'),
(117, '2020-11-30 12:46:24', '2020-11-30 13:27:24', 9, '2020-11-30'),
(118, '2020-12-01 15:37:09', '2020-12-01 18:27:53', 7, '2020-12-01'),
(119, '2020-12-07 15:08:43', '2020-12-07 16:33:47', 12, '2020-12-07'),
(120, '2020-12-09 15:22:51', '2020-12-09 21:56:36', 16, '2020-12-09'),
(121, '2020-12-10 02:04:11', '2020-12-10 18:27:04', 14, '2020-12-10'),
(122, '2020-12-11 15:26:54', '2020-12-11 15:26:54', 1, '2020-12-11'),
(123, '2020-12-12 15:17:42', '2020-12-12 19:22:47', 7, '2020-12-12'),
(124, '2020-12-13 19:30:45', '2020-12-13 19:47:28', 3, '2020-12-13'),
(125, '2020-12-17 13:24:28', '2020-12-17 15:40:52', 2, '2020-12-17'),
(126, '2020-12-22 20:36:15', '2020-12-22 20:36:15', 1, '2020-12-22'),
(127, '2021-01-07 15:02:09', '2021-01-07 15:02:09', 1, '2021-01-07'),
(128, '2021-01-08 00:21:36', '2021-01-08 00:22:03', 2, '2021-01-08'),
(129, '2021-01-12 16:20:38', '2021-01-12 16:28:10', 3, '2021-01-12');

--
-- Índices para tablas volcadas
--

--
-- Indices de la tabla `antecedentes`
--
ALTER TABLE `antecedentes`
  ADD PRIMARY KEY (`id`);

--
-- Indices de la tabla `antecedentes_tipos`
--
ALTER TABLE `antecedentes_tipos`
  ADD PRIMARY KEY (`id`),
  ADD KEY `antecedentes_tipo_ibfk_1` (`id_antecedentes`);

--
-- Indices de la tabla `contactenos`
--
ALTER TABLE `contactenos`
  ADD PRIMARY KEY (`id`),
  ADD KEY `institucion` (`institucion`);

--
-- Indices de la tabla `directorios`
--
ALTER TABLE `directorios`
  ADD PRIMARY KEY (`id`),
  ADD KEY `id_user` (`id_user`);

--
-- Indices de la tabla `dominios`
--
ALTER TABLE `dominios`
  ADD PRIMARY KEY (`id`);

--
-- Indices de la tabla `estudiantes`
--
ALTER TABLE `estudiantes`
  ADD PRIMARY KEY (`id`),
  ADD KEY `id_institucion` (`id_institucion`);

--
-- Indices de la tabla `eventos`
--
ALTER TABLE `eventos`
  ADD PRIMARY KEY (`id`),
  ADD KEY `id_user` (`id_user`);

--
-- Indices de la tabla `ficha_saluds`
--
ALTER TABLE `ficha_saluds`
  ADD PRIMARY KEY (`id`),
  ADD KEY `id_antecedentes_tipo` (`id_antecedentes_tipo`),
  ADD KEY `ficha_saluds_ibfk_1` (`id_estudiante`);

--
-- Indices de la tabla `formulario_ficha_salud`
--
ALTER TABLE `formulario_ficha_salud`
  ADD PRIMARY KEY (`id`),
  ADD KEY `id_estudiante` (`id_estudiante`);

--
-- Indices de la tabla `institucions`
--
ALTER TABLE `institucions`
  ADD PRIMARY KEY (`id`);

--
-- Indices de la tabla `lugar`
--
ALTER TABLE `lugar`
  ADD PRIMARY KEY (`id`);

--
-- Indices de la tabla `mensajes`
--
ALTER TABLE `mensajes`
  ADD PRIMARY KEY (`id`),
  ADD KEY `id_user` (`id_user`),
  ADD KEY `id_user_mensaje` (`id_user_mensaje`);

--
-- Indices de la tabla `noticias`
--
ALTER TABLE `noticias`
  ADD PRIMARY KEY (`id`),
  ADD KEY `id_user` (`id_user`) USING BTREE;

--
-- Indices de la tabla `observaciones`
--
ALTER TABLE `observaciones`
  ADD PRIMARY KEY (`id`),
  ADD KEY `id_estudiante` (`id_estudiante`);

--
-- Indices de la tabla `observaciones_dominio_ficha`
--
ALTER TABLE `observaciones_dominio_ficha`
  ADD PRIMARY KEY (`id`),
  ADD KEY `observaciones_dominio_ficha_ibfk_1` (`id_dominio`),
  ADD KEY `id_formulario_ficha_salud` (`id_formulario_ficha_salud`);

--
-- Indices de la tabla `password_resets`
--
ALTER TABLE `password_resets`
  ADD KEY `password_resets_email_index` (`email`);

--
-- Indices de la tabla `preguntas`
--
ALTER TABLE `preguntas`
  ADD PRIMARY KEY (`id`),
  ADD KEY `id_dominio` (`id_dominio`);

--
-- Indices de la tabla `prevencions`
--
ALTER TABLE `prevencions`
  ADD PRIMARY KEY (`id`),
  ADD KEY `id_user` (`id_user`),
  ADD KEY `tipo` (`tipo`);

--
-- Indices de la tabla `respuestas`
--
ALTER TABLE `respuestas`
  ADD PRIMARY KEY (`id`),
  ADD KEY `id_preguntas` (`id_preguntas`),
  ADD KEY `id_formulario_ficha_salud` (`id_formulario_ficha_salud`);

--
-- Indices de la tabla `respuestas_select_dinamico`
--
ALTER TABLE `respuestas_select_dinamico`
  ADD PRIMARY KEY (`id`),
  ADD KEY `id_preguntas` (`id_preguntas`);

--
-- Indices de la tabla `rols`
--
ALTER TABLE `rols`
  ADD PRIMARY KEY (`id`);

--
-- Indices de la tabla `slides`
--
ALTER TABLE `slides`
  ADD PRIMARY KEY (`id`),
  ADD KEY `id_user` (`id_user`);

--
-- Indices de la tabla `users`
--
ALTER TABLE `users`
  ADD PRIMARY KEY (`id`),
  ADD KEY `id_institucion` (`id_institucion`),
  ADD KEY `id_rol` (`id_rol`) USING BTREE,
  ADD KEY `id_estudiante` (`id_estudiante`);

--
-- Indices de la tabla `valorizacion`
--
ALTER TABLE `valorizacion`
  ADD PRIMARY KEY (`id`);

--
-- Indices de la tabla `visitas`
--
ALTER TABLE `visitas`
  ADD PRIMARY KEY (`id`);

--
-- AUTO_INCREMENT de las tablas volcadas
--

--
-- AUTO_INCREMENT de la tabla `antecedentes`
--
ALTER TABLE `antecedentes`
  MODIFY `id` int(11) NOT NULL AUTO_INCREMENT, AUTO_INCREMENT=5;
--
-- AUTO_INCREMENT de la tabla `antecedentes_tipos`
--
ALTER TABLE `antecedentes_tipos`
  MODIFY `id` int(11) NOT NULL AUTO_INCREMENT, AUTO_INCREMENT=53;
--
-- AUTO_INCREMENT de la tabla `contactenos`
--
ALTER TABLE `contactenos`
  MODIFY `id` int(11) NOT NULL AUTO_INCREMENT, AUTO_INCREMENT=4;
--
-- AUTO_INCREMENT de la tabla `directorios`
--
ALTER TABLE `directorios`
  MODIFY `id` int(11) NOT NULL AUTO_INCREMENT, AUTO_INCREMENT=6;
--
-- AUTO_INCREMENT de la tabla `dominios`
--
ALTER TABLE `dominios`
  MODIFY `id` int(11) NOT NULL AUTO_INCREMENT, AUTO_INCREMENT=15;
--
-- AUTO_INCREMENT de la tabla `estudiantes`
--
ALTER TABLE `estudiantes`
  MODIFY `id` int(11) NOT NULL AUTO_INCREMENT, AUTO_INCREMENT=234;
--
-- AUTO_INCREMENT de la tabla `eventos`
--
ALTER TABLE `eventos`
  MODIFY `id` int(11) NOT NULL AUTO_INCREMENT, AUTO_INCREMENT=10;
--
-- AUTO_INCREMENT de la tabla `ficha_saluds`
--
ALTER TABLE `ficha_saluds`
  MODIFY `id` int(11) NOT NULL AUTO_INCREMENT, AUTO_INCREMENT=28;
--
-- AUTO_INCREMENT de la tabla `formulario_ficha_salud`
--
ALTER TABLE `formulario_ficha_salud`
  MODIFY `id` int(11) NOT NULL AUTO_INCREMENT, AUTO_INCREMENT=97;
--
-- AUTO_INCREMENT de la tabla `institucions`
--
ALTER TABLE `institucions`
  MODIFY `id` int(11) NOT NULL AUTO_INCREMENT, AUTO_INCREMENT=5;
--
-- AUTO_INCREMENT de la tabla `lugar`
--
ALTER TABLE `lugar`
  MODIFY `id` int(11) NOT NULL AUTO_INCREMENT, AUTO_INCREMENT=127;
--
-- AUTO_INCREMENT de la tabla `mensajes`
--
ALTER TABLE `mensajes`
  MODIFY `id` int(11) NOT NULL AUTO_INCREMENT, AUTO_INCREMENT=31;
--
-- AUTO_INCREMENT de la tabla `noticias`
--
ALTER TABLE `noticias`
  MODIFY `id` int(11) NOT NULL AUTO_INCREMENT, AUTO_INCREMENT=6;
--
-- AUTO_INCREMENT de la tabla `observaciones`
--
ALTER TABLE `observaciones`
  MODIFY `id` int(11) NOT NULL AUTO_INCREMENT, AUTO_INCREMENT=14;
--
-- AUTO_INCREMENT de la tabla `observaciones_dominio_ficha`
--
ALTER TABLE `observaciones_dominio_ficha`
  MODIFY `id` int(11) NOT NULL AUTO_INCREMENT, AUTO_INCREMENT=406;
--
-- AUTO_INCREMENT de la tabla `preguntas`
--
ALTER TABLE `preguntas`
  MODIFY `id` int(11) NOT NULL AUTO_INCREMENT, AUTO_INCREMENT=74;
--
-- AUTO_INCREMENT de la tabla `prevencions`
--
ALTER TABLE `prevencions`
  MODIFY `id` int(11) NOT NULL AUTO_INCREMENT, AUTO_INCREMENT=12;
--
-- AUTO_INCREMENT de la tabla `respuestas`
--
ALTER TABLE `respuestas`
  MODIFY `id` int(11) NOT NULL AUTO_INCREMENT, AUTO_INCREMENT=3445;
--
-- AUTO_INCREMENT de la tabla `respuestas_select_dinamico`
--
ALTER TABLE `respuestas_select_dinamico`
  MODIFY `id` int(11) NOT NULL AUTO_INCREMENT, AUTO_INCREMENT=106;
--
-- AUTO_INCREMENT de la tabla `rols`
--
ALTER TABLE `rols`
  MODIFY `id` int(11) NOT NULL AUTO_INCREMENT, AUTO_INCREMENT=8;
--
-- AUTO_INCREMENT de la tabla `slides`
--
ALTER TABLE `slides`
  MODIFY `id` int(11) NOT NULL AUTO_INCREMENT, AUTO_INCREMENT=5;
--
-- AUTO_INCREMENT de la tabla `users`
--
ALTER TABLE `users`
  MODIFY `id` int(11) NOT NULL AUTO_INCREMENT, AUTO_INCREMENT=73;
--
-- AUTO_INCREMENT de la tabla `valorizacion`
--
ALTER TABLE `valorizacion`
  MODIFY `id` int(11) NOT NULL AUTO_INCREMENT;
--
-- AUTO_INCREMENT de la tabla `visitas`
--
ALTER TABLE `visitas`
  MODIFY `id` int(11) NOT NULL AUTO_INCREMENT, AUTO_INCREMENT=130;
--
-- Restricciones para tablas volcadas
--

--
-- Filtros para la tabla `antecedentes_tipos`
--
ALTER TABLE `antecedentes_tipos`
  ADD CONSTRAINT `antecedentes_tipos_ibfk_1` FOREIGN KEY (`id_antecedentes`) REFERENCES `antecedentes` (`id`) ON DELETE CASCADE ON UPDATE CASCADE;

--
-- Filtros para la tabla `contactenos`
--
ALTER TABLE `contactenos`
  ADD CONSTRAINT `contactenos_ibfk_1` FOREIGN KEY (`institucion`) REFERENCES `institucions` (`id`);

--
-- Filtros para la tabla `directorios`
--
ALTER TABLE `directorios`
  ADD CONSTRAINT `directorios_ibfk_1` FOREIGN KEY (`id_user`) REFERENCES `users` (`id`);

--
-- Filtros para la tabla `estudiantes`
--
ALTER TABLE `estudiantes`
  ADD CONSTRAINT `estudiantes_ibfk_1` FOREIGN KEY (`id_institucion`) REFERENCES `institucions` (`id`) ON DELETE CASCADE ON UPDATE CASCADE;

--
-- Filtros para la tabla `eventos`
--
ALTER TABLE `eventos`
  ADD CONSTRAINT `eventos_ibfk_1` FOREIGN KEY (`id_user`) REFERENCES `users` (`id`) ON DELETE CASCADE ON UPDATE CASCADE;

--
-- Filtros para la tabla `ficha_saluds`
--
ALTER TABLE `ficha_saluds`
  ADD CONSTRAINT `ficha_saluds_ibfk_1` FOREIGN KEY (`id_estudiante`) REFERENCES `estudiantes` (`id`) ON DELETE CASCADE ON UPDATE CASCADE,
  ADD CONSTRAINT `ficha_saluds_ibfk_2` FOREIGN KEY (`id_antecedentes_tipo`) REFERENCES `antecedentes_tipos` (`id`) ON DELETE CASCADE ON UPDATE CASCADE;

--
-- Filtros para la tabla `formulario_ficha_salud`
--
ALTER TABLE `formulario_ficha_salud`
  ADD CONSTRAINT `formulario_ficha_salud_ibfk_1` FOREIGN KEY (`id_estudiante`) REFERENCES `estudiantes` (`id`) ON DELETE CASCADE ON UPDATE CASCADE;

--
-- Filtros para la tabla `mensajes`
--
ALTER TABLE `mensajes`
  ADD CONSTRAINT `mensajes_ibfk_1` FOREIGN KEY (`id_user`) REFERENCES `users` (`id`),
  ADD CONSTRAINT `mensajes_ibfk_2` FOREIGN KEY (`id_user_mensaje`) REFERENCES `users` (`id`);

--
-- Filtros para la tabla `noticias`
--
ALTER TABLE `noticias`
  ADD CONSTRAINT `noticias_ibfk_1` FOREIGN KEY (`id_user`) REFERENCES `users` (`id`) ON DELETE CASCADE ON UPDATE CASCADE;

--
-- Filtros para la tabla `observaciones`
--
ALTER TABLE `observaciones`
  ADD CONSTRAINT `observaciones_ibfk_1` FOREIGN KEY (`id_estudiante`) REFERENCES `estudiantes` (`id`) ON DELETE CASCADE ON UPDATE CASCADE;

--
-- Filtros para la tabla `observaciones_dominio_ficha`
--
ALTER TABLE `observaciones_dominio_ficha`
  ADD CONSTRAINT `observaciones_dominio_ficha_ibfk_1` FOREIGN KEY (`id_dominio`) REFERENCES `dominios` (`id`) ON DELETE CASCADE ON UPDATE CASCADE,
  ADD CONSTRAINT `observaciones_dominio_ficha_ibfk_2` FOREIGN KEY (`id_formulario_ficha_salud`) REFERENCES `formulario_ficha_salud` (`id`) ON DELETE CASCADE ON UPDATE CASCADE;

--
-- Filtros para la tabla `preguntas`
--
ALTER TABLE `preguntas`
  ADD CONSTRAINT `preguntas_ibfk_1` FOREIGN KEY (`id_dominio`) REFERENCES `dominios` (`id`) ON DELETE CASCADE ON UPDATE CASCADE;

--
-- Filtros para la tabla `prevencions`
--
ALTER TABLE `prevencions`
  ADD CONSTRAINT `prevencions_ibfk_2` FOREIGN KEY (`id_user`) REFERENCES `users` (`id`),
  ADD CONSTRAINT `prevencions_ibfk_3` FOREIGN KEY (`tipo`) REFERENCES `dominios` (`id`) ON DELETE CASCADE ON UPDATE CASCADE;

--
-- Filtros para la tabla `respuestas`
--
ALTER TABLE `respuestas`
  ADD CONSTRAINT `respuestas_ibfk_2` FOREIGN KEY (`id_formulario_ficha_salud`) REFERENCES `formulario_ficha_salud` (`id`) ON DELETE CASCADE ON UPDATE CASCADE,
  ADD CONSTRAINT `respuestas_ibfk_3` FOREIGN KEY (`id_preguntas`) REFERENCES `preguntas` (`id`) ON DELETE CASCADE ON UPDATE CASCADE;

--
-- Filtros para la tabla `respuestas_select_dinamico`
--
ALTER TABLE `respuestas_select_dinamico`
  ADD CONSTRAINT `respuestas_select_dinamico_ibfk_1` FOREIGN KEY (`id_preguntas`) REFERENCES `preguntas` (`id`) ON DELETE CASCADE ON UPDATE CASCADE;

--
-- Filtros para la tabla `slides`
--
ALTER TABLE `slides`
  ADD CONSTRAINT `slides_ibfk_1` FOREIGN KEY (`id_user`) REFERENCES `users` (`id`) ON DELETE CASCADE ON UPDATE CASCADE;

--
-- Filtros para la tabla `users`
--
ALTER TABLE `users`
  ADD CONSTRAINT `users_ibfk_1` FOREIGN KEY (`id_institucion`) REFERENCES `institucions` (`id`) ON DELETE CASCADE ON UPDATE CASCADE,
  ADD CONSTRAINT `users_ibfk_2` FOREIGN KEY (`id_rol`) REFERENCES `rols` (`id`) ON DELETE CASCADE ON UPDATE CASCADE,
  ADD CONSTRAINT `users_ibfk_3` FOREIGN KEY (`id_estudiante`) REFERENCES `estudiantes` (`id`) ON DELETE CASCADE ON UPDATE CASCADE;

/*!40101 SET CHARACTER_SET_CLIENT=@OLD_CHARACTER_SET_CLIENT */;
/*!40101 SET CHARACTER_SET_RESULTS=@OLD_CHARACTER_SET_RESULTS */;
/*!40101 SET COLLATION_CONNECTION=@OLD_COLLATION_CONNECTION */;
